case,workers,binary,sha256,round,rows,groups,cold_ms,peak_rss_kib,result_sha256,warm_median_ms,warm_1_ms,warm_2_ms,warm_3_ms,warm_4_ms,warm_5_ms
sum-bool,1,baseline,f9ed90d41e7bff92707a796e4677772351a23e53a6e148cf831a3feb92ae880e,1,1000000,65536,2.84029,71188,3a422bd9b13a7dd1317a73bf9bc8f1ebb834620bbc623153bb60a62d1f0ddbed,2.69803,2.69338,2.69803,2.69106,2.7116,2.70644
sum-bool,1,current,1003a83830e8b12ae1cb86bdec98af3d649ae54404b59a1466ec31548b149353,1,1000000,65536,1.83958,71028,3a422bd9b13a7dd1317a73bf9bc8f1ebb834620bbc623153bb60a62d1f0ddbed,1.66011,1.67381,1.66224,1.6541,1.65769,1.66011
sum-bool,2,baseline,f9ed90d41e7bff92707a796e4677772351a23e53a6e148cf831a3feb92ae880e,1,1000000,65536,1.98643,95924,3a422bd9b13a7dd1317a73bf9bc8f1ebb834620bbc623153bb60a62d1f0ddbed,1.72391,1.72391,1.95374,1.69098,1.82202,1.68245
sum-bool,2,current,1003a83830e8b12ae1cb86bdec98af3d649ae54404b59a1466ec31548b149353,1,1000000,65536,1.22503,81584,3a422bd9b13a7dd1317a73bf9bc8f1ebb834620bbc623153bb60a62d1f0ddbed,1.11582,1.11817,1.11582,1.11727,1.11338,1.11132
sum-bool,4,baseline,f9ed90d41e7bff92707a796e4677772351a23e53a6e148cf831a3feb92ae880e,1,1000000,65536,1.45689,126948,3a422bd9b13a7dd1317a73bf9bc8f1ebb834620bbc623153bb60a62d1f0ddbed,1.44421,1.55263,1.34111,1.7022,1.32502,1.44421
sum-bool,4,current,1003a83830e8b12ae1cb86bdec98af3d649ae54404b59a1466ec31548b149353,1,1000000,65536,1.56088,102120,3a422bd9b13a7dd1317a73bf9bc8f1ebb834620bbc623153bb60a62d1f0ddbed,0.734525,1.38769,0.735753,0.731474,0.73046,0.734525
sum-bool,8,baseline,f9ed90d41e7bff92707a796e4677772351a23e53a6e148cf831a3feb92ae880e,1,1000000,65536,2.78327,199900,3a422bd9b13a7dd1317a73bf9bc8f1ebb834620bbc623153bb60a62d1f0ddbed,2.76534,2.76534,1.8398,3.20719,2.46263,2.90919
sum-bool,8,current,1003a83830e8b12ae1cb86bdec98af3d649ae54404b59a1466ec31548b149353,1,1000000,65536,1.78182,142920,3a422bd9b13a7dd1317a73bf9bc8f1ebb834620bbc623153bb60a62d1f0ddbed,1.53973,1.67467,1.68282,1.53973,1.11691,1.19448
sum-bool,16,baseline,f9ed90d41e7bff92707a796e4677772351a23e53a6e148cf831a3feb92ae880e,1,1000000,65536,5.14442,348288,3a422bd9b13a7dd1317a73bf9bc8f1ebb834620bbc623153bb60a62d1f0ddbed,5.20144,4.7971,4.66656,6.50888,5.20144,6.0742
sum-bool,16,current,1003a83830e8b12ae1cb86bdec98af3d649ae54404b59a1466ec31548b149353,1,1000000,65536,0.996806,225176,3a422bd9b13a7dd1317a73bf9bc8f1ebb834620bbc623153bb60a62d1f0ddbed,0.918078,0.791002,0.918078,0.929396,0.940238,0.80067
sum-bool,default,baseline,f9ed90d41e7bff92707a796e4677772351a23e53a6e148cf831a3feb92ae880e,1,1000000,65536,3.91682,749624,3a422bd9b13a7dd1317a73bf9bc8f1ebb834620bbc623153bb60a62d1f0ddbed,5.28817,5.28817,5.10961,6.28428,5.2399,6.18588
sum-bool,default,current,1003a83830e8b12ae1cb86bdec98af3d649ae54404b59a1466ec31548b149353,1,1000000,65536,0.839015,348196,3a422bd9b13a7dd1317a73bf9bc8f1ebb834620bbc623153bb60a62d1f0ddbed,0.643422,0.699736,0.643422,0.625711,0.714956,0.615977
extrema-bool,1,baseline,f9ed90d41e7bff92707a796e4677772351a23e53a6e148cf831a3feb92ae880e,1,1000000,65536,3.19557,71028,11a2b43ddb236cf91744ab8f1ced269bcd7426c87a195977b338f9c480bfea34,3.02039,3.03857,2.98298,2.95707,3.02747,3.02039
extrema-bool,1,current,1003a83830e8b12ae1cb86bdec98af3d649ae54404b59a1466ec31548b149353,1,1000000,65536,2.84382,71208,11a2b43ddb236cf91744ab8f1ced269bcd7426c87a195977b338f9c480bfea34,2.62084,2.65252,2.62084,2.61993,2.61404,2.63297
extrema-bool,2,baseline,f9ed90d41e7bff92707a796e4677772351a23e53a6e148cf831a3feb92ae880e,1,1000000,65536,2.4467,104088,11a2b43ddb236cf91744ab8f1ced269bcd7426c87a195977b338f9c480bfea34,2.23056,2.55055,2.32675,1.97633,2.23056,1.99682
extrema-bool,2,current,1003a83830e8b12ae1cb86bdec98af3d649ae54404b59a1466ec31548b149353,1,1000000,65536,1.8371,81524,11a2b43ddb236cf91744ab8f1ced269bcd7426c87a195977b338f9c480bfea34,1.73467,1.73584,1.73467,1.73169,1.76625,1.72338
extrema-bool,4,baseline,f9ed90d41e7bff92707a796e4677772351a23e53a6e148cf831a3feb92ae880e,1,1000000,65536,1.95792,169416,11a2b43ddb236cf91744ab8f1ced269bcd7426c87a195977b338f9c480bfea34,2.04509,2.04509,2.43805,1.69009,2.07742,1.80743
extrema-bool,4,current,1003a83830e8b12ae1cb86bdec98af3d649ae54404b59a1466ec31548b149353,1,1000000,65536,2.06788,101976,11a2b43ddb236cf91744ab8f1ced269bcd7426c87a195977b338f9c480bfea34,1.1646,1.27576,1.23234,1.1646,1.16086,1.14701
extrema-bool,8,baseline,f9ed90d41e7bff92707a796e4677772351a23e53a6e148cf831a3feb92ae880e,1,1000000,65536,3.35131,300728,11a2b43ddb236cf91744ab8f1ced269bcd7426c87a195977b338f9c480bfea34,3.60044,3.60044,3.18023,4.41703,3.61146,3.04843
extrema-bool,8,current,1003a83830e8b12ae1cb86bdec98af3d649ae54404b59a1466ec31548b149353,1,1000000,65536,2.28211,143196,11a2b43ddb236cf91744ab8f1ced269bcd7426c87a195977b338f9c480bfea34,1.72616,2.26358,1.99024,1.62486,1.63282,1.72616
extrema-bool,16,baseline,f9ed90d41e7bff92707a796e4677772351a23e53a6e148cf831a3feb92ae880e,1,1000000,65536,3.79115,507888,11a2b43ddb236cf91744ab8f1ced269bcd7426c87a195977b338f9c480bfea34,4.63651,4.2763,4.91498,4.63651,3.84428,5.52086
extrema-bool,16,current,1003a83830e8b12ae1cb86bdec98af3d649ae54404b59a1466ec31548b149353,1,1000000,65536,1.13552,225128,11a2b43ddb236cf91744ab8f1ced269bcd7426c87a195977b338f9c480bfea34,1.83127,1.51155,1.47836,1.83127,1.9465,1.8874
extrema-bool,default,baseline,f9ed90d41e7bff92707a796e4677772351a23e53a6e148cf831a3feb92ae880e,1,1000000,65536,4.13591,809292,11a2b43ddb236cf91744ab8f1ced269bcd7426c87a195977b338f9c480bfea34,5.60263,5.39616,6.54593,4.74846,5.60263,8.72862
extrema-bool,default,current,1003a83830e8b12ae1cb86bdec98af3d649ae54404b59a1466ec31548b149353,1,1000000,65536,0.988766,348356,11a2b43ddb236cf91744ab8f1ced269bcd7426c87a195977b338f9c480bfea34,0.814595,0.879929,0.836259,0.805611,0.805832,0.814595
sum-u8,1,baseline,f9ed90d41e7bff92707a796e4677772351a23e53a6e148cf831a3feb92ae880e,1,1000000,65536,2.87442,70932,6ee3c77ffbcfa78658c6e2d83db34cfa1d1e7dee8b7b22b8a489f69ac294492f,2.69868,2.69868,2.69519,2.68813,2.71272,2.7044
sum-u8,1,current,1003a83830e8b12ae1cb86bdec98af3d649ae54404b59a1466ec31548b149353,1,1000000,65536,1.82349,71536,6ee3c77ffbcfa78658c6e2d83db34cfa1d1e7dee8b7b22b8a489f69ac294492f,1.65574,1.66772,1.65512,1.65544,1.66702,1.65574
sum-u8,2,baseline,f9ed90d41e7bff92707a796e4677772351a23e53a6e148cf831a3feb92ae880e,1,1000000,65536,2.03569,95920,6ee3c77ffbcfa78658c6e2d83db34cfa1d1e7dee8b7b22b8a489f69ac294492f,1.7313,1.7313,1.99937,1.7188,1.82547,1.68594
sum-u8,2,current,1003a83830e8b12ae1cb86bdec98af3d649ae54404b59a1466ec31548b149353,1,1000000,65536,1.45635,81744,6ee3c77ffbcfa78658c6e2d83db34cfa1d1e7dee8b7b22b8a489f69ac294492f,1.1986,1.2939,1.29231,1.1986,1.17552,1.11363
sum-u8,4,baseline,f9ed90d41e7bff92707a796e4677772351a23e53a6e148cf831a3feb92ae880e,1,1000000,65536,2.06063,126740,6ee3c77ffbcfa78658c6e2d83db34cfa1d1e7dee8b7b22b8a489f69ac294492f,1.91371,2.20243,1.91371,2.4272,1.87738,1.4149
sum-u8,4,current,1003a83830e8b12ae1cb86bdec98af3d649ae54404b59a1466ec31548b149353,1,1000000,65536,1.61996,102036,6ee3c77ffbcfa78658c6e2d83db34cfa1d1e7dee8b7b22b8a489f69ac294492f,1.43282,1.58715,1.49256,1.43282,1.42859,1.42507
sum-u8,8,baseline,f9ed90d41e7bff92707a796e4677772351a23e53a6e148cf831a3feb92ae880e,1,1000000,65536,3.27418,200560,6ee3c77ffbcfa78658c6e2d83db34cfa1d1e7dee8b7b22b8a489f69ac294492f,3.1271,3.32739,2.93051,3.75022,3.1271,2.96594
sum-u8,8,current,1003a83830e8b12ae1cb86bdec98af3d649ae54404b59a1466ec31548b149353,1,1000000,65536,1.50413,143120,6ee3c77ffbcfa78658c6e2d83db34cfa1d1e7dee8b7b22b8a489f69ac294492f,1.37373,1.37279,1.40417,1.51601,1.36798,1.37373
sum-u8,16,baseline,f9ed90d41e7bff92707a796e4677772351a23e53a6e148cf831a3feb92ae880e,1,1000000,65536,5.09348,348236,6ee3c77ffbcfa78658c6e2d83db34cfa1d1e7dee8b7b22b8a489f69ac294492f,5.15294,5.46629,5.15294,5.49655,4.08691,4.78483
sum-u8,16,current,1003a83830e8b12ae1cb86bdec98af3d649ae54404b59a1466ec31548b149353,1,1000000,65536,1.04345,225136,6ee3c77ffbcfa78658c6e2d83db34cfa1d1e7dee8b7b22b8a489f69ac294492f,0.884019,0.884019,0.946074,0.815991,0.925342,0.835646
sum-u8,default,baseline,f9ed90d41e7bff92707a796e4677772351a23e53a6e148cf831a3feb92ae880e,1,1000000,65536,4.04075,756084,6ee3c77ffbcfa78658c6e2d83db34cfa1d1e7dee8b7b22b8a489f69ac294492f,4.8532,4.85175,4.41111,6.24515,4.8532,5.48187
sum-u8,default,current,1003a83830e8b12ae1cb86bdec98af3d649ae54404b59a1466ec31548b149353,1,1000000,65536,0.797461,348112,6ee3c77ffbcfa78658c6e2d83db34cfa1d1e7dee8b7b22b8a489f69ac294492f,1.36317,0.68255,1.29027,1.36317,1.49408,1.3846
extrema-u8,1,baseline,f9ed90d41e7bff92707a796e4677772351a23e53a6e148cf831a3feb92ae880e,1,1000000,65536,3.29172,70728,865618857312d182f2e0f74b03c647f75d8a300ec949898790a3af65cf896f38,3.0048,2.95851,3.00506,3.0048,2.95557,3.04542
extrema-u8,1,current,1003a83830e8b12ae1cb86bdec98af3d649ae54404b59a1466ec31548b149353,1,1000000,65536,3.08847,71264,865618857312d182f2e0f74b03c647f75d8a300ec949898790a3af65cf896f38,2.80163,2.84814,2.82755,2.80163,2.75288,2.7626
extrema-u8,2,baseline,f9ed90d41e7bff92707a796e4677772351a23e53a6e148cf831a3feb92ae880e,1,1000000,65536,2.76971,103816,865618857312d182f2e0f74b03c647f75d8a300ec949898790a3af65cf896f38,2.2824,2.58948,2.4022,2.03546,2.2824,2.08734
extrema-u8,2,current,1003a83830e8b12ae1cb86bdec98af3d649ae54404b59a1466ec31548b149353,1,1000000,65536,2.15706,81532,865618857312d182f2e0f74b03c647f75d8a300ec949898790a3af65cf896f38,1.87726,1.9192,1.87726,1.88585,1.86188,1.84688
extrema-u8,4,baseline,f9ed90d41e7bff92707a796e4677772351a23e53a6e148cf831a3feb92ae880e,1,1000000,65536,2.89413,169504,865618857312d182f2e0f74b03c647f75d8a300ec949898790a3af65cf896f38,2.06043,2.62644,2.41707,1.82885,2.06043,1.86134
extrema-u8,4,current,1003a83830e8b12ae1cb86bdec98af3d649ae54404b59a1466ec31548b149353,1,1000000,65536,1.6939,102360,865618857312d182f2e0f74b03c647f75d8a300ec949898790a3af65cf896f38,1.28068,1.4003,1.29125,1.28068,1.26719,1.27358
extrema-u8,8,baseline,f9ed90d41e7bff92707a796e4677772351a23e53a6e148cf831a3feb92ae880e,1,1000000,65536,2.84083,300744,865618857312d182f2e0f74b03c647f75d8a300ec949898790a3af65cf896f38,2.81285,3.3643,2.45228,3.03001,2.49659,2.81285
extrema-u8,8,current,1003a83830e8b12ae1cb86bdec98af3d649ae54404b59a1466ec31548b149353,1,1000000,65536,1.95566,142896,865618857312d182f2e0f74b03c647f75d8a300ec949898790a3af65cf896f38,2.00885,1.94925,1.94615,2.00885,2.18242,2.18841
extrema-u8,16,baseline,f9ed90d41e7bff92707a796e4677772351a23e53a6e148cf831a3feb92ae880e,1,1000000,65536,3.86416,511956,865618857312d182f2e0f74b03c647f75d8a300ec949898790a3af65cf896f38,4.22231,4.22231,4.95308,4.14618,3.75908,5.45574
extrema-u8,16,current,1003a83830e8b12ae1cb86bdec98af3d649ae54404b59a1466ec31548b149353,1,1000000,65536,1.21197,225216,865618857312d182f2e0f74b03c647f75d8a300ec949898790a3af65cf896f38,1.15331,1.2029,1.15979,1.15331,1.14639,1.12049
extrema-u8,default,baseline,f9ed90d41e7bff92707a796e4677772351a23e53a6e148cf831a3feb92ae880e,1,1000000,65536,4.1046,786732,865618857312d182f2e0f74b03c647f75d8a300ec949898790a3af65cf896f38,6.30159,4.93492,6.30159,4.36774,6.92823,6.6932
extrema-u8,default,current,1003a83830e8b12ae1cb86bdec98af3d649ae54404b59a1466ec31548b149353,1,1000000,65536,1.04023,348556,865618857312d182f2e0f74b03c647f75d8a300ec949898790a3af65cf896f38,0.899765,0.908493,0.871367,0.879776,0.899765,0.906541
sum-i16,1,baseline,f9ed90d41e7bff92707a796e4677772351a23e53a6e148cf831a3feb92ae880e,1,1000000,65536,2.89775,71020,67815070ec5e825828d32b5e6b3a37db6aa89f046b6f7390a537494ae110c572,2.77812,2.82442,2.79117,2.77499,2.75549,2.77812
sum-i16,1,current,1003a83830e8b12ae1cb86bdec98af3d649ae54404b59a1466ec31548b149353,1,1000000,65536,1.82626,71200,67815070ec5e825828d32b5e6b3a37db6aa89f046b6f7390a537494ae110c572,1.66239,1.66239,1.65782,1.66249,1.66178,1.6702
sum-i16,2,baseline,f9ed90d41e7bff92707a796e4677772351a23e53a6e148cf831a3feb92ae880e,1,1000000,65536,2.12622,96160,67815070ec5e825828d32b5e6b3a37db6aa89f046b6f7390a537494ae110c572,1.73741,1.73741,1.99618,1.72421,1.85394,1.71025
sum-i16,2,current,1003a83830e8b12ae1cb86bdec98af3d649ae54404b59a1466ec31548b149353,1,1000000,65536,1.22018,81820,67815070ec5e825828d32b5e6b3a37db6aa89f046b6f7390a537494ae110c572,1.11574,1.12077,1.11574,1.11486,1.11916,1.11272
sum-i16,4,baseline,f9ed90d41e7bff92707a796e4677772351a23e53a6e148cf831a3feb92ae880e,1,1000000,65536,2.17748,126268,67815070ec5e825828d32b5e6b3a37db6aa89f046b6f7390a537494ae110c572,1.38873,1.88947,1.24751,1.59695,1.22203,1.38873
sum-i16,4,current,1003a83830e8b12ae1cb86bdec98af3d649ae54404b59a1466ec31548b149353,1,1000000,65536,0.903795,101956,67815070ec5e825828d32b5e6b3a37db6aa89f046b6f7390a537494ae110c572,0.740804,0.825396,0.740804,0.738327,0.732612,0.815267
sum-i16,8,baseline,f9ed90d41e7bff92707a796e4677772351a23e53a6e148cf831a3feb92ae880e,1,1000000,65536,3.52005,200588,67815070ec5e825828d32b5e6b3a37db6aa89f046b6f7390a537494ae110c572,2.9961,3.09517,2.71377,3.48076,2.6593,2.9961
sum-i16,8,current,1003a83830e8b12ae1cb86bdec98af3d649ae54404b59a1466ec31548b149353,1,1000000,65536,1.92831,161968,67815070ec5e825828d32b5e6b3a37db6aa89f046b6f7390a537494ae110c572,1.81483,2.52651,1.82925,1.81483,1.7314,1.75493
sum-i16,16,baseline,f9ed90d41e7bff92707a796e4677772351a23e53a6e148cf831a3feb92ae880e,1,1000000,65536,5.4798,345796,67815070ec5e825828d32b5e6b3a37db6aa89f046b6f7390a537494ae110c572,5.56419,5.09776,5.56419,5.68964,5.5041,5.58465
sum-i16,16,current,1003a83830e8b12ae1cb86bdec98af3d649ae54404b59a1466ec31548b149353,1,1000000,65536,1.05453,225344,67815070ec5e825828d32b5e6b3a37db6aa89f046b6f7390a537494ae110c572,0.872707,0.973037,0.872707,0.837555,0.933515,0.863656
sum-i16,default,baseline,f9ed90d41e7bff92707a796e4677772351a23e53a6e148cf831a3feb92ae880e,1,1000000,65536,4.03637,743480,67815070ec5e825828d32b5e6b3a37db6aa89f046b6f7390a537494ae110c572,5.31133,5.31133,4.79074,6.37936,4.84088,7.27584
sum-i16,default,current,1003a83830e8b12ae1cb86bdec98af3d649ae54404b59a1466ec31548b149353,1,1000000,65536,0.79728,348440,67815070ec5e825828d32b5e6b3a37db6aa89f046b6f7390a537494ae110c572,1.29041,0.669796,1.28662,1.55945,1.43481,1.29041
extrema-i16,1,baseline,f9ed90d41e7bff92707a796e4677772351a23e53a6e148cf831a3feb92ae880e,1,1000000,65536,3.91731,71016,4898738f30509da2f14fee436fc21c3382e34c12d831b3de2f193a08af899061,3.67714,3.66649,3.67714,3.74056,3.67438,3.76203
extrema-i16,1,current,1003a83830e8b12ae1cb86bdec98af3d649ae54404b59a1466ec31548b149353,1,1000000,65536,2.89722,71092,4898738f30509da2f14fee436fc21c3382e34c12d831b3de2f193a08af899061,2.70568,2.71448,2.701,2.73684,2.6997,2.70568
extrema-i16,2,baseline,f9ed90d41e7bff92707a796e4677772351a23e53a6e148cf831a3feb92ae880e,1,1000000,65536,3.39343,104000,4898738f30509da2f14fee436fc21c3382e34c12d831b3de2f193a08af899061,2.92125,3.09537,3.20204,2.68754,2.87872,2.92125
extrema-i16,2,current,1003a83830e8b12ae1cb86bdec98af3d649ae54404b59a1466ec31548b149353,1,1000000,65536,1.98565,81264,4898738f30509da2f14fee436fc21c3382e34c12d831b3de2f193a08af899061,1.85644,1.92609,1.87198,1.83723,1.81977,1.85644
extrema-i16,4,baseline,f9ed90d41e7bff92707a796e4677772351a23e53a6e148cf831a3feb92ae880e,1,1000000,65536,3.2415,169468,4898738f30509da2f14fee436fc21c3382e34c12d831b3de2f193a08af899061,2.40672,3.18106,2.69763,1.97352,2.40672,2.18912
extrema-i16,4,current,1003a83830e8b12ae1cb86bdec98af3d649ae54404b59a1466ec31548b149353,1,1000000,65536,1.36892,101996,4898738f30509da2f14fee436fc21c3382e34c12d831b3de2f193a08af899061,1.25062,1.25062,1.25083,1.25687,1.24374,1.22551
extrema-i16,8,baseline,f9ed90d41e7bff92707a796e4677772351a23e53a6e148cf831a3feb92ae880e,1,1000000,65536,2.57199,301116,4898738f30509da2f14fee436fc21c3382e34c12d831b3de2f193a08af899061,2.57657,2.7489,2.34147,3.08228,2.57657,2.41172
extrema-i16,8,current,1003a83830e8b12ae1cb86bdec98af3d649ae54404b59a1466ec31548b149353,1,1000000,65536,2.086,142952,4898738f30509da2f14fee436fc21c3382e34c12d831b3de2f193a08af899061,1.90926,1.86531,1.90926,1.90711,1.91446,1.93456
extrema-i16,16,baseline,f9ed90d41e7bff92707a796e4677772351a23e53a6e148cf831a3feb92ae880e,1,1000000,65536,4.00246,521792,4898738f30509da2f14fee436fc21c3382e34c12d831b3de2f193a08af899061,4.68394,4.68394,5.11797,4.56625,3.93047,5.26844
extrema-i16,16,current,1003a83830e8b12ae1cb86bdec98af3d649ae54404b59a1466ec31548b149353,1,1000000,65536,1.34213,225132,4898738f30509da2f14fee436fc21c3382e34c12d831b3de2f193a08af899061,1.41208,1.29081,1.30374,1.51365,1.56082,1.41208
extrema-i16,default,baseline,f9ed90d41e7bff92707a796e4677772351a23e53a6e148cf831a3feb92ae880e,1,1000000,65536,4.40969,788788,4898738f30509da2f14fee436fc21c3382e34c12d831b3de2f193a08af899061,7.14008,5.58003,7.14008,5.59483,8.07779,11.4438
extrema-i16,default,current,1003a83830e8b12ae1cb86bdec98af3d649ae54404b59a1466ec31548b149353,1,1000000,65536,1.09236,347924,4898738f30509da2f14fee436fc21c3382e34c12d831b3de2f193a08af899061,0.898898,0.898898,0.950776,0.881793,0.890838,0.941293
sum-i32,1,baseline,f9ed90d41e7bff92707a796e4677772351a23e53a6e148cf831a3feb92ae880e,1,1000000,65536,2.88167,71012,67815070ec5e825828d32b5e6b3a37db6aa89f046b6f7390a537494ae110c572,2.74592,2.73498,2.73214,2.75758,2.75346,2.74592
sum-i32,1,current,1003a83830e8b12ae1cb86bdec98af3d649ae54404b59a1466ec31548b149353,1,1000000,65536,1.86791,70916,67815070ec5e825828d32b5e6b3a37db6aa89f046b6f7390a537494ae110c572,1.69419,1.72918,1.69419,1.69984,1.68206,1.68109
sum-i32,2,baseline,f9ed90d41e7bff92707a796e4677772351a23e53a6e148cf831a3feb92ae880e,1,1000000,65536,2.10598,95908,67815070ec5e825828d32b5e6b3a37db6aa89f046b6f7390a537494ae110c572,1.79,1.79,2.1591,1.74042,1.86512,1.71671
sum-i32,2,current,1003a83830e8b12ae1cb86bdec98af3d649ae54404b59a1466ec31548b149353,1,1000000,65536,1.26256,81484,67815070ec5e825828d32b5e6b3a37db6aa89f046b6f7390a537494ae110c572,1.12289,1.13623,1.12925,1.11939,1.12289,1.1172
sum-i32,4,baseline,f9ed90d41e7bff92707a796e4677772351a23e53a6e148cf831a3feb92ae880e,1,1000000,65536,2.14902,126220,67815070ec5e825828d32b5e6b3a37db6aa89f046b6f7390a537494ae110c572,1.54273,2.22347,1.54273,1.58564,1.21995,1.38908
sum-i32,4,current,1003a83830e8b12ae1cb86bdec98af3d649ae54404b59a1466ec31548b149353,1,1000000,65536,1.52026,101844,67815070ec5e825828d32b5e6b3a37db6aa89f046b6f7390a537494ae110c572,1.41931,1.36022,1.35901,1.44123,1.41931,1.85309
sum-i32,8,baseline,f9ed90d41e7bff92707a796e4677772351a23e53a6e148cf831a3feb92ae880e,1,1000000,65536,3.17427,200368,67815070ec5e825828d32b5e6b3a37db6aa89f046b6f7390a537494ae110c572,3.55899,4.3805,3.06307,3.74775,2.93948,3.55899
sum-i32,8,current,1003a83830e8b12ae1cb86bdec98af3d649ae54404b59a1466ec31548b149353,1,1000000,65536,2.31471,161556,67815070ec5e825828d32b5e6b3a37db6aa89f046b6f7390a537494ae110c572,1.1077,1.12382,1.1077,1.11467,1.09533,1.09382
sum-i32,16,baseline,f9ed90d41e7bff92707a796e4677772351a23e53a6e148cf831a3feb92ae880e,1,1000000,65536,4.95902,347860,67815070ec5e825828d32b5e6b3a37db6aa89f046b6f7390a537494ae110c572,5.45707,5.71295,4.40496,5.63328,4.11182,5.45707
sum-i32,16,current,1003a83830e8b12ae1cb86bdec98af3d649ae54404b59a1466ec31548b149353,1,1000000,65536,1.0332,225164,67815070ec5e825828d32b5e6b3a37db6aa89f046b6f7390a537494ae110c572,0.877543,0.893425,0.776848,0.915086,0.877543,0.864
sum-i32,default,baseline,f9ed90d41e7bff92707a796e4677772351a23e53a6e148cf831a3feb92ae880e,1,1000000,65536,4.21954,747880,67815070ec5e825828d32b5e6b3a37db6aa89f046b6f7390a537494ae110c572,5.05723,5.05723,4.11742,6.54461,5.71183,4.5997
sum-i32,default,current,1003a83830e8b12ae1cb86bdec98af3d649ae54404b59a1466ec31548b149353,1,1000000,65536,0.773389,348668,67815070ec5e825828d32b5e6b3a37db6aa89f046b6f7390a537494ae110c572,0.633517,0.731906,0.671649,0.633517,0.602312,0.630896
extrema-i32,1,baseline,f9ed90d41e7bff92707a796e4677772351a23e53a6e148cf831a3feb92ae880e,1,1000000,65536,3.83955,71292,4898738f30509da2f14fee436fc21c3382e34c12d831b3de2f193a08af899061,3.70808,3.6211,3.71087,3.74143,3.70808,3.70338
extrema-i32,1,current,1003a83830e8b12ae1cb86bdec98af3d649ae54404b59a1466ec31548b149353,1,1000000,65536,2.9813,71212,4898738f30509da2f14fee436fc21c3382e34c12d831b3de2f193a08af899061,2.75414,2.77207,2.78026,2.72367,2.73333,2.75414
extrema-i32,2,baseline,f9ed90d41e7bff92707a796e4677772351a23e53a6e148cf831a3feb92ae880e,1,1000000,65536,2.72761,104104,4898738f30509da2f14fee436fc21c3382e34c12d831b3de2f193a08af899061,2.72257,2.97785,2.72257,2.47591,2.84472,2.61447
extrema-i32,2,current,1003a83830e8b12ae1cb86bdec98af3d649ae54404b59a1466ec31548b149353,1,1000000,65536,1.98594,81540,4898738f30509da2f14fee436fc21c3382e34c12d831b3de2f193a08af899061,1.83091,1.83242,1.83091,1.83172,1.82626,1.83024
extrema-i32,4,baseline,f9ed90d41e7bff92707a796e4677772351a23e53a6e148cf831a3feb92ae880e,1,1000000,65536,2.23503,169680,4898738f30509da2f14fee436fc21c3382e34c12d831b3de2f193a08af899061,2.33657,2.33657,2.72419,2.05254,2.34131,2.06144
extrema-i32,4,current,1003a83830e8b12ae1cb86bdec98af3d649ae54404b59a1466ec31548b149353,1,1000000,65536,2.47832,101908,4898738f30509da2f14fee436fc21c3382e34c12d831b3de2f193a08af899061,1.26274,2.30101,2.34428,1.24463,1.23061,1.26274
extrema-i32,8,baseline,f9ed90d41e7bff92707a796e4677772351a23e53a6e148cf831a3feb92ae880e,1,1000000,65536,3.05416,301020,4898738f30509da2f14fee436fc21c3382e34c12d831b3de2f193a08af899061,3.44323,3.61815,3.18637,4.30708,3.44323,2.99451
extrema-i32,8,current,1003a83830e8b12ae1cb86bdec98af3d649ae54404b59a1466ec31548b149353,1,1000000,65536,1.76638,142964,4898738f30509da2f14fee436fc21c3382e34c12d831b3de2f193a08af899061,1.71234,1.74748,1.4407,1.62862,1.71234,1.76693
extrema-i32,16,baseline,f9ed90d41e7bff92707a796e4677772351a23e53a6e148cf831a3feb92ae880e,1,1000000,65536,3.98146,524540,4898738f30509da2f14fee436fc21c3382e34c12d831b3de2f193a08af899061,4.71344,4.71344,5.61069,4.4217,4.1958,5.50827
extrema-i32,16,current,1003a83830e8b12ae1cb86bdec98af3d649ae54404b59a1466ec31548b149353,1,1000000,65536,1.47876,225084,4898738f30509da2f14fee436fc21c3382e34c12d831b3de2f193a08af899061,1.22097,1.23759,1.1688,1.11739,1.22097,1.23839
extrema-i32,default,baseline,f9ed90d41e7bff92707a796e4677772351a23e53a6e148cf831a3feb92ae880e,1,1000000,65536,4.78081,790660,4898738f30509da2f14fee436fc21c3382e34c12d831b3de2f193a08af899061,6.97303,5.40454,6.97303,4.89004,7.00367,8.38284
extrema-i32,default,current,1003a83830e8b12ae1cb86bdec98af3d649ae54404b59a1466ec31548b149353,1,1000000,65536,1.12598,348192,4898738f30509da2f14fee436fc21c3382e34c12d831b3de2f193a08af899061,0.898904,0.962722,0.910816,0.882919,0.895498,0.898904
sum-i64,1,baseline,f9ed90d41e7bff92707a796e4677772351a23e53a6e148cf831a3feb92ae880e,1,1000000,65536,2.87089,71284,67815070ec5e825828d32b5e6b3a37db6aa89f046b6f7390a537494ae110c572,2.77038,2.75185,2.88294,2.79721,2.77038,2.72137
sum-i64,1,current,1003a83830e8b12ae1cb86bdec98af3d649ae54404b59a1466ec31548b149353,1,1000000,65536,1.81832,71516,67815070ec5e825828d32b5e6b3a37db6aa89f046b6f7390a537494ae110c572,1.67541,1.68626,1.66998,1.67541,1.67656,1.67194
sum-i64,2,baseline,f9ed90d41e7bff92707a796e4677772351a23e53a6e148cf831a3feb92ae880e,1,1000000,65536,2.41509,95452,67815070ec5e825828d32b5e6b3a37db6aa89f046b6f7390a537494ae110c572,1.77134,1.73182,2.03726,1.74238,1.88921,1.77134
sum-i64,2,current,1003a83830e8b12ae1cb86bdec98af3d649ae54404b59a1466ec31548b149353,1,1000000,65536,1.22561,81384,67815070ec5e825828d32b5e6b3a37db6aa89f046b6f7390a537494ae110c572,1.1268,1.14633,1.1268,1.12374,1.13079,1.12235
sum-i64,4,baseline,f9ed90d41e7bff92707a796e4677772351a23e53a6e148cf831a3feb92ae880e,1,1000000,65536,2.62602,124932,67815070ec5e825828d32b5e6b3a37db6aa89f046b6f7390a537494ae110c572,2.47581,2.64005,2.47581,2.89097,2.31939,1.71108
sum-i64,4,current,1003a83830e8b12ae1cb86bdec98af3d649ae54404b59a1466ec31548b149353,1,1000000,65536,0.849439,102048,67815070ec5e825828d32b5e6b3a37db6aa89f046b6f7390a537494ae110c572,0.744637,0.759167,0.743123,0.74545,0.740711,0.744637
sum-i64,8,baseline,f9ed90d41e7bff92707a796e4677772351a23e53a6e148cf831a3feb92ae880e,1,1000000,65536,2.59449,200924,67815070ec5e825828d32b5e6b3a37db6aa89f046b6f7390a537494ae110c572,1.55585,2.63233,1.33782,1.85437,1.3039,1.55585
sum-i64,8,current,1003a83830e8b12ae1cb86bdec98af3d649ae54404b59a1466ec31548b149353,1,1000000,65536,2.15011,161176,67815070ec5e825828d32b5e6b3a37db6aa89f046b6f7390a537494ae110c572,1.10074,1.08544,1.10074,1.10831,1.09346,1.28361
sum-i64,16,baseline,f9ed90d41e7bff92707a796e4677772351a23e53a6e148cf831a3feb92ae880e,1,1000000,65536,5.08889,348192,67815070ec5e825828d32b5e6b3a37db6aa89f046b6f7390a537494ae110c572,5.38384,5.5097,4.84105,5.69605,4.8983,5.38384
sum-i64,16,current,1003a83830e8b12ae1cb86bdec98af3d649ae54404b59a1466ec31548b149353,1,1000000,65536,2.56997,247692,67815070ec5e825828d32b5e6b3a37db6aa89f046b6f7390a537494ae110c572,0.993263,1.20273,0.931189,1.01465,0.993263,0.842352
sum-i64,default,baseline,f9ed90d41e7bff92707a796e4677772351a23e53a6e148cf831a3feb92ae880e,1,1000000,65536,5.05133,755696,67815070ec5e825828d32b5e6b3a37db6aa89f046b6f7390a537494ae110c572,6.60908,5.75575,6.30116,8.1793,6.60908,7.15416
sum-i64,default,current,1003a83830e8b12ae1cb86bdec98af3d649ae54404b59a1466ec31548b149353,1,1000000,65536,3.25708,370880,67815070ec5e825828d32b5e6b3a37db6aa89f046b6f7390a537494ae110c572,0.724293,1.41304,0.749217,0.724293,0.693685,0.667725
extrema-i64,1,baseline,f9ed90d41e7bff92707a796e4677772351a23e53a6e148cf831a3feb92ae880e,1,1000000,65536,5.3738,71032,4898738f30509da2f14fee436fc21c3382e34c12d831b3de2f193a08af899061,5.09015,5.045,5.10732,5.03686,5.09015,5.26304
extrema-i64,1,current,1003a83830e8b12ae1cb86bdec98af3d649ae54404b59a1466ec31548b149353,1,1000000,65536,3.18178,71260,4898738f30509da2f14fee436fc21c3382e34c12d831b3de2f193a08af899061,3.01952,3.10265,3.01952,3.04974,3.01318,2.99773
extrema-i64,2,baseline,f9ed90d41e7bff92707a796e4677772351a23e53a6e148cf831a3feb92ae880e,1,1000000,65536,3.43894,104088,4898738f30509da2f14fee436fc21c3382e34c12d831b3de2f193a08af899061,3.49743,3.66355,3.49743,3.17931,3.50063,3.33493
extrema-i64,2,current,1003a83830e8b12ae1cb86bdec98af3d649ae54404b59a1466ec31548b149353,1,1000000,65536,3.24823,93980,4898738f30509da2f14fee436fc21c3382e34c12d831b3de2f193a08af899061,2.17723,2.34969,2.27304,2.17723,2.15602,2.15382
extrema-i64,4,baseline,f9ed90d41e7bff92707a796e4677772351a23e53a6e148cf831a3feb92ae880e,1,1000000,65536,3.79783,169744,4898738f30509da2f14fee436fc21c3382e34c12d831b3de2f193a08af899061,2.79897,4.0003,4.56504,2.38519,2.79897,2.4814
extrema-i64,4,current,1003a83830e8b12ae1cb86bdec98af3d649ae54404b59a1466ec31548b149353,1,1000000,65536,2.57464,124288,4898738f30509da2f14fee436fc21c3382e34c12d831b3de2f193a08af899061,1.29109,1.33885,1.29109,1.28042,1.30875,1.28702
extrema-i64,8,baseline,f9ed90d41e7bff92707a796e4677772351a23e53a6e148cf831a3feb92ae880e,1,1000000,65536,3.7868,300488,4898738f30509da2f14fee436fc21c3382e34c12d831b3de2f193a08af899061,3.82336,4.02355,3.43439,4.63653,3.82336,3.59082
extrema-i64,8,current,1003a83830e8b12ae1cb86bdec98af3d649ae54404b59a1466ec31548b149353,1,1000000,65536,3.06972,165780,4898738f30509da2f14fee436fc21c3382e34c12d831b3de2f193a08af899061,2.03334,2.18041,2.09867,2.03334,1.88151,1.57936
extrema-i64,16,baseline,f9ed90d41e7bff92707a796e4677772351a23e53a6e148cf831a3feb92ae880e,1,1000000,65536,9.0657,575244,4898738f30509da2f14fee436fc21c3382e34c12d831b3de2f193a08af899061,8.91074,9.24825,9.66747,8.57441,8.66291,8.91074
extrema-i64,16,current,1003a83830e8b12ae1cb86bdec98af3d649ae54404b59a1466ec31548b149353,1,1000000,65536,2.96924,247784,4898738f30509da2f14fee436fc21c3382e34c12d831b3de2f193a08af899061,1.2499,1.44755,1.21738,1.22868,1.2499,1.31216
extrema-i64,default,baseline,f9ed90d41e7bff92707a796e4677772351a23e53a6e148cf831a3feb92ae880e,1,1000000,65536,9.11157,803120,4898738f30509da2f14fee436fc21c3382e34c12d831b3de2f193a08af899061,9.12967,9.12967,8.83384,7.58015,9.62072,14.1706
extrema-i64,default,current,1003a83830e8b12ae1cb86bdec98af3d649ae54404b59a1466ec31548b149353,1,1000000,65536,3.38029,370904,4898738f30509da2f14fee436fc21c3382e34c12d831b3de2f193a08af899061,0.954928,1.06755,0.957328,0.948123,0.930541,0.954928
sum-f32,1,baseline,f9ed90d41e7bff92707a796e4677772351a23e53a6e148cf831a3feb92ae880e,1,1000000,65536,2.937,71228,67815070ec5e825828d32b5e6b3a37db6aa89f046b6f7390a537494ae110c572,2.77775,2.79048,2.77111,2.76203,2.7851,2.77775
sum-f32,1,current,1003a83830e8b12ae1cb86bdec98af3d649ae54404b59a1466ec31548b149353,1,1000000,65536,1.84458,71284,67815070ec5e825828d32b5e6b3a37db6aa89f046b6f7390a537494ae110c572,1.6798,1.69626,1.6798,1.67754,1.67959,1.68002
sum-f32,2,baseline,f9ed90d41e7bff92707a796e4677772351a23e53a6e148cf831a3feb92ae880e,1,1000000,65536,2.09803,95908,67815070ec5e825828d32b5e6b3a37db6aa89f046b6f7390a537494ae110c572,1.87767,1.80245,2.05198,1.85016,2.01871,1.87767
sum-f32,2,current,1003a83830e8b12ae1cb86bdec98af3d649ae54404b59a1466ec31548b149353,1,1000000,65536,1.2839,81196,67815070ec5e825828d32b5e6b3a37db6aa89f046b6f7390a537494ae110c572,1.14327,1.17957,1.14222,1.14495,1.13926,1.14327
sum-f32,4,baseline,f9ed90d41e7bff92707a796e4677772351a23e53a6e148cf831a3feb92ae880e,1,1000000,65536,2.06562,126520,67815070ec5e825828d32b5e6b3a37db6aa89f046b6f7390a537494ae110c572,1.47256,1.47256,1.40705,1.58657,1.54584,1.45284
sum-f32,4,current,1003a83830e8b12ae1cb86bdec98af3d649ae54404b59a1466ec31548b149353,1,1000000,65536,1.09538,102340,67815070ec5e825828d32b5e6b3a37db6aa89f046b6f7390a537494ae110c572,0.808428,0.953811,0.808428,0.809561,0.808311,0.803937
sum-f32,8,baseline,f9ed90d41e7bff92707a796e4677772351a23e53a6e148cf831a3feb92ae880e,1,1000000,65536,3.1108,212180,67815070ec5e825828d32b5e6b3a37db6aa89f046b6f7390a537494ae110c572,3.0653,3.01626,3.18348,3.0653,3.45475,2.71394
sum-f32,8,current,1003a83830e8b12ae1cb86bdec98af3d649ae54404b59a1466ec31548b149353,1,1000000,65536,2.58673,161560,67815070ec5e825828d32b5e6b3a37db6aa89f046b6f7390a537494ae110c572,1.08441,1.4665,1.11984,0.950702,1.01654,1.08441
sum-f32,16,baseline,f9ed90d41e7bff92707a796e4677772351a23e53a6e148cf831a3feb92ae880e,1,1000000,65536,5.60359,348304,67815070ec5e825828d32b5e6b3a37db6aa89f046b6f7390a537494ae110c572,5.81083,5.81083,5.57055,7.31862,5.66732,6.53753
sum-f32,16,current,1003a83830e8b12ae1cb86bdec98af3d649ae54404b59a1466ec31548b149353,1,1000000,65536,1.068,225116,67815070ec5e825828d32b5e6b3a37db6aa89f046b6f7390a537494ae110c572,0.943219,0.995222,0.943926,0.824814,0.943219,0.92049
sum-f32,default,baseline,f9ed90d41e7bff92707a796e4677772351a23e53a6e148cf831a3feb92ae880e,1,1000000,65536,4.09372,745780,67815070ec5e825828d32b5e6b3a37db6aa89f046b6f7390a537494ae110c572,6.15999,6.24001,5.22536,6.15999,5.32513,6.40455
sum-f32,default,current,1003a83830e8b12ae1cb86bdec98af3d649ae54404b59a1466ec31548b149353,1,1000000,65536,0.862503,348132,67815070ec5e825828d32b5e6b3a37db6aa89f046b6f7390a537494ae110c572,0.761881,0.764289,0.781904,0.761881,0.703177,0.723051
extrema-f32,1,baseline,f9ed90d41e7bff92707a796e4677772351a23e53a6e148cf831a3feb92ae880e,1,1000000,65536,5.29616,70840,4898738f30509da2f14fee436fc21c3382e34c12d831b3de2f193a08af899061,5.17719,5.17719,5.14367,5.17295,5.21798,5.19895
extrema-f32,1,current,1003a83830e8b12ae1cb86bdec98af3d649ae54404b59a1466ec31548b149353,1,1000000,65536,3.18339,71448,4898738f30509da2f14fee436fc21c3382e34c12d831b3de2f193a08af899061,3.01361,3.01361,2.97761,3.00998,3.14519,3.09498
extrema-f32,2,baseline,f9ed90d41e7bff92707a796e4677772351a23e53a6e148cf831a3feb92ae880e,1,1000000,65536,3.53513,103864,4898738f30509da2f14fee436fc21c3382e34c12d831b3de2f193a08af899061,3.50803,3.50803,3.55205,3.26128,3.51876,3.32092
extrema-f32,2,current,1003a83830e8b12ae1cb86bdec98af3d649ae54404b59a1466ec31548b149353,1,1000000,65536,2.44227,81632,4898738f30509da2f14fee436fc21c3382e34c12d831b3de2f193a08af899061,1.94802,2.22282,1.95855,1.9472,1.94802,1.94641
extrema-f32,4,baseline,f9ed90d41e7bff92707a796e4677772351a23e53a6e148cf831a3feb92ae880e,1,1000000,65536,2.65165,169864,4898738f30509da2f14fee436fc21c3382e34c12d831b3de2f193a08af899061,2.72763,3.00739,3.05829,2.34814,2.72763,2.48261
extrema-f32,4,current,1003a83830e8b12ae1cb86bdec98af3d649ae54404b59a1466ec31548b149353,1,1000000,65536,2.57331,124904,4898738f30509da2f14fee436fc21c3382e34c12d831b3de2f193a08af899061,1.26843,1.33014,1.28124,1.26396,1.26005,1.26843
extrema-f32,8,baseline,f9ed90d41e7bff92707a796e4677772351a23e53a6e148cf831a3feb92ae880e,1,1000000,65536,3.49114,300720,4898738f30509da2f14fee436fc21c3382e34c12d831b3de2f193a08af899061,4.04377,4.06026,4.04377,4.60041,3.8142,3.39851
extrema-f32,8,current,1003a83830e8b12ae1cb86bdec98af3d649ae54404b59a1466ec31548b149353,1,1000000,65536,2.79752,155096,4898738f30509da2f14fee436fc21c3382e34c12d831b3de2f193a08af899061,2.04205,2.09008,2.06585,2.03743,2.04205,2.03086
extrema-f32,16,baseline,f9ed90d41e7bff92707a796e4677772351a23e53a6e148cf831a3feb92ae880e,1,1000000,65536,4.39953,530468,4898738f30509da2f14fee436fc21c3382e34c12d831b3de2f193a08af899061,5.8185,5.8185,5.67183,5.96205,4.57332,5.82748
extrema-f32,16,current,1003a83830e8b12ae1cb86bdec98af3d649ae54404b59a1466ec31548b149353,1,1000000,65536,2.19102,237208,4898738f30509da2f14fee436fc21c3382e34c12d831b3de2f193a08af899061,1.36898,1.52377,1.3739,1.20524,1.36898,1.34927
extrema-f32,default,baseline,f9ed90d41e7bff92707a796e4677772351a23e53a6e148cf831a3feb92ae880e,1,1000000,65536,4.87895,796976,4898738f30509da2f14fee436fc21c3382e34c12d831b3de2f193a08af899061,6.09747,5.59492,7.07396,5.15459,6.09747,8.17143
extrema-f32,default,current,1003a83830e8b12ae1cb86bdec98af3d649ae54404b59a1466ec31548b149353,1,1000000,65536,1.98871,360744,4898738f30509da2f14fee436fc21c3382e34c12d831b3de2f193a08af899061,0.897368,0.997214,0.867934,0.873048,0.903375,0.897368
sum-f64,1,baseline,f9ed90d41e7bff92707a796e4677772351a23e53a6e148cf831a3feb92ae880e,1,1000000,65536,2.93022,70960,67815070ec5e825828d32b5e6b3a37db6aa89f046b6f7390a537494ae110c572,2.79175,2.79401,2.8105,2.79175,2.77446,2.78018
sum-f64,1,current,1003a83830e8b12ae1cb86bdec98af3d649ae54404b59a1466ec31548b149353,1,1000000,65536,1.82955,71268,67815070ec5e825828d32b5e6b3a37db6aa89f046b6f7390a537494ae110c572,1.68252,1.69222,1.68415,1.68252,1.68075,1.68203
sum-f64,2,baseline,f9ed90d41e7bff92707a796e4677772351a23e53a6e148cf831a3feb92ae880e,1,1000000,65536,2.11169,95852,67815070ec5e825828d32b5e6b3a37db6aa89f046b6f7390a537494ae110c572,1.87308,1.85657,2.15337,1.87308,2.00797,1.80837
sum-f64,2,current,1003a83830e8b12ae1cb86bdec98af3d649ae54404b59a1466ec31548b149353,1,1000000,65536,1.27817,81536,67815070ec5e825828d32b5e6b3a37db6aa89f046b6f7390a537494ae110c572,1.15695,1.16368,1.15695,1.14237,1.1668,1.14956
sum-f64,4,baseline,f9ed90d41e7bff92707a796e4677772351a23e53a6e148cf831a3feb92ae880e,1,1000000,65536,1.45179,126656,67815070ec5e825828d32b5e6b3a37db6aa89f046b6f7390a537494ae110c572,1.47447,1.53171,1.29481,1.66701,1.31388,1.47447
sum-f64,4,current,1003a83830e8b12ae1cb86bdec98af3d649ae54404b59a1466ec31548b149353,1,1000000,65536,0.846179,102108,67815070ec5e825828d32b5e6b3a37db6aa89f046b6f7390a537494ae110c572,0.760498,0.773798,0.75225,0.777849,0.755659,0.760498
sum-f64,8,baseline,f9ed90d41e7bff92707a796e4677772351a23e53a6e148cf831a3feb92ae880e,1,1000000,65536,1.77639,200000,67815070ec5e825828d32b5e6b3a37db6aa89f046b6f7390a537494ae110c572,2.36943,2.02087,1.88385,3.1588,2.36943,2.72247
sum-f64,8,current,1003a83830e8b12ae1cb86bdec98af3d649ae54404b59a1466ec31548b149353,1,1000000,65536,2.52395,161408,67815070ec5e825828d32b5e6b3a37db6aa89f046b6f7390a537494ae110c572,1.44452,1.44452,1.46239,1.35454,1.43016,1.77104
sum-f64,16,baseline,f9ed90d41e7bff92707a796e4677772351a23e53a6e148cf831a3feb92ae880e,1,1000000,65536,5.6563,348532,67815070ec5e825828d32b5e6b3a37db6aa89f046b6f7390a537494ae110c572,6.18024,6.18024,5.36599,7.06626,5.54281,6.19652
sum-f64,16,current,1003a83830e8b12ae1cb86bdec98af3d649ae54404b59a1466ec31548b149353,1,1000000,65536,2.61249,247656,67815070ec5e825828d32b5e6b3a37db6aa89f046b6f7390a537494ae110c572,0.941254,1.28477,0.975099,0.941254,0.900328,0.92951
sum-f64,default,baseline,f9ed90d41e7bff92707a796e4677772351a23e53a6e148cf831a3feb92ae880e,1,1000000,65536,5.16974,765764,67815070ec5e825828d32b5e6b3a37db6aa89f046b6f7390a537494ae110c572,5.81845,5.81845,5.60815,7.89719,5.7569,6.2862
sum-f64,default,current,1003a83830e8b12ae1cb86bdec98af3d649ae54404b59a1466ec31548b149353,1,1000000,65536,3.03359,370848,67815070ec5e825828d32b5e6b3a37db6aa89f046b6f7390a537494ae110c572,0.730299,1.28277,0.753266,0.6683,0.691095,0.730299
extrema-f64,1,baseline,f9ed90d41e7bff92707a796e4677772351a23e53a6e148cf831a3feb92ae880e,1,1000000,65536,5.31407,70836,4898738f30509da2f14fee436fc21c3382e34c12d831b3de2f193a08af899061,5.15537,5.15537,5.14357,5.12184,5.21763,5.2061
extrema-f64,1,current,1003a83830e8b12ae1cb86bdec98af3d649ae54404b59a1466ec31548b149353,1,1000000,65536,3.27336,71288,4898738f30509da2f14fee436fc21c3382e34c12d831b3de2f193a08af899061,3.08759,3.08759,3.0971,3.07173,3.06884,3.20079
extrema-f64,2,baseline,f9ed90d41e7bff92707a796e4677772351a23e53a6e148cf831a3feb92ae880e,1,1000000,65536,3.59552,104044,4898738f30509da2f14fee436fc21c3382e34c12d831b3de2f193a08af899061,3.53716,3.66736,3.66265,3.24489,3.53716,3.35944
extrema-f64,2,current,1003a83830e8b12ae1cb86bdec98af3d649ae54404b59a1466ec31548b149353,1,1000000,65536,2.88438,93932,4898738f30509da2f14fee436fc21c3382e34c12d831b3de2f193a08af899061,1.996,2.0123,1.97998,1.996,1.9977,1.97338
extrema-f64,4,baseline,f9ed90d41e7bff92707a796e4677772351a23e53a6e148cf831a3feb92ae880e,1,1000000,65536,2.60766,169308,4898738f30509da2f14fee436fc21c3382e34c12d831b3de2f193a08af899061,2.67298,2.75928,3.08629,2.43832,2.67298,2.48194
extrema-f64,4,current,1003a83830e8b12ae1cb86bdec98af3d649ae54404b59a1466ec31548b149353,1,1000000,65536,2.54536,124252,4898738f30509da2f14fee436fc21c3382e34c12d831b3de2f193a08af899061,1.28155,1.3202,1.28155,1.35461,1.278,1.2815
extrema-f64,8,baseline,f9ed90d41e7bff92707a796e4677772351a23e53a6e148cf831a3feb92ae880e,1,1000000,65536,3.95384,300912,4898738f30509da2f14fee436fc21c3382e34c12d831b3de2f193a08af899061,4.18378,4.18378,4.03112,5.10731,4.33909,3.9398
extrema-f64,8,current,1003a83830e8b12ae1cb86bdec98af3d649ae54404b59a1466ec31548b149353,1,1000000,65536,3.67616,166144,4898738f30509da2f14fee436fc21c3382e34c12d831b3de2f193a08af899061,2.2691,2.2691,2.14593,2.49988,2.34315,2.22439
extrema-f64,16,baseline,f9ed90d41e7bff92707a796e4677772351a23e53a6e148cf831a3feb92ae880e,1,1000000,65536,8.85579,579204,4898738f30509da2f14fee436fc21c3382e34c12d831b3de2f193a08af899061,8.69423,8.84633,9.02879,8.5786,8.69423,8.60861
extrema-f64,16,current,1003a83830e8b12ae1cb86bdec98af3d649ae54404b59a1466ec31548b149353,1,1000000,65536,3.29208,247440,4898738f30509da2f14fee436fc21c3382e34c12d831b3de2f193a08af899061,1.40104,1.45869,1.40104,1.40698,1.36075,1.35064
extrema-f64,default,baseline,f9ed90d41e7bff92707a796e4677772351a23e53a6e148cf831a3feb92ae880e,1,1000000,65536,6.93209,794720,4898738f30509da2f14fee436fc21c3382e34c12d831b3de2f193a08af899061,7.93522,7.93522,8.24615,6.91533,6.82444,10.3779
extrema-f64,default,current,1003a83830e8b12ae1cb86bdec98af3d649ae54404b59a1466ec31548b149353,1,1000000,65536,3.57679,370964,4898738f30509da2f14fee436fc21c3382e34c12d831b3de2f193a08af899061,0.935988,1.06048,0.935988,0.937708,0.912394,0.927843
sum-time,1,baseline,f9ed90d41e7bff92707a796e4677772351a23e53a6e148cf831a3feb92ae880e,1,1000000,65536,3.03342,103764,14d770a6cddb0512cc7e5c17ff3d2f6ddd8f7583fb91b0ba6f44dcc446428f0d,2.73568,2.80855,2.75533,2.73364,2.73568,2.73289
sum-time,1,current,1003a83830e8b12ae1cb86bdec98af3d649ae54404b59a1466ec31548b149353,1,1000000,65536,1.87622,104056,14d770a6cddb0512cc7e5c17ff3d2f6ddd8f7583fb91b0ba6f44dcc446428f0d,1.67089,1.69333,1.66178,1.67199,1.67089,1.66704
sum-time,2,baseline,f9ed90d41e7bff92707a796e4677772351a23e53a6e148cf831a3feb92ae880e,1,1000000,65536,2.15667,128852,14d770a6cddb0512cc7e5c17ff3d2f6ddd8f7583fb91b0ba6f44dcc446428f0d,1.87344,2.19321,2.10765,1.76647,1.87344,1.71673
sum-time,2,current,1003a83830e8b12ae1cb86bdec98af3d649ae54404b59a1466ec31548b149353,1,1000000,65536,1.34512,114312,14d770a6cddb0512cc7e5c17ff3d2f6ddd8f7583fb91b0ba6f44dcc446428f0d,1.13,1.15044,1.13541,1.12217,1.12662,1.13
sum-time,4,baseline,f9ed90d41e7bff92707a796e4677772351a23e53a6e148cf831a3feb92ae880e,1,1000000,65536,1.51846,159476,14d770a6cddb0512cc7e5c17ff3d2f6ddd8f7583fb91b0ba6f44dcc446428f0d,1.40421,1.54124,1.23045,1.58808,1.21609,1.40421
sum-time,4,current,1003a83830e8b12ae1cb86bdec98af3d649ae54404b59a1466ec31548b149353,1,1000000,65536,0.92859,134700,14d770a6cddb0512cc7e5c17ff3d2f6ddd8f7583fb91b0ba6f44dcc446428f0d,0.797314,0.872421,0.797913,0.797314,0.794227,0.796844
sum-time,8,baseline,f9ed90d41e7bff92707a796e4677772351a23e53a6e148cf831a3feb92ae880e,1,1000000,65536,2.80151,232728,14d770a6cddb0512cc7e5c17ff3d2f6ddd8f7583fb91b0ba6f44dcc446428f0d,2.99744,2.99744,2.62486,3.28694,2.37073,3.09102
sum-time,8,current,1003a83830e8b12ae1cb86bdec98af3d649ae54404b59a1466ec31548b149353,1,1000000,65536,2.20847,193840,14d770a6cddb0512cc7e5c17ff3d2f6ddd8f7583fb91b0ba6f44dcc446428f0d,1.18101,1.17539,1.15574,1.18101,1.43878,1.47668
sum-time,16,baseline,f9ed90d41e7bff92707a796e4677772351a23e53a6e148cf831a3feb92ae880e,1,1000000,65536,5.44694,380576,14d770a6cddb0512cc7e5c17ff3d2f6ddd8f7583fb91b0ba6f44dcc446428f0d,5.62165,6.06247,5.15752,6.50272,5.20146,5.62165
sum-time,16,current,1003a83830e8b12ae1cb86bdec98af3d649ae54404b59a1466ec31548b149353,1,1000000,65536,1.06292,257852,14d770a6cddb0512cc7e5c17ff3d2f6ddd8f7583fb91b0ba6f44dcc446428f0d,0.946718,1.0117,0.883038,0.946718,0.989274,0.920823
sum-time,default,baseline,f9ed90d41e7bff92707a796e4677772351a23e53a6e148cf831a3feb92ae880e,1,1000000,65536,3.98859,776312,14d770a6cddb0512cc7e5c17ff3d2f6ddd8f7583fb91b0ba6f44dcc446428f0d,5.22843,5.22843,4.55856,6.65224,5.08982,5.7805
sum-time,default,current,1003a83830e8b12ae1cb86bdec98af3d649ae54404b59a1466ec31548b149353,1,1000000,65536,0.916089,380948,14d770a6cddb0512cc7e5c17ff3d2f6ddd8f7583fb91b0ba6f44dcc446428f0d,0.677662,0.734163,0.677662,0.631276,0.723872,0.677355
extrema-time,1,baseline,f9ed90d41e7bff92707a796e4677772351a23e53a6e148cf831a3feb92ae880e,1,1000000,65536,4.25594,103508,3fb7228765127f2d73aa2570db52f8b24c2bdf1a790ba53a8cd98c73df02ad9c,3.82105,3.90262,3.82105,3.82678,3.79379,3.80891
extrema-time,1,current,1003a83830e8b12ae1cb86bdec98af3d649ae54404b59a1466ec31548b149353,1,1000000,65536,3.12522,103716,3fb7228765127f2d73aa2570db52f8b24c2bdf1a790ba53a8cd98c73df02ad9c,2.75617,2.81748,2.75617,2.75186,2.77177,2.74669
extrema-time,2,baseline,f9ed90d41e7bff92707a796e4677772351a23e53a6e148cf831a3feb92ae880e,1,1000000,65536,3.04479,136600,3fb7228765127f2d73aa2570db52f8b24c2bdf1a790ba53a8cd98c73df02ad9c,2.66462,3.0032,2.76092,2.47984,2.66462,2.55308
extrema-time,2,current,1003a83830e8b12ae1cb86bdec98af3d649ae54404b59a1466ec31548b149353,1,1000000,65536,3.82062,114404,3fb7228765127f2d73aa2570db52f8b24c2bdf1a790ba53a8cd98c73df02ad9c,2.30933,3.65609,3.61415,2.30933,1.96338,1.95601
extrema-time,4,baseline,f9ed90d41e7bff92707a796e4677772351a23e53a6e148cf831a3feb92ae880e,1,1000000,65536,2.3029,202516,3fb7228765127f2d73aa2570db52f8b24c2bdf1a790ba53a8cd98c73df02ad9c,2.44584,2.44584,2.72518,1.96536,2.45632,2.14028
extrema-time,4,current,1003a83830e8b12ae1cb86bdec98af3d649ae54404b59a1466ec31548b149353,1,1000000,65536,2.57987,134764,3fb7228765127f2d73aa2570db52f8b24c2bdf1a790ba53a8cd98c73df02ad9c,2.2203,2.3292,2.2203,2.27099,1.74925,1.22327
extrema-time,8,baseline,f9ed90d41e7bff92707a796e4677772351a23e53a6e148cf831a3feb92ae880e,1,1000000,65536,3.17287,333244,3fb7228765127f2d73aa2570db52f8b24c2bdf1a790ba53a8cd98c73df02ad9c,3.34807,3.85478,3.34807,4.28448,3.21575,2.33555
extrema-time,8,current,1003a83830e8b12ae1cb86bdec98af3d649ae54404b59a1466ec31548b149353,1,1000000,65536,2.01632,175572,3fb7228765127f2d73aa2570db52f8b24c2bdf1a790ba53a8cd98c73df02ad9c,1.81567,1.62532,1.75563,1.81567,1.83076,1.89878
extrema-time,16,baseline,f9ed90d41e7bff92707a796e4677772351a23e53a6e148cf831a3feb92ae880e,1,1000000,65536,4.46824,553036,3fb7228765127f2d73aa2570db52f8b24c2bdf1a790ba53a8cd98c73df02ad9c,5.00774,5.00774,5.95117,4.98168,4.55555,5.81368
extrema-time,16,current,1003a83830e8b12ae1cb86bdec98af3d649ae54404b59a1466ec31548b149353,1,1000000,65536,1.3524,257712,3fb7228765127f2d73aa2570db52f8b24c2bdf1a790ba53a8cd98c73df02ad9c,1.21062,1.15987,1.23262,1.21517,1.21062,1.20979
extrema-time,default,baseline,f9ed90d41e7bff92707a796e4677772351a23e53a6e148cf831a3feb92ae880e,1,1000000,65536,4.27285,819248,3fb7228765127f2d73aa2570db52f8b24c2bdf1a790ba53a8cd98c73df02ad9c,6.47432,5.43791,6.92461,4.62348,6.47432,7.69696
extrema-time,default,current,1003a83830e8b12ae1cb86bdec98af3d649ae54404b59a1466ec31548b149353,1,1000000,65536,1.26016,381420,3fb7228765127f2d73aa2570db52f8b24c2bdf1a790ba53a8cd98c73df02ad9c,0.957532,0.949429,0.968058,0.950001,0.95888,0.957532
count,1,baseline,f9ed90d41e7bff92707a796e4677772351a23e53a6e148cf831a3feb92ae880e,1,1000000,65536,2.8556,71284,67457a1d5b29926989e3244d85a4cf3b2f8a21363195d6a2759f4bbe298cb663,2.68539,2.69513,2.67827,2.68539,2.68676,2.6838
count,1,current,1003a83830e8b12ae1cb86bdec98af3d649ae54404b59a1466ec31548b149353,1,1000000,65536,1.82407,71128,67457a1d5b29926989e3244d85a4cf3b2f8a21363195d6a2759f4bbe298cb663,1.66212,1.66723,1.66764,1.66212,1.65963,1.64798
count,2,baseline,f9ed90d41e7bff92707a796e4677772351a23e53a6e148cf831a3feb92ae880e,1,1000000,65536,2.08392,95664,67457a1d5b29926989e3244d85a4cf3b2f8a21363195d6a2759f4bbe298cb663,1.7293,1.7293,1.95472,1.71223,1.8289,1.68496
count,2,current,1003a83830e8b12ae1cb86bdec98af3d649ae54404b59a1466ec31548b149353,1,1000000,65536,1.25438,81476,67457a1d5b29926989e3244d85a4cf3b2f8a21363195d6a2759f4bbe298cb663,1.11279,1.11387,1.11592,1.11249,1.11279,1.11098
count,4,baseline,f9ed90d41e7bff92707a796e4677772351a23e53a6e148cf831a3feb92ae880e,1,1000000,65536,1.59104,126700,67457a1d5b29926989e3244d85a4cf3b2f8a21363195d6a2759f4bbe298cb663,1.45128,1.45954,1.2799,1.64446,1.38119,1.45128
count,4,current,1003a83830e8b12ae1cb86bdec98af3d649ae54404b59a1466ec31548b149353,1,1000000,65536,1.08845,101940,67457a1d5b29926989e3244d85a4cf3b2f8a21363195d6a2759f4bbe298cb663,0.814687,0.850017,0.861421,0.814687,0.812903,0.810855
count,8,baseline,f9ed90d41e7bff92707a796e4677772351a23e53a6e148cf831a3feb92ae880e,1,1000000,65536,2.89826,200656,67457a1d5b29926989e3244d85a4cf3b2f8a21363195d6a2759f4bbe298cb663,2.661,3.10999,2.661,2.83955,1.62116,1.61615
count,8,current,1003a83830e8b12ae1cb86bdec98af3d649ae54404b59a1466ec31548b149353,1,1000000,65536,1.27541,143072,67457a1d5b29926989e3244d85a4cf3b2f8a21363195d6a2759f4bbe298cb663,1.2486,1.23331,1.2486,1.18122,1.29684,1.30907
count,16,baseline,f9ed90d41e7bff92707a796e4677772351a23e53a6e148cf831a3feb92ae880e,1,1000000,65536,4.49197,348504,67457a1d5b29926989e3244d85a4cf3b2f8a21363195d6a2759f4bbe298cb663,5.03302,5.68589,5.00872,5.65626,5.03302,4.98535
count,16,current,1003a83830e8b12ae1cb86bdec98af3d649ae54404b59a1466ec31548b149353,1,1000000,65536,0.895732,225356,67457a1d5b29926989e3244d85a4cf3b2f8a21363195d6a2759f4bbe298cb663,0.917731,0.745436,0.917731,0.840898,1.00167,1.07033
count,default,baseline,f9ed90d41e7bff92707a796e4677772351a23e53a6e148cf831a3feb92ae880e,1,1000000,65536,3.47542,514080,67457a1d5b29926989e3244d85a4cf3b2f8a21363195d6a2759f4bbe298cb663,3.35035,3.14198,4.75004,3.12175,3.35035,5.70022
count,default,current,1003a83830e8b12ae1cb86bdec98af3d649ae54404b59a1466ec31548b149353,1,1000000,65536,0.812567,347812,67457a1d5b29926989e3244d85a4cf3b2f8a21363195d6a2759f4bbe298cb663,0.571386,0.61149,0.571386,0.598678,0.529666,0.56644
statistics,1,baseline,f9ed90d41e7bff92707a796e4677772351a23e53a6e148cf831a3feb92ae880e,1,1000000,65536,10.07,87368,ce92f3f44a9c9c78cd8ca1d9813b099e3f33f0d5ed37dd9f3bccd3bbe9164741,8.96031,8.95339,8.96031,8.95999,9.0755,8.99758
statistics,1,current,1003a83830e8b12ae1cb86bdec98af3d649ae54404b59a1466ec31548b149353,1,1000000,65536,5.92599,85560,ce92f3f44a9c9c78cd8ca1d9813b099e3f33f0d5ed37dd9f3bccd3bbe9164741,4.65543,4.82249,4.65543,4.71422,4.63915,4.6201
statistics,2,baseline,f9ed90d41e7bff92707a796e4677772351a23e53a6e148cf831a3feb92ae880e,1,1000000,65536,6.39504,112316,ce92f3f44a9c9c78cd8ca1d9813b099e3f33f0d5ed37dd9f3bccd3bbe9164741,5.60452,5.74726,5.33603,5.18584,5.60452,5.7998
statistics,2,current,1003a83830e8b12ae1cb86bdec98af3d649ae54404b59a1466ec31548b149353,1,1000000,65536,4.40888,103848,ce92f3f44a9c9c78cd8ca1d9813b099e3f33f0d5ed37dd9f3bccd3bbe9164741,3.02334,3.02334,2.98008,2.94815,3.13993,3.2207
statistics,4,baseline,f9ed90d41e7bff92707a796e4677772351a23e53a6e148cf831a3feb92ae880e,1,1000000,65536,4.87336,165744,ce92f3f44a9c9c78cd8ca1d9813b099e3f33f0d5ed37dd9f3bccd3bbe9164741,3.58863,3.85994,3.92157,3.58863,3.55773,3.50452
statistics,4,current,1003a83830e8b12ae1cb86bdec98af3d649ae54404b59a1466ec31548b149353,1,1000000,65536,4.39292,129032,ce92f3f44a9c9c78cd8ca1d9813b099e3f33f0d5ed37dd9f3bccd3bbe9164741,2.43227,2.48575,2.47442,2.41492,2.42481,2.43227
statistics,8,baseline,f9ed90d41e7bff92707a796e4677772351a23e53a6e148cf831a3feb92ae880e,1,1000000,65536,7.02099,257456,ce92f3f44a9c9c78cd8ca1d9813b099e3f33f0d5ed37dd9f3bccd3bbe9164741,5.7504,6.06286,5.91904,4.7009,5.7504,4.94956
statistics,8,current,1003a83830e8b12ae1cb86bdec98af3d649ae54404b59a1466ec31548b149353,1,1000000,65536,3.79353,170136,ce92f3f44a9c9c78cd8ca1d9813b099e3f33f0d5ed37dd9f3bccd3bbe9164741,2.00451,1.97497,1.94532,2.00451,2.07889,2.02566
statistics,16,baseline,f9ed90d41e7bff92707a796e4677772351a23e53a6e148cf831a3feb92ae880e,1,1000000,65536,12.2717,581476,ce92f3f44a9c9c78cd8ca1d9813b099e3f33f0d5ed37dd9f3bccd3bbe9164741,12.3497,12.3497,12.4565,12.4876,11.1388,10.5817
statistics,16,current,1003a83830e8b12ae1cb86bdec98af3d649ae54404b59a1466ec31548b149353,1,1000000,65536,3.52003,251712,ce92f3f44a9c9c78cd8ca1d9813b099e3f33f0d5ed37dd9f3bccd3bbe9164741,1.74492,2.11646,1.74492,1.80293,1.70572,1.68096
statistics,default,baseline,f9ed90d41e7bff92707a796e4677772351a23e53a6e148cf831a3feb92ae880e,1,1000000,65536,11.7429,919348,ce92f3f44a9c9c78cd8ca1d9813b099e3f33f0d5ed37dd9f3bccd3bbe9164741,14.849,10.3831,14.849,14.0108,17.1618,15.3455
statistics,default,current,1003a83830e8b12ae1cb86bdec98af3d649ae54404b59a1466ec31548b149353,1,1000000,65536,4.44043,374952,ce92f3f44a9c9c78cd8ca1d9813b099e3f33f0d5ed37dd9f3bccd3bbe9164741,1.34393,1.8436,1.35987,1.32596,1.34393,1.29919
binary,1,baseline,f9ed90d41e7bff92707a796e4677772351a23e53a6e148cf831a3feb92ae880e,1,1000000,65536,22.1877,120208,a07c1dabc08383bc311d6241d6f8f29ca0845609ef637c571d284a88105dca45,19.0557,19.1045,19.2968,18.9699,19.0557,18.9378
binary,1,current,1003a83830e8b12ae1cb86bdec98af3d649ae54404b59a1466ec31548b149353,1,1000000,65536,14.9429,116388,a07c1dabc08383bc311d6241d6f8f29ca0845609ef637c571d284a88105dca45,12.5945,12.4872,12.5135,12.5945,13.3855,13.2425
binary,2,baseline,f9ed90d41e7bff92707a796e4677772351a23e53a6e148cf831a3feb92ae880e,1,1000000,65536,14.9226,138912,a07c1dabc08383bc311d6241d6f8f29ca0845609ef637c571d284a88105dca45,13.3416,13.3416,13.0701,13.3648,14.3406,13.0671
binary,2,current,1003a83830e8b12ae1cb86bdec98af3d649ae54404b59a1466ec31548b149353,1,1000000,65536,17.6502,126148,a07c1dabc08383bc311d6241d6f8f29ca0845609ef637c571d284a88105dca45,9.13601,10.3794,10.3494,8.9351,9.13503,9.13601
binary,4,baseline,f9ed90d41e7bff92707a796e4677772351a23e53a6e148cf831a3feb92ae880e,1,1000000,65536,73.4528,333832,a07c1dabc08383bc311d6241d6f8f29ca0845609ef637c571d284a88105dca45,69.2803,69.6538,69.2803,69.1794,69.3582,69.1315
binary,4,current,1003a83830e8b12ae1cb86bdec98af3d649ae54404b59a1466ec31548b149353,1,1000000,65536,7.5051,146292,a07c1dabc08383bc311d6241d6f8f29ca0845609ef637c571d284a88105dca45,5.21096,5.3389,5.21096,5.15189,5.19341,5.25614
binary,8,baseline,f9ed90d41e7bff92707a796e4677772351a23e53a6e148cf831a3feb92ae880e,1,1000000,65536,38.7347,346284,a07c1dabc08383bc311d6241d6f8f29ca0845609ef637c571d284a88105dca45,36.6846,36.6891,36.381,36.1483,36.6846,36.7319
binary,8,current,1003a83830e8b12ae1cb86bdec98af3d649ae54404b59a1466ec31548b149353,1,1000000,65536,5.40418,186784,a07c1dabc08383bc311d6241d6f8f29ca0845609ef637c571d284a88105dca45,3.34235,3.61949,3.29996,3.5206,3.34235,2.97492
binary,16,baseline,f9ed90d41e7bff92707a796e4677772351a23e53a6e148cf831a3feb92ae880e,1,1000000,65536,22.8368,590028,a07c1dabc08383bc311d6241d6f8f29ca0845609ef637c571d284a88105dca45,21.4506,23.6735,21.4036,21.1973,21.4506,21.8834
binary,16,current,1003a83830e8b12ae1cb86bdec98af3d649ae54404b59a1466ec31548b149353,1,1000000,65536,5.1355,267976,a07c1dabc08383bc311d6241d6f8f29ca0845609ef637c571d284a88105dca45,3.06828,3.48138,2.94632,2.88303,3.14134,3.06828
binary,default,baseline,f9ed90d41e7bff92707a796e4677772351a23e53a6e148cf831a3feb92ae880e,1,1000000,65536,17.4139,975432,a07c1dabc08383bc311d6241d6f8f29ca0845609ef637c571d284a88105dca45,17.8475,19.0539,19.5383,17.8475,17.3059,16.2697
binary,default,current,1003a83830e8b12ae1cb86bdec98af3d649ae54404b59a1466ec31548b149353,1,1000000,65536,5.56608,392256,a07c1dabc08383bc311d6241d6f8f29ca0845609ef637c571d284a88105dca45,2.60549,3.02885,2.32059,2.60549,2.65005,2.50815
truth,1,baseline,f9ed90d41e7bff92707a796e4677772351a23e53a6e148cf831a3feb92ae880e,1,1000000,65536,6.48339,71216,11d9f81debed2ffce7195bff361d2a6ba11cfaefa8a80b7c103e03b96dd7f669,6.10125,6.10125,6.13575,6.01278,6.00053,6.22545
truth,1,current,1003a83830e8b12ae1cb86bdec98af3d649ae54404b59a1466ec31548b149353,1,1000000,65536,3.91542,71140,11d9f81debed2ffce7195bff361d2a6ba11cfaefa8a80b7c103e03b96dd7f669,3.66675,3.76007,3.68785,3.64196,3.64557,3.66675
truth,2,baseline,f9ed90d41e7bff92707a796e4677772351a23e53a6e148cf831a3feb92ae880e,1,1000000,65536,3.69897,103636,11d9f81debed2ffce7195bff361d2a6ba11cfaefa8a80b7c103e03b96dd7f669,3.56343,3.78194,3.60784,3.22414,3.56343,3.35206
truth,2,current,1003a83830e8b12ae1cb86bdec98af3d649ae54404b59a1466ec31548b149353,1,1000000,65536,4.27608,93880,11d9f81debed2ffce7195bff361d2a6ba11cfaefa8a80b7c103e03b96dd7f669,2.26301,2.30321,2.27373,2.26301,2.25653,2.25846
truth,4,baseline,f9ed90d41e7bff92707a796e4677772351a23e53a6e148cf831a3feb92ae880e,1,1000000,65536,2.60405,169864,11d9f81debed2ffce7195bff361d2a6ba11cfaefa8a80b7c103e03b96dd7f669,2.86427,2.86427,3.11602,2.46124,2.79261,2.95626
truth,4,current,1003a83830e8b12ae1cb86bdec98af3d649ae54404b59a1466ec31548b149353,1,1000000,65536,3.04326,124932,11d9f81debed2ffce7195bff361d2a6ba11cfaefa8a80b7c103e03b96dd7f669,1.38068,1.45772,1.38068,1.44101,1.37652,1.37378
truth,8,baseline,f9ed90d41e7bff92707a796e4677772351a23e53a6e148cf831a3feb92ae880e,1,1000000,65536,4.35845,300772,11d9f81debed2ffce7195bff361d2a6ba11cfaefa8a80b7c103e03b96dd7f669,4.34187,4.49939,3.80025,4.97892,4.34187,3.74559
truth,8,current,1003a83830e8b12ae1cb86bdec98af3d649ae54404b59a1466ec31548b149353,1,1000000,65536,3.44802,165888,11d9f81debed2ffce7195bff361d2a6ba11cfaefa8a80b7c103e03b96dd7f669,1.80245,2.06331,1.66614,1.6236,1.80245,1.80855
truth,16,baseline,f9ed90d41e7bff92707a796e4677772351a23e53a6e148cf831a3feb92ae880e,1,1000000,65536,8.75881,575528,11d9f81debed2ffce7195bff361d2a6ba11cfaefa8a80b7c103e03b96dd7f669,8.4582,8.4582,8.97999,8.26448,8.20604,8.59576
truth,16,current,1003a83830e8b12ae1cb86bdec98af3d649ae54404b59a1466ec31548b149353,1,1000000,65536,3.14872,247444,11d9f81debed2ffce7195bff361d2a6ba11cfaefa8a80b7c103e03b96dd7f669,1.37689,1.44134,1.38018,1.34989,1.37689,1.37111
truth,default,baseline,f9ed90d41e7bff92707a796e4677772351a23e53a6e148cf831a3feb92ae880e,1,1000000,65536,6.59733,780080,11d9f81debed2ffce7195bff361d2a6ba11cfaefa8a80b7c103e03b96dd7f669,7.09272,7.06463,8.43708,7.09272,6.61121,9.99598
truth,default,current,1003a83830e8b12ae1cb86bdec98af3d649ae54404b59a1466ec31548b149353,1,1000000,65536,3.49982,370940,11d9f81debed2ffce7195bff361d2a6ba11cfaefa8a80b7c103e03b96dd7f669,1.00154,1.07346,1.02175,1.00154,0.962531,0.984059
product,1,baseline,f9ed90d41e7bff92707a796e4677772351a23e53a6e148cf831a3feb92ae880e,1,1000000,65536,3.40243,71012,05fe562cb8d0b362f52c0f2a54e5d5ab5914be8889a4c4a09cfef0e7b4573be2,6.12203,6.43706,6.12203,7.15438,4.32742,3.05447
product,1,current,1003a83830e8b12ae1cb86bdec98af3d649ae54404b59a1466ec31548b149353,1,1000000,65536,2.06025,71292,05fe562cb8d0b362f52c0f2a54e5d5ab5914be8889a4c4a09cfef0e7b4573be2,1.75696,1.8295,1.76872,1.75284,1.75084,1.75696
product,2,baseline,f9ed90d41e7bff92707a796e4677772351a23e53a6e148cf831a3feb92ae880e,1,1000000,65536,2.11724,97488,05fe562cb8d0b362f52c0f2a54e5d5ab5914be8889a4c4a09cfef0e7b4573be2,1.86414,2.24532,1.86414,1.80135,1.80692,2.096
product,2,current,1003a83830e8b12ae1cb86bdec98af3d649ae54404b59a1466ec31548b149353,1,1000000,65536,1.29706,81276,05fe562cb8d0b362f52c0f2a54e5d5ab5914be8889a4c4a09cfef0e7b4573be2,1.11419,1.13609,1.11419,1.10926,1.11588,1.10997
product,4,baseline,f9ed90d41e7bff92707a796e4677772351a23e53a6e148cf831a3feb92ae880e,1,1000000,65536,1.64008,151276,05fe562cb8d0b362f52c0f2a54e5d5ab5914be8889a4c4a09cfef0e7b4573be2,1.41243,1.26403,1.60322,1.41243,1.86678,1.25337
product,4,current,1003a83830e8b12ae1cb86bdec98af3d649ae54404b59a1466ec31548b149353,1,1000000,65536,1.4532,102092,05fe562cb8d0b362f52c0f2a54e5d5ab5914be8889a4c4a09cfef0e7b4573be2,0.744063,0.814421,0.744063,0.740692,0.748442,0.743549
product,8,baseline,f9ed90d41e7bff92707a796e4677772351a23e53a6e148cf831a3feb92ae880e,1,1000000,65536,2.34846,257352,05fe562cb8d0b362f52c0f2a54e5d5ab5914be8889a4c4a09cfef0e7b4573be2,2.53155,2.53155,3.07104,1.6726,1.27782,2.94488
product,8,current,1003a83830e8b12ae1cb86bdec98af3d649ae54404b59a1466ec31548b149353,1,1000000,65536,2.61451,165736,05fe562cb8d0b362f52c0f2a54e5d5ab5914be8889a4c4a09cfef0e7b4573be2,1.22137,1.39293,1.19233,1.24166,1.21898,1.22137
product,16,baseline,f9ed90d41e7bff92707a796e4677772351a23e53a6e148cf831a3feb92ae880e,1,1000000,65536,5.39751,491284,05fe562cb8d0b362f52c0f2a54e5d5ab5914be8889a4c4a09cfef0e7b4573be2,6.4375,6.34685,6.50708,6.36142,6.4375,6.67769
product,16,current,1003a83830e8b12ae1cb86bdec98af3d649ae54404b59a1466ec31548b149353,1,1000000,65536,2.73211,247596,05fe562cb8d0b362f52c0f2a54e5d5ab5914be8889a4c4a09cfef0e7b4573be2,0.959924,1.23881,0.948891,1.05771,0.959924,0.922268
product,default,baseline,f9ed90d41e7bff92707a796e4677772351a23e53a6e148cf831a3feb92ae880e,1,1000000,65536,4.9685,749660,05fe562cb8d0b362f52c0f2a54e5d5ab5914be8889a4c4a09cfef0e7b4573be2,5.78913,5.78913,7.29188,4.78098,5.60269,7.46693
product,default,current,1003a83830e8b12ae1cb86bdec98af3d649ae54404b59a1466ec31548b149353,1,1000000,65536,3.00283,370964,05fe562cb8d0b362f52c0f2a54e5d5ab5914be8889a4c4a09cfef0e7b4573be2,0.730065,1.34973,0.740737,0.718545,0.730065,0.709702
median,1,baseline,f9ed90d41e7bff92707a796e4677772351a23e53a6e148cf831a3feb92ae880e,1,1000000,65536,14.6937,97900,315c2bcea545f0cbf21d3803a7f79fb249382fba46b012cf56b181d933d7337d,9.87829,12.955,12.431,9.87829,8.9371,8.39506
median,1,current,1003a83830e8b12ae1cb86bdec98af3d649ae54404b59a1466ec31548b149353,1,1000000,65536,10.5626,97816,315c2bcea545f0cbf21d3803a7f79fb249382fba46b012cf56b181d933d7337d,8.72377,9.01783,8.72377,8.7086,8.69342,8.82372
median,2,baseline,f9ed90d41e7bff92707a796e4677772351a23e53a6e148cf831a3feb92ae880e,1,1000000,65536,10.5414,107908,315c2bcea545f0cbf21d3803a7f79fb249382fba46b012cf56b181d933d7337d,8.62141,9.09449,8.61114,8.8314,8.48827,8.62141
median,2,current,1003a83830e8b12ae1cb86bdec98af3d649ae54404b59a1466ec31548b149353,1,1000000,65536,8.18159,108436,315c2bcea545f0cbf21d3803a7f79fb249382fba46b012cf56b181d933d7337d,6.83814,7.1823,6.83814,6.67734,6.86593,6.79445
median,4,baseline,f9ed90d41e7bff92707a796e4677772351a23e53a6e148cf831a3feb92ae880e,1,1000000,65536,7.11485,128740,315c2bcea545f0cbf21d3803a7f79fb249382fba46b012cf56b181d933d7337d,5.72896,6.04044,5.66313,5.91097,5.6899,5.72896
median,4,current,1003a83830e8b12ae1cb86bdec98af3d649ae54404b59a1466ec31548b149353,1,1000000,65536,5.9813,128984,315c2bcea545f0cbf21d3803a7f79fb249382fba46b012cf56b181d933d7337d,4.82545,5.02015,4.80339,4.82545,4.77575,5.04244
median,8,baseline,f9ed90d41e7bff92707a796e4677772351a23e53a6e148cf831a3feb92ae880e,1,1000000,65536,7.40288,169360,315c2bcea545f0cbf21d3803a7f79fb249382fba46b012cf56b181d933d7337d,5.91534,6.30213,5.84539,6.05114,5.74906,5.91534
median,8,current,1003a83830e8b12ae1cb86bdec98af3d649ae54404b59a1466ec31548b149353,1,1000000,65536,4.93218,169992,315c2bcea545f0cbf21d3803a7f79fb249382fba46b012cf56b181d933d7337d,3.24723,3.41331,3.24723,3.11969,3.56377,3.19304
median,16,baseline,f9ed90d41e7bff92707a796e4677772351a23e53a6e148cf831a3feb92ae880e,1,1000000,65536,6.71281,252164,315c2bcea545f0cbf21d3803a7f79fb249382fba46b012cf56b181d933d7337d,6.0568,6.58773,5.38729,6.2228,5.31905,6.0568
median,16,current,1003a83830e8b12ae1cb86bdec98af3d649ae54404b59a1466ec31548b149353,1,1000000,65536,4.28963,252236,315c2bcea545f0cbf21d3803a7f79fb249382fba46b012cf56b181d933d7337d,2.46443,2.97236,2.46443,2.43692,2.49838,2.27186
median,default,baseline,f9ed90d41e7bff92707a796e4677772351a23e53a6e148cf831a3feb92ae880e,1,1000000,65536,6.63415,374784,315c2bcea545f0cbf21d3803a7f79fb249382fba46b012cf56b181d933d7337d,6.20873,7.46929,6.20873,5.78581,5.82048,6.23457
median,default,current,1003a83830e8b12ae1cb86bdec98af3d649ae54404b59a1466ec31548b149353,1,1000000,65536,4.81222,374768,315c2bcea545f0cbf21d3803a7f79fb249382fba46b012cf56b181d933d7337d,1.86112,2.98967,1.86567,1.85645,1.81459,1.86112
quantile,1,baseline,f9ed90d41e7bff92707a796e4677772351a23e53a6e148cf831a3feb92ae880e,1,1000000,65536,10.3724,97900,96a79df3576987f2fa9ad0dff274338b7a859ebe99538ac3fa57ad32179b7165,9.06721,9.21511,9.06721,9.13173,8.86307,8.92
quantile,1,current,1003a83830e8b12ae1cb86bdec98af3d649ae54404b59a1466ec31548b149353,1,1000000,65536,10.7099,98384,96a79df3576987f2fa9ad0dff274338b7a859ebe99538ac3fa57ad32179b7165,9.38608,9.38608,9.10067,10.0006,11.4791,9.08842
quantile,2,baseline,f9ed90d41e7bff92707a796e4677772351a23e53a6e148cf831a3feb92ae880e,1,1000000,65536,8.77408,108352,96a79df3576987f2fa9ad0dff274338b7a859ebe99538ac3fa57ad32179b7165,7.29517,7.65838,7.29517,7.09397,7.1717,9.41937
quantile,2,current,1003a83830e8b12ae1cb86bdec98af3d649ae54404b59a1466ec31548b149353,1,1000000,65536,9.9228,108536,96a79df3576987f2fa9ad0dff274338b7a859ebe99538ac3fa57ad32179b7165,7.26262,8.38954,7.10681,7.26262,7.31646,6.99381
quantile,4,baseline,f9ed90d41e7bff92707a796e4677772351a23e53a6e148cf831a3feb92ae880e,1,1000000,65536,7.21473,128584,96a79df3576987f2fa9ad0dff274338b7a859ebe99538ac3fa57ad32179b7165,5.78884,6.19138,5.73484,5.78884,5.74598,5.95093
quantile,4,current,1003a83830e8b12ae1cb86bdec98af3d649ae54404b59a1466ec31548b149353,1,1000000,65536,6.77405,129256,96a79df3576987f2fa9ad0dff274338b7a859ebe99538ac3fa57ad32179b7165,4.95457,5.17392,4.94313,4.94954,4.95457,5.0179
quantile,8,baseline,f9ed90d41e7bff92707a796e4677772351a23e53a6e148cf831a3feb92ae880e,1,1000000,65536,7.83826,169584,96a79df3576987f2fa9ad0dff274338b7a859ebe99538ac3fa57ad32179b7165,6.29498,6.52167,6.3277,6.26823,6.29498,6.27668
quantile,8,current,1003a83830e8b12ae1cb86bdec98af3d649ae54404b59a1466ec31548b149353,1,1000000,65536,4.73815,169584,96a79df3576987f2fa9ad0dff274338b7a859ebe99538ac3fa57ad32179b7165,3.05778,3.28321,3.41327,3.04892,3.05778,3.05067
quantile,16,baseline,f9ed90d41e7bff92707a796e4677772351a23e53a6e148cf831a3feb92ae880e,1,1000000,65536,7.65878,251676,96a79df3576987f2fa9ad0dff274338b7a859ebe99538ac3fa57ad32179b7165,6.06864,7.01032,5.81447,6.22226,6.06864,5.99771
quantile,16,current,1003a83830e8b12ae1cb86bdec98af3d649ae54404b59a1466ec31548b149353,1,1000000,65536,4.35571,251840,96a79df3576987f2fa9ad0dff274338b7a859ebe99538ac3fa57ad32179b7165,2.72634,3.22549,2.8279,2.54458,2.72634,2.52863
quantile,default,baseline,f9ed90d41e7bff92707a796e4677772351a23e53a6e148cf831a3feb92ae880e,1,1000000,65536,7.44068,374288,96a79df3576987f2fa9ad0dff274338b7a859ebe99538ac3fa57ad32179b7165,6.07439,6.51165,5.98048,6.07439,5.99476,6.32413
quantile,default,current,1003a83830e8b12ae1cb86bdec98af3d649ae54404b59a1466ec31548b149353,1,1000000,65536,4.92083,375004,96a79df3576987f2fa9ad0dff274338b7a859ebe99538ac3fa57ad32179b7165,2.02671,3.20026,2.02671,2.00732,2.0589,1.94453
mode,1,baseline,f9ed90d41e7bff92707a796e4677772351a23e53a6e148cf831a3feb92ae880e,1,1000000,65536,14.9062,92032,079dae3cfbf4364a968d4cd8d501466115acff0d63e052acf45f638867a9e471,14.1143,14.2707,13.5617,13.9113,14.1143,14.4981
mode,1,current,1003a83830e8b12ae1cb86bdec98af3d649ae54404b59a1466ec31548b149353,1,1000000,65536,13.5079,91784,079dae3cfbf4364a968d4cd8d501466115acff0d63e052acf45f638867a9e471,12.3546,13.2408,12.3546,12.1981,12.2278,12.6938
mode,2,baseline,f9ed90d41e7bff92707a796e4677772351a23e53a6e148cf831a3feb92ae880e,1,1000000,65536,11.057,102580,079dae3cfbf4364a968d4cd8d501466115acff0d63e052acf45f638867a9e471,9.45276,9.86654,9.33169,10.4915,9.36624,9.45276
mode,2,current,1003a83830e8b12ae1cb86bdec98af3d649ae54404b59a1466ec31548b149353,1,1000000,65536,10.8316,102580,079dae3cfbf4364a968d4cd8d501466115acff0d63e052acf45f638867a9e471,9.36956,9.66573,9.28706,9.25829,9.36956,9.69404
mode,4,baseline,f9ed90d41e7bff92707a796e4677772351a23e53a6e148cf831a3feb92ae880e,1,1000000,65536,10.0945,122420,079dae3cfbf4364a968d4cd8d501466115acff0d63e052acf45f638867a9e471,7.47742,8.72509,8.17933,7.20592,7.32692,7.47742
mode,4,current,1003a83830e8b12ae1cb86bdec98af3d649ae54404b59a1466ec31548b149353,1,1000000,65536,8.58006,128952,079dae3cfbf4364a968d4cd8d501466115acff0d63e052acf45f638867a9e471,5.91223,7.54112,5.85231,5.91223,5.95561,5.80813
mode,8,baseline,f9ed90d41e7bff92707a796e4677772351a23e53a6e148cf831a3feb92ae880e,1,1000000,65536,7.99972,163416,079dae3cfbf4364a968d4cd8d501466115acff0d63e052acf45f638867a9e471,6.93492,7.03241,6.97148,6.79828,6.78773,6.93492
mode,8,current,1003a83830e8b12ae1cb86bdec98af3d649ae54404b59a1466ec31548b149353,1,1000000,65536,5.33434,169776,079dae3cfbf4364a968d4cd8d501466115acff0d63e052acf45f638867a9e471,3.6591,4.35397,3.83924,3.6591,3.60854,3.28123
mode,16,baseline,f9ed90d41e7bff92707a796e4677772351a23e53a6e148cf831a3feb92ae880e,1,1000000,65536,8.26857,246040,079dae3cfbf4364a968d4cd8d501466115acff0d63e052acf45f638867a9e471,6.93412,7.33781,6.93412,6.87969,6.78919,6.99958
mode,16,current,1003a83830e8b12ae1cb86bdec98af3d649ae54404b59a1466ec31548b149353,1,1000000,65536,4.78742,251588,079dae3cfbf4364a968d4cd8d501466115acff0d63e052acf45f638867a9e471,3.10162,3.19348,3.10162,2.76288,3.18213,2.79539
mode,default,baseline,f9ed90d41e7bff92707a796e4677772351a23e53a6e148cf831a3feb92ae880e,1,1000000,65536,7.60379,368872,079dae3cfbf4364a968d4cd8d501466115acff0d63e052acf45f638867a9e471,6.66136,6.66136,6.88158,6.62374,6.60741,6.73627
mode,default,current,1003a83830e8b12ae1cb86bdec98af3d649ae54404b59a1466ec31548b149353,1,1000000,65536,5.32972,374992,079dae3cfbf4364a968d4cd8d501466115acff0d63e052acf45f638867a9e471,2.2643,3.21549,2.12107,2.2643,2.22318,2.26727
top-bottom,1,baseline,f9ed90d41e7bff92707a796e4677772351a23e53a6e148cf831a3feb92ae880e,1,1000000,65536,17.1171,104072,74a7c372ed0f9913a9decfb2db436f7a96b0248f39c0b065fc40b7130ff4b0fc,15.044,15.9581,14.9858,15.0771,14.7537,15.044
top-bottom,1,current,1003a83830e8b12ae1cb86bdec98af3d649ae54404b59a1466ec31548b149353,1,1000000,65536,15.5452,104080,74a7c372ed0f9913a9decfb2db436f7a96b0248f39c0b065fc40b7130ff4b0fc,15.2901,15.2901,14.1794,14.442,16.7418,16.5232
top-bottom,2,baseline,f9ed90d41e7bff92707a796e4677772351a23e53a6e148cf831a3feb92ae880e,1,1000000,65536,14.6924,114564,74a7c372ed0f9913a9decfb2db436f7a96b0248f39c0b065fc40b7130ff4b0fc,12.2218,12.9782,11.8517,12.2218,12.2295,11.8067
top-bottom,2,current,1003a83830e8b12ae1cb86bdec98af3d649ae54404b59a1466ec31548b149353,1,1000000,65536,13.2831,114552,74a7c372ed0f9913a9decfb2db436f7a96b0248f39c0b065fc40b7130ff4b0fc,11.4695,12.2919,11.4695,11.2547,11.9937,11.2573
top-bottom,4,baseline,f9ed90d41e7bff92707a796e4677772351a23e53a6e148cf831a3feb92ae880e,1,1000000,65536,11.0059,134844,74a7c372ed0f9913a9decfb2db436f7a96b0248f39c0b065fc40b7130ff4b0fc,9.44971,10.2185,9.43747,9.44971,9.51135,9.28863
top-bottom,4,current,1003a83830e8b12ae1cb86bdec98af3d649ae54404b59a1466ec31548b149353,1,1000000,65536,9.31282,135100,74a7c372ed0f9913a9decfb2db436f7a96b0248f39c0b065fc40b7130ff4b0fc,7.91628,7.91628,8.04576,8.09481,7.86764,7.86139
top-bottom,8,baseline,f9ed90d41e7bff92707a796e4677772351a23e53a6e148cf831a3feb92ae880e,1,1000000,65536,10.3323,175932,74a7c372ed0f9913a9decfb2db436f7a96b0248f39c0b065fc40b7130ff4b0fc,8.51149,9.57696,8.74306,8.51149,8.17515,7.68568
top-bottom,8,current,1003a83830e8b12ae1cb86bdec98af3d649ae54404b59a1466ec31548b149353,1,1000000,65536,7.41507,176264,74a7c372ed0f9913a9decfb2db436f7a96b0248f39c0b065fc40b7130ff4b0fc,5.48736,5.48736,5.6203,5.35859,5.19069,5.79735
top-bottom,16,baseline,f9ed90d41e7bff92707a796e4677772351a23e53a6e148cf831a3feb92ae880e,1,1000000,65536,10.2422,257544,74a7c372ed0f9913a9decfb2db436f7a96b0248f39c0b065fc40b7130ff4b0fc,9.35391,9.53616,8.44847,9.70491,9.35391,9.33329
top-bottom,16,current,1003a83830e8b12ae1cb86bdec98af3d649ae54404b59a1466ec31548b149353,1,1000000,65536,8.99083,257928,74a7c372ed0f9913a9decfb2db436f7a96b0248f39c0b065fc40b7130ff4b0fc,5.2836,7.34386,5.2836,6.01241,5.04879,5.21175
top-bottom,default,baseline,f9ed90d41e7bff92707a796e4677772351a23e53a6e148cf831a3feb92ae880e,1,1000000,65536,10.1203,380648,74a7c372ed0f9913a9decfb2db436f7a96b0248f39c0b065fc40b7130ff4b0fc,9.02756,9.73195,9.13989,8.98251,8.72479,9.02756
top-bottom,default,current,1003a83830e8b12ae1cb86bdec98af3d649ae54404b59a1466ec31548b149353,1,1000000,65536,7.65863,381320,74a7c372ed0f9913a9decfb2db436f7a96b0248f39c0b065fc40b7130ff4b0fc,4.32188,4.32269,4.32188,5.33546,4.22438,4.22862
first-last,1,baseline,f9ed90d41e7bff92707a796e4677772351a23e53a6e148cf831a3feb92ae880e,1,1000000,65536,10.6774,92020,abe8fdad86ed848fb271761af768db6a441a0d0a35552758f7baf58991b5d51c,9.73365,9.72001,9.73365,10.1115,9.57575,9.73966
first-last,1,current,1003a83830e8b12ae1cb86bdec98af3d649ae54404b59a1466ec31548b149353,1,1000000,65536,8.75653,91988,abe8fdad86ed848fb271761af768db6a441a0d0a35552758f7baf58991b5d51c,7.14955,7.54023,7.02019,7.30056,7.14955,7.11248
first-last,2,baseline,f9ed90d41e7bff92707a796e4677772351a23e53a6e148cf831a3feb92ae880e,1,1000000,65536,11.2227,102316,abe8fdad86ed848fb271761af768db6a441a0d0a35552758f7baf58991b5d51c,9.5651,9.68282,9.94817,9.4608,9.5014,9.5651
first-last,2,current,1003a83830e8b12ae1cb86bdec98af3d649ae54404b59a1466ec31548b149353,1,1000000,65536,6.13035,102352,abe8fdad86ed848fb271761af768db6a441a0d0a35552758f7baf58991b5d51c,5.00115,5.04288,5.00115,5.07333,4.84317,4.77777
first-last,4,baseline,f9ed90d41e7bff92707a796e4677772351a23e53a6e148cf831a3feb92ae880e,1,1000000,65536,10.7985,122596,abe8fdad86ed848fb271761af768db6a441a0d0a35552758f7baf58991b5d51c,9.67351,9.99117,9.50107,9.67351,9.79674,9.38679
first-last,4,current,1003a83830e8b12ae1cb86bdec98af3d649ae54404b59a1466ec31548b149353,1,1000000,65536,5.25234,128896,abe8fdad86ed848fb271761af768db6a441a0d0a35552758f7baf58991b5d51c,3.81232,3.99998,3.81232,3.88248,3.80182,3.6268
first-last,8,baseline,f9ed90d41e7bff92707a796e4677772351a23e53a6e148cf831a3feb92ae880e,1,1000000,65536,10.7753,163552,abe8fdad86ed848fb271761af768db6a441a0d0a35552758f7baf58991b5d51c,9.40357,9.77686,9.3891,9.37981,9.79187,9.40357
first-last,8,current,1003a83830e8b12ae1cb86bdec98af3d649ae54404b59a1466ec31548b149353,1,1000000,65536,3.95179,169764,abe8fdad86ed848fb271761af768db6a441a0d0a35552758f7baf58991b5d51c,2.47088,2.63403,2.47088,2.63517,2.30841,2.21947
first-last,16,baseline,f9ed90d41e7bff92707a796e4677772351a23e53a6e148cf831a3feb92ae880e,1,1000000,65536,11.9225,245788,abe8fdad86ed848fb271761af768db6a441a0d0a35552758f7baf58991b5d51c,10.2544,10.9814,10.686,10.2544,9.54208,9.71753
first-last,16,current,1003a83830e8b12ae1cb86bdec98af3d649ae54404b59a1466ec31548b149353,1,1000000,65536,4.31883,251656,abe8fdad86ed848fb271761af768db6a441a0d0a35552758f7baf58991b5d51c,2.50754,2.63539,2.60493,2.40235,2.50754,2.4437
first-last,default,baseline,f9ed90d41e7bff92707a796e4677772351a23e53a6e148cf831a3feb92ae880e,1,1000000,65536,10.7784,368412,abe8fdad86ed848fb271761af768db6a441a0d0a35552758f7baf58991b5d51c,9.44323,10.1035,9.4362,9.47591,9.42264,9.44323
first-last,default,current,1003a83830e8b12ae1cb86bdec98af3d649ae54404b59a1466ec31548b149353,1,1000000,65536,4.93734,375028,abe8fdad86ed848fb271761af768db6a441a0d0a35552758f7baf58991b5d51c,1.66892,2.8782,1.66892,1.76487,1.66024,1.64703
mixed,1,baseline,f9ed90d41e7bff92707a796e4677772351a23e53a6e148cf831a3feb92ae880e,1,1000000,65536,12.8873,97960,88f62d709a6c9e8fd94118a587ce18e4e3b0188981ffac364e434f9756015ca4,11.4571,11.9895,11.5262,11.4571,11.167,11.1462
mixed,1,current,1003a83830e8b12ae1cb86bdec98af3d649ae54404b59a1466ec31548b149353,1,1000000,65536,11.7995,97876,88f62d709a6c9e8fd94118a587ce18e4e3b0188981ffac364e434f9756015ca4,10.0429,10.7983,10.0545,10.0386,10.0429,9.9801
mixed,2,baseline,f9ed90d41e7bff92707a796e4677772351a23e53a6e148cf831a3feb92ae880e,1,1000000,65536,11.1109,108464,88f62d709a6c9e8fd94118a587ce18e4e3b0188981ffac364e434f9756015ca4,9.49329,9.82924,9.44342,9.50407,9.39641,9.49329
mixed,2,current,1003a83830e8b12ae1cb86bdec98af3d649ae54404b59a1466ec31548b149353,1,1000000,65536,9.79907,108268,88f62d709a6c9e8fd94118a587ce18e4e3b0188981ffac364e434f9756015ca4,8.55293,9.05887,8.50503,8.79897,8.41508,8.55293
mixed,4,baseline,f9ed90d41e7bff92707a796e4677772351a23e53a6e148cf831a3feb92ae880e,1,1000000,65536,10.3919,128564,88f62d709a6c9e8fd94118a587ce18e4e3b0188981ffac364e434f9756015ca4,8.82884,9.00447,8.71718,8.92107,8.37731,8.82884
mixed,4,current,1003a83830e8b12ae1cb86bdec98af3d649ae54404b59a1466ec31548b149353,1,1000000,65536,6.62543,129224,88f62d709a6c9e8fd94118a587ce18e4e3b0188981ffac364e434f9756015ca4,5.51961,5.77482,5.44296,5.51166,5.51961,6.10152
mixed,8,baseline,f9ed90d41e7bff92707a796e4677772351a23e53a6e148cf831a3feb92ae880e,1,1000000,65536,10.3794,170088,88f62d709a6c9e8fd94118a587ce18e4e3b0188981ffac364e434f9756015ca4,8.75482,8.9919,9.03373,8.58789,8.75482,8.68516
mixed,8,current,1003a83830e8b12ae1cb86bdec98af3d649ae54404b59a1466ec31548b149353,1,1000000,65536,6.06707,169660,88f62d709a6c9e8fd94118a587ce18e4e3b0188981ffac364e434f9756015ca4,3.85682,4.49047,3.89437,3.4912,3.40258,3.85682
mixed,16,baseline,f9ed90d41e7bff92707a796e4677772351a23e53a6e148cf831a3feb92ae880e,1,1000000,65536,10.0829,251448,88f62d709a6c9e8fd94118a587ce18e4e3b0188981ffac364e434f9756015ca4,9.59381,9.68611,8.93656,9.13866,9.59381,9.62225
mixed,16,current,1003a83830e8b12ae1cb86bdec98af3d649ae54404b59a1466ec31548b149353,1,1000000,65536,5.10905,251692,88f62d709a6c9e8fd94118a587ce18e4e3b0188981ffac364e434f9756015ca4,3.20344,3.93499,3.35856,3.09814,3.20344,3.13355
mixed,default,baseline,f9ed90d41e7bff92707a796e4677772351a23e53a6e148cf831a3feb92ae880e,1,1000000,65536,10.1497,374780,88f62d709a6c9e8fd94118a587ce18e4e3b0188981ffac364e434f9756015ca4,8.4749,8.78408,8.4749,8.25678,8.30583,8.56314
mixed,default,current,1003a83830e8b12ae1cb86bdec98af3d649ae54404b59a1466ec31548b149353,1,1000000,65536,5.51339,375328,88f62d709a6c9e8fd94118a587ce18e4e3b0188981ffac364e434f9756015ca4,2.51578,3.51725,2.99119,2.27102,2.32611,2.51578
distinct,1,baseline,f9ed90d41e7bff92707a796e4677772351a23e53a6e148cf831a3feb92ae880e,1,1000000,65536,66.2591,202112,67457a1d5b29926989e3244d85a4cf3b2f8a21363195d6a2759f4bbe298cb663,67.8513,62.1871,68.4195,70.466,67.8513,65.3319
distinct,1,current,1003a83830e8b12ae1cb86bdec98af3d649ae54404b59a1466ec31548b149353,1,1000000,65536,50.252,202404,67457a1d5b29926989e3244d85a4cf3b2f8a21363195d6a2759f4bbe298cb663,43.8485,44.9258,43.8485,44.4889,41.6349,43.7071
distinct,2,baseline,f9ed90d41e7bff92707a796e4677772351a23e53a6e148cf831a3feb92ae880e,1,1000000,65536,23.7967,201604,67457a1d5b29926989e3244d85a4cf3b2f8a21363195d6a2759f4bbe298cb663,21.8639,20.7527,21.9106,21.8639,19.8972,22.1483
distinct,2,current,1003a83830e8b12ae1cb86bdec98af3d649ae54404b59a1466ec31548b149353,1,1000000,65536,20.7799,151468,67457a1d5b29926989e3244d85a4cf3b2f8a21363195d6a2759f4bbe298cb663,16.3903,16.1088,16.3379,16.6645,16.464,16.3903
distinct,4,baseline,f9ed90d41e7bff92707a796e4677772351a23e53a6e148cf831a3feb92ae880e,1,1000000,65536,18.2618,230160,67457a1d5b29926989e3244d85a4cf3b2f8a21363195d6a2759f4bbe298cb663,13.9913,14.0868,13.6736,13.9913,13.973,15.1355
distinct,4,current,1003a83830e8b12ae1cb86bdec98af3d649ae54404b59a1466ec31548b149353,1,1000000,65536,11.0521,200632,67457a1d5b29926989e3244d85a4cf3b2f8a21363195d6a2759f4bbe298cb663,9.05558,9.38428,9.27537,9.05558,9.05151,9.04984
distinct,8,baseline,f9ed90d41e7bff92707a796e4677772351a23e53a6e148cf831a3feb92ae880e,1,1000000,65536,14.5647,318308,67457a1d5b29926989e3244d85a4cf3b2f8a21363195d6a2759f4bbe298cb663,11.3878,13.4087,11.913,11.2431,11.3878,11.3154
distinct,8,current,1003a83830e8b12ae1cb86bdec98af3d649ae54404b59a1466ec31548b149353,1,1000000,65536,7.02913,327144,67457a1d5b29926989e3244d85a4cf3b2f8a21363195d6a2759f4bbe298cb663,6.6388,5.78297,5.98997,6.6388,7.62444,6.96114
distinct,16,baseline,f9ed90d41e7bff92707a796e4677772351a23e53a6e148cf831a3feb92ae880e,1,1000000,65536,12.0528,576404,67457a1d5b29926989e3244d85a4cf3b2f8a21363195d6a2759f4bbe298cb663,11.8296,13.9073,13.6841,11.1638,11.8296,10.9404
distinct,16,current,1003a83830e8b12ae1cb86bdec98af3d649ae54404b59a1466ec31548b149353,1,1000000,65536,4.86657,416040,67457a1d5b29926989e3244d85a4cf3b2f8a21363195d6a2759f4bbe298cb663,4.59953,4.03057,4.59953,3.85295,4.96935,4.74798
distinct,default,baseline,f9ed90d41e7bff92707a796e4677772351a23e53a6e148cf831a3feb92ae880e,1,1000000,65536,11.1932,865740,67457a1d5b29926989e3244d85a4cf3b2f8a21363195d6a2759f4bbe298cb663,12.7345,13.0211,12.7345,11.7942,14.0979,11.4481
distinct,default,current,1003a83830e8b12ae1cb86bdec98af3d649ae54404b59a1466ec31548b149353,1,1000000,65536,4.54223,533092,67457a1d5b29926989e3244d85a4cf3b2f8a21363195d6a2759f4bbe298cb663,4.11154,3.79864,4.32798,4.11154,3.92872,5.69304
composite,1,baseline,f9ed90d41e7bff92707a796e4677772351a23e53a6e148cf831a3feb92ae880e,1,1000000,458752,28.4447,130444,89e28455f2fc78110cb132870bf7c66b4c81609c003a643a742f2a50c43ee976,24.5532,25.5545,24.5532,24.6697,24.3368,24.1856
composite,1,current,1003a83830e8b12ae1cb86bdec98af3d649ae54404b59a1466ec31548b149353,1,1000000,458752,15.8307,136856,89e28455f2fc78110cb132870bf7c66b4c81609c003a643a742f2a50c43ee976,12.3737,12.3737,11.3326,11.8554,12.555,13.92
composite,2,baseline,f9ed90d41e7bff92707a796e4677772351a23e53a6e148cf831a3feb92ae880e,1,1000000,458752,19.9874,153488,89e28455f2fc78110cb132870bf7c66b4c81609c003a643a742f2a50c43ee976,17.5843,17.4223,17.8099,18.4621,17.3643,17.5843
composite,2,current,1003a83830e8b12ae1cb86bdec98af3d649ae54404b59a1466ec31548b149353,1,1000000,458752,12.6886,141212,89e28455f2fc78110cb132870bf7c66b4c81609c003a643a742f2a50c43ee976,9.67129,9.97512,9.5383,9.67129,9.59333,9.87162
composite,4,baseline,f9ed90d41e7bff92707a796e4677772351a23e53a6e148cf831a3feb92ae880e,1,1000000,458752,16.1869,198704,89e28455f2fc78110cb132870bf7c66b4c81609c003a643a742f2a50c43ee976,13.1602,13.1602,13.0865,12.8406,13.2499,13.6219
composite,4,current,1003a83830e8b12ae1cb86bdec98af3d649ae54404b59a1466ec31548b149353,1,1000000,458752,8.23805,161576,89e28455f2fc78110cb132870bf7c66b4c81609c003a643a742f2a50c43ee976,5.99584,6.6311,6.09393,5.90171,5.99584,5.90468
composite,8,baseline,f9ed90d41e7bff92707a796e4677772351a23e53a6e148cf831a3feb92ae880e,1,1000000,458752,15.1309,288708,89e28455f2fc78110cb132870bf7c66b4c81609c003a643a742f2a50c43ee976,11.6286,12.2506,12.0222,11.6286,11.4287,11.2874
composite,8,current,1003a83830e8b12ae1cb86bdec98af3d649ae54404b59a1466ec31548b149353,1,1000000,458752,6.7431,202696,89e28455f2fc78110cb132870bf7c66b4c81609c003a643a742f2a50c43ee976,3.88642,5.28849,3.97775,3.41282,3.88642,3.42872
composite,16,baseline,f9ed90d41e7bff92707a796e4677772351a23e53a6e148cf831a3feb92ae880e,1,1000000,458752,13.8946,383108,89e28455f2fc78110cb132870bf7c66b4c81609c003a643a742f2a50c43ee976,11.4113,12.6719,11.4113,11.8621,11.115,11.2504
composite,16,current,1003a83830e8b12ae1cb86bdec98af3d649ae54404b59a1466ec31548b149353,1,1000000,458752,6.19201,284968,89e28455f2fc78110cb132870bf7c66b4c81609c003a643a742f2a50c43ee976,2.75768,4.23629,2.98197,2.75768,2.73691,2.68365
composite,default,baseline,f9ed90d41e7bff92707a796e4677772351a23e53a6e148cf831a3feb92ae880e,1,1000000,458752,15.8827,641528,89e28455f2fc78110cb132870bf7c66b4c81609c003a643a742f2a50c43ee976,13.4597,14.0636,15.2802,12.149,13.4597,13.0343
composite,default,current,1003a83830e8b12ae1cb86bdec98af3d649ae54404b59a1466ec31548b149353,1,1000000,458752,8.32868,407324,89e28455f2fc78110cb132870bf7c66b4c81609c003a643a742f2a50c43ee976,1.98797,4.00548,2.26635,1.96912,1.91767,1.98797
selected,1,baseline,f9ed90d41e7bff92707a796e4677772351a23e53a6e148cf831a3feb92ae880e,1,1000000,65536,5.30714,71280,8522e3c9de155d55f5248f18156623a96083744742ecf5754c6432bd416e0da2,4.98582,5.00533,5.00134,4.92106,4.98582,4.9671
selected,1,current,1003a83830e8b12ae1cb86bdec98af3d649ae54404b59a1466ec31548b149353,1,1000000,65536,3.80032,71552,8522e3c9de155d55f5248f18156623a96083744742ecf5754c6432bd416e0da2,3.61561,3.72197,3.61561,3.4471,3.78054,3.40851
selected,2,baseline,f9ed90d41e7bff92707a796e4677772351a23e53a6e148cf831a3feb92ae880e,1,1000000,65536,3.44321,102320,8522e3c9de155d55f5248f18156623a96083744742ecf5754c6432bd416e0da2,3.36483,3.29993,3.36483,3.2101,3.85247,3.46906
selected,2,current,1003a83830e8b12ae1cb86bdec98af3d649ae54404b59a1466ec31548b149353,1,1000000,65536,2.60098,91800,8522e3c9de155d55f5248f18156623a96083744742ecf5754c6432bd416e0da2,2.27664,2.31814,2.28593,2.26952,2.27664,2.25809
selected,4,baseline,f9ed90d41e7bff92707a796e4677772351a23e53a6e148cf831a3feb92ae880e,1,1000000,65536,2.26837,151544,8522e3c9de155d55f5248f18156623a96083744742ecf5754c6432bd416e0da2,2.2421,2.2421,2.42393,2.19346,2.64901,2.08777
selected,4,current,1003a83830e8b12ae1cb86bdec98af3d649ae54404b59a1466ec31548b149353,1,1000000,65536,1.78483,112864,8522e3c9de155d55f5248f18156623a96083744742ecf5754c6432bd416e0da2,1.48698,1.49311,1.46924,1.51299,1.48698,1.43808
selected,8,baseline,f9ed90d41e7bff92707a796e4677772351a23e53a6e148cf831a3feb92ae880e,1,1000000,65536,2.5428,227244,8522e3c9de155d55f5248f18156623a96083744742ecf5754c6432bd416e0da2,2.24095,2.57649,2.68955,2.24059,2.13068,2.24095
selected,8,current,1003a83830e8b12ae1cb86bdec98af3d649ae54404b59a1466ec31548b149353,1,1000000,65536,1.56863,153656,8522e3c9de155d55f5248f18156623a96083744742ecf5754c6432bd416e0da2,1.21686,1.26533,1.25828,1.2024,1.21686,1.20186
selected,16,baseline,f9ed90d41e7bff92707a796e4677772351a23e53a6e148cf831a3feb92ae880e,1,1000000,65536,2.65258,303024,8522e3c9de155d55f5248f18156623a96083744742ecf5754c6432bd416e0da2,2.51866,2.38704,2.20224,2.51866,2.68072,2.83039
selected,16,current,1003a83830e8b12ae1cb86bdec98af3d649ae54404b59a1466ec31548b149353,1,1000000,65536,1.31024,235888,8522e3c9de155d55f5248f18156623a96083744742ecf5754c6432bd416e0da2,0.90686,0.963211,0.954287,0.9024,0.90686,0.897027
selected,default,baseline,f9ed90d41e7bff92707a796e4677772351a23e53a6e148cf831a3feb92ae880e,1,1000000,65536,2.40701,399520,8522e3c9de155d55f5248f18156623a96083744742ecf5754c6432bd416e0da2,2.52463,2.29277,2.43003,2.52463,2.58781,2.5829
selected,default,current,1003a83830e8b12ae1cb86bdec98af3d649ae54404b59a1466ec31548b149353,1,1000000,65536,1.28978,358152,8522e3c9de155d55f5248f18156623a96083744742ecf5754c6432bd416e0da2,0.890845,0.99111,0.937707,0.890845,0.869469,0.872511
selected-indexed,1,baseline,f9ed90d41e7bff92707a796e4677772351a23e53a6e148cf831a3feb92ae880e,1,1000000,166200,10.2694,102016,90c0fe8a409b8a932d9521b00fde89bd3f5abbec914a2364ae0ca74974a480c3,8.78676,9.70494,9.12377,8.72898,8.75761,8.78676
selected-indexed,1,current,1003a83830e8b12ae1cb86bdec98af3d649ae54404b59a1466ec31548b149353,1,1000000,166200,8.43038,102232,90c0fe8a409b8a932d9521b00fde89bd3f5abbec914a2364ae0ca74974a480c3,6.79691,7.37049,6.79691,6.80562,6.74734,6.68985
selected-indexed,2,baseline,f9ed90d41e7bff92707a796e4677772351a23e53a6e148cf831a3feb92ae880e,1,1000000,166200,8.99262,112552,90c0fe8a409b8a932d9521b00fde89bd3f5abbec914a2364ae0ca74974a480c3,7.78292,8.47965,7.79619,7.74985,7.68305,7.78292
selected-indexed,2,current,1003a83830e8b12ae1cb86bdec98af3d649ae54404b59a1466ec31548b149353,1,1000000,166200,8.04544,113080,90c0fe8a409b8a932d9521b00fde89bd3f5abbec914a2364ae0ca74974a480c3,6.94996,7.43494,6.94996,7.06836,6.83307,6.75281
selected-indexed,4,baseline,f9ed90d41e7bff92707a796e4677772351a23e53a6e148cf831a3feb92ae880e,1,1000000,166200,8.52385,133128,90c0fe8a409b8a932d9521b00fde89bd3f5abbec914a2364ae0ca74974a480c3,7.33744,7.87104,7.33744,7.36859,7.21128,7.28477
selected-indexed,4,current,1003a83830e8b12ae1cb86bdec98af3d649ae54404b59a1466ec31548b149353,1,1000000,166200,6.27559,133016,90c0fe8a409b8a932d9521b00fde89bd3f5abbec914a2364ae0ca74974a480c3,4.95782,5.72984,4.95151,4.88112,4.95782,5.09679
selected-indexed,8,baseline,f9ed90d41e7bff92707a796e4677772351a23e53a6e148cf831a3feb92ae880e,1,1000000,166200,8.23644,173884,90c0fe8a409b8a932d9521b00fde89bd3f5abbec914a2364ae0ca74974a480c3,6.99259,7.51478,7.00962,6.99259,6.91127,6.9191
selected-indexed,8,current,1003a83830e8b12ae1cb86bdec98af3d649ae54404b59a1466ec31548b149353,1,1000000,166200,5.93567,174180,90c0fe8a409b8a932d9521b00fde89bd3f5abbec914a2364ae0ca74974a480c3,4.24345,5.02129,4.29437,4.1303,4.24345,4.13979
selected-indexed,16,baseline,f9ed90d41e7bff92707a796e4677772351a23e53a6e148cf831a3feb92ae880e,1,1000000,166200,8.07299,255660,90c0fe8a409b8a932d9521b00fde89bd3f5abbec914a2364ae0ca74974a480c3,6.84877,7.51774,6.84877,6.76328,6.88498,6.66998
selected-indexed,16,current,1003a83830e8b12ae1cb86bdec98af3d649ae54404b59a1466ec31548b149353,1,1000000,166200,4.65389,255836,90c0fe8a409b8a932d9521b00fde89bd3f5abbec914a2364ae0ca74974a480c3,3.46413,3.94908,3.46413,3.52771,3.39413,3.37768
selected-indexed,default,baseline,f9ed90d41e7bff92707a796e4677772351a23e53a6e148cf831a3feb92ae880e,1,1000000,166200,7.97204,379076,90c0fe8a409b8a932d9521b00fde89bd3f5abbec914a2364ae0ca74974a480c3,6.86623,7.62473,6.92763,6.78347,6.86623,6.82368
selected-indexed,default,current,1003a83830e8b12ae1cb86bdec98af3d649ae54404b59a1466ec31548b149353,1,1000000,166200,4.5514,378904,90c0fe8a409b8a932d9521b00fde89bd3f5abbec914a2364ae0ca74974a480c3,3.3876,3.78701,3.44431,3.3876,3.14699,3.27106
sparse,1,baseline,f9ed90d41e7bff92707a796e4677772351a23e53a6e148cf831a3feb92ae880e,1,1000000,65536,51.4365,128300,01972ab0fd51c783c88722805ff688e4e3cedb929ff314dc14dcdc03d2d1c1c8,48.7955,49.1634,48.4996,48.7955,48.7653,48.8447
sparse,1,current,1003a83830e8b12ae1cb86bdec98af3d649ae54404b59a1466ec31548b149353,1,1000000,65536,50.9332,128900,01972ab0fd51c783c88722805ff688e4e3cedb929ff314dc14dcdc03d2d1c1c8,48.1919,48.3485,47.5738,48.2274,48.1919,47.8485
sparse,2,baseline,f9ed90d41e7bff92707a796e4677772351a23e53a6e148cf831a3feb92ae880e,1,1000000,65536,27.2192,136644,01972ab0fd51c783c88722805ff688e4e3cedb929ff314dc14dcdc03d2d1c1c8,25.6334,25.8185,25.6334,25.7073,25.6236,25.4174
sparse,2,current,1003a83830e8b12ae1cb86bdec98af3d649ae54404b59a1466ec31548b149353,1,1000000,65536,26.2557,137424,01972ab0fd51c783c88722805ff688e4e3cedb929ff314dc14dcdc03d2d1c1c8,24.6654,25.0916,24.7756,24.6654,24.6404,24.6553
sparse,4,baseline,f9ed90d41e7bff92707a796e4677772351a23e53a6e148cf831a3feb92ae880e,1,1000000,65536,14.2391,188144,01972ab0fd51c783c88722805ff688e4e3cedb929ff314dc14dcdc03d2d1c1c8,14.0137,14.4272,14.2093,13.7714,14.0137,13.6527
sparse,4,current,1003a83830e8b12ae1cb86bdec98af3d649ae54404b59a1466ec31548b149353,1,1000000,65536,14.3852,188400,01972ab0fd51c783c88722805ff688e4e3cedb929ff314dc14dcdc03d2d1c1c8,13.4242,14.1531,13.5119,13.1712,13.4242,13.1213
sparse,8,baseline,f9ed90d41e7bff92707a796e4677772351a23e53a6e148cf831a3feb92ae880e,1,1000000,65536,9.2167,319656,01972ab0fd51c783c88722805ff688e4e3cedb929ff314dc14dcdc03d2d1c1c8,8.41367,8.60804,8.71999,8.04106,8.41367,8.14766
sparse,8,current,1003a83830e8b12ae1cb86bdec98af3d649ae54404b59a1466ec31548b149353,1,1000000,65536,9.17125,319488,01972ab0fd51c783c88722805ff688e4e3cedb929ff314dc14dcdc03d2d1c1c8,7.96491,8.6797,8.7958,7.66524,7.96491,7.79114
sparse,16,baseline,f9ed90d41e7bff92707a796e4677772351a23e53a6e148cf831a3feb92ae880e,1,1000000,65536,6.16413,475100,01972ab0fd51c783c88722805ff688e4e3cedb929ff314dc14dcdc03d2d1c1c8,5.85785,5.73977,6.11637,5.51994,5.85785,7.20951
sparse,16,current,1003a83830e8b12ae1cb86bdec98af3d649ae54404b59a1466ec31548b149353,1,1000000,65536,5.80016,477096,01972ab0fd51c783c88722805ff688e4e3cedb929ff314dc14dcdc03d2d1c1c8,5.25149,5.25149,5.9608,5.09766,5.18697,6.57785
sparse,default,baseline,f9ed90d41e7bff92707a796e4677772351a23e53a6e148cf831a3feb92ae880e,1,1000000,65536,5.67306,766640,01972ab0fd51c783c88722805ff688e4e3cedb929ff314dc14dcdc03d2d1c1c8,5.99421,5.90506,5.33968,6.88042,5.99421,6.16423
sparse,default,current,1003a83830e8b12ae1cb86bdec98af3d649ae54404b59a1466ec31548b149353,1,1000000,65536,5.28202,766712,01972ab0fd51c783c88722805ff688e4e3cedb929ff314dc14dcdc03d2d1c1c8,7.07964,5.50482,6.32034,7.6724,7.07964,7.46585
clustered,1,baseline,f9ed90d41e7bff92707a796e4677772351a23e53a6e148cf831a3feb92ae880e,1,1000000,125000,4.04253,71296,9226fbbc34dc78a0eb0d9731b6075244eb0d8c9daf05af27419f638bf9d95c9c,3.90657,3.9595,3.88186,3.96491,3.90657,3.87843
clustered,1,current,1003a83830e8b12ae1cb86bdec98af3d649ae54404b59a1466ec31548b149353,1,1000000,125000,1.81919,71196,9226fbbc34dc78a0eb0d9731b6075244eb0d8c9daf05af27419f638bf9d95c9c,1.6895,1.72213,1.67135,1.6895,1.7024,1.68568
clustered,2,baseline,f9ed90d41e7bff92707a796e4677772351a23e53a6e148cf831a3feb92ae880e,1,1000000,125000,2.68523,95852,9226fbbc34dc78a0eb0d9731b6075244eb0d8c9daf05af27419f638bf9d95c9c,2.4402,2.4402,2.68276,2.39423,2.51774,2.37767
clustered,2,current,1003a83830e8b12ae1cb86bdec98af3d649ae54404b59a1466ec31548b149353,1,1000000,125000,1.49092,81276,9226fbbc34dc78a0eb0d9731b6075244eb0d8c9daf05af27419f638bf9d95c9c,1.36906,1.44795,1.36906,1.3479,1.36015,1.39617
clustered,4,baseline,f9ed90d41e7bff92707a796e4677772351a23e53a6e148cf831a3feb92ae880e,1,1000000,125000,1.68065,126560,9226fbbc34dc78a0eb0d9731b6075244eb0d8c9daf05af27419f638bf9d95c9c,1.77118,1.80393,1.63572,1.96508,1.60886,1.77118
clustered,4,current,1003a83830e8b12ae1cb86bdec98af3d649ae54404b59a1466ec31548b149353,1,1000000,125000,2.5876,117988,9226fbbc34dc78a0eb0d9731b6075244eb0d8c9daf05af27419f638bf9d95c9c,1.47583,1.63743,1.5823,1.47583,1.43512,1.4203
clustered,8,baseline,f9ed90d41e7bff92707a796e4677772351a23e53a6e148cf831a3feb92ae880e,1,1000000,125000,1.42258,200232,9226fbbc34dc78a0eb0d9731b6075244eb0d8c9daf05af27419f638bf9d95c9c,1.56107,1.56107,1.25272,1.85924,1.38126,1.99214
clustered,8,current,1003a83830e8b12ae1cb86bdec98af3d649ae54404b59a1466ec31548b149353,1,1000000,125000,2.5964,163624,9226fbbc34dc78a0eb0d9731b6075244eb0d8c9daf05af27419f638bf9d95c9c,1.33147,1.33147,1.16984,1.3641,1.37979,1.23297
clustered,16,baseline,f9ed90d41e7bff92707a796e4677772351a23e53a6e148cf831a3feb92ae880e,1,1000000,125000,3.02794,348280,9226fbbc34dc78a0eb0d9731b6075244eb0d8c9daf05af27419f638bf9d95c9c,3.66341,3.72268,2.64168,4.49803,3.00328,3.66341
clustered,16,current,1003a83830e8b12ae1cb86bdec98af3d649ae54404b59a1466ec31548b149353,1,1000000,125000,2.49779,245608,9226fbbc34dc78a0eb0d9731b6075244eb0d8c9daf05af27419f638bf9d95c9c,0.766491,0.766491,0.735916,0.789951,0.788196,0.672518
clustered,default,baseline,f9ed90d41e7bff92707a796e4677772351a23e53a6e148cf831a3feb92ae880e,1,1000000,125000,4.06496,541192,9226fbbc34dc78a0eb0d9731b6075244eb0d8c9daf05af27419f638bf9d95c9c,5.23627,5.21868,5.2917,5.4256,5.23627,4.7641
clustered,default,current,1003a83830e8b12ae1cb86bdec98af3d649ae54404b59a1466ec31548b149353,1,1000000,125000,2.90502,369164,9226fbbc34dc78a0eb0d9731b6075244eb0d8c9daf05af27419f638bf9d95c9c,0.647425,0.738407,0.652632,0.647425,0.574243,0.584134
skew,1,baseline,f9ed90d41e7bff92707a796e4677772351a23e53a6e148cf831a3feb92ae880e,1,1000000,65537,4.2176,71216,9493dd1efb9b30127aa0aa3416330a7cfc92c30c1dcf11a3fbbbd573487efcf2,4.26432,4.38031,4.14476,4.26432,4.13444,4.59832
skew,1,current,1003a83830e8b12ae1cb86bdec98af3d649ae54404b59a1466ec31548b149353,1,1000000,65537,1.77168,71556,9493dd1efb9b30127aa0aa3416330a7cfc92c30c1dcf11a3fbbbd573487efcf2,1.51581,1.64639,1.53525,1.5019,1.51581,1.49192
skew,2,baseline,f9ed90d41e7bff92707a796e4677772351a23e53a6e148cf831a3feb92ae880e,1,1000000,65537,2.89871,95548,9493dd1efb9b30127aa0aa3416330a7cfc92c30c1dcf11a3fbbbd573487efcf2,3.03605,2.67551,3.03605,3.09616,2.69073,3.10384
skew,2,current,1003a83830e8b12ae1cb86bdec98af3d649ae54404b59a1466ec31548b149353,1,1000000,65537,1.49203,81292,9493dd1efb9b30127aa0aa3416330a7cfc92c30c1dcf11a3fbbbd573487efcf2,1.05004,1.34945,1.05945,1.05004,1.04367,1.0374
skew,4,baseline,f9ed90d41e7bff92707a796e4677772351a23e53a6e148cf831a3feb92ae880e,1,1000000,65537,3.4545,124964,9493dd1efb9b30127aa0aa3416330a7cfc92c30c1dcf11a3fbbbd573487efcf2,3.5717,4.06416,3.10294,3.88896,2.88985,3.5717
skew,4,current,1003a83830e8b12ae1cb86bdec98af3d649ae54404b59a1466ec31548b149353,1,1000000,65537,1.8328,116424,9493dd1efb9b30127aa0aa3416330a7cfc92c30c1dcf11a3fbbbd573487efcf2,0.777134,0.915906,0.817351,0.772175,0.777134,0.768198
skew,8,baseline,f9ed90d41e7bff92707a796e4677772351a23e53a6e148cf831a3feb92ae880e,1,1000000,65537,1.94521,200616,9493dd1efb9b30127aa0aa3416330a7cfc92c30c1dcf11a3fbbbd573487efcf2,1.99173,1.99173,1.73207,2.2895,1.76276,2.22373
skew,8,current,1003a83830e8b12ae1cb86bdec98af3d649ae54404b59a1466ec31548b149353,1,1000000,65537,2.11518,161376,9493dd1efb9b30127aa0aa3416330a7cfc92c30c1dcf11a3fbbbd573487efcf2,1.00107,0.970357,1.00483,1.00107,0.996948,1.06149
skew,16,baseline,f9ed90d41e7bff92707a796e4677772351a23e53a6e148cf831a3feb92ae880e,1,1000000,65537,4.73483,348280,9493dd1efb9b30127aa0aa3416330a7cfc92c30c1dcf11a3fbbbd573487efcf2,5.23339,5.24925,4.78478,5.99927,3.81637,5.23339
skew,16,current,1003a83830e8b12ae1cb86bdec98af3d649ae54404b59a1466ec31548b149353,1,1000000,65537,2.66443,245640,2fda006d290f4d1ca6efe9f1a4b3d0e68f9072a6159bfb30e323d87e16fca0ac,0.952163,1.11363,1.03294,0.931563,0.952163,0.801994
skew,default,baseline,f9ed90d41e7bff92707a796e4677772351a23e53a6e148cf831a3feb92ae880e,1,1000000,65537,16.3931,867144,2fda006d290f4d1ca6efe9f1a4b3d0e68f9072a6159bfb30e323d87e16fca0ac,15.0289,14.9146,17.1956,15.0289,17.0258,14.8534
skew,default,current,1003a83830e8b12ae1cb86bdec98af3d649ae54404b59a1466ec31548b149353,1,1000000,65537,2.82994,368696,2fda006d290f4d1ca6efe9f1a4b3d0e68f9072a6159bfb30e323d87e16fca0ac,0.66766,0.85046,0.700583,0.66766,0.658497,0.635572
skew-indexed,1,baseline,f9ed90d41e7bff92707a796e4677772351a23e53a6e148cf831a3feb92ae880e,1,1000000,65537,11.2657,95868,0a108eae43b1b94c348cc8775f32deb19b3fcdf8d52e3c1aea1dccf4affc60a7,9.79442,10.182,9.79442,9.9885,9.75816,9.77318
skew-indexed,1,current,1003a83830e8b12ae1cb86bdec98af3d649ae54404b59a1466ec31548b149353,1,1000000,65537,11.1047,96132,0a108eae43b1b94c348cc8775f32deb19b3fcdf8d52e3c1aea1dccf4affc60a7,9.42775,9.54829,9.34192,9.42938,9.35409,9.42775
skew-indexed,2,baseline,f9ed90d41e7bff92707a796e4677772351a23e53a6e148cf831a3feb92ae880e,1,1000000,65537,9.48278,106360,0a108eae43b1b94c348cc8775f32deb19b3fcdf8d52e3c1aea1dccf4affc60a7,8.43291,8.61922,7.94816,8.43291,8.30049,8.44285
skew-indexed,2,current,1003a83830e8b12ae1cb86bdec98af3d649ae54404b59a1466ec31548b149353,1,1000000,65537,8.71258,106488,0a108eae43b1b94c348cc8775f32deb19b3fcdf8d52e3c1aea1dccf4affc60a7,7.36349,7.43219,7.29562,7.31387,7.36349,7.41249
skew-indexed,4,baseline,f9ed90d41e7bff92707a796e4677772351a23e53a6e148cf831a3feb92ae880e,1,1000000,65537,9.46837,126576,0a108eae43b1b94c348cc8775f32deb19b3fcdf8d52e3c1aea1dccf4affc60a7,8.08383,8.15762,8.08383,8.07778,8.08814,8.0317
skew-indexed,4,current,1003a83830e8b12ae1cb86bdec98af3d649ae54404b59a1466ec31548b149353,1,1000000,65537,7.49421,128976,0a108eae43b1b94c348cc8775f32deb19b3fcdf8d52e3c1aea1dccf4affc60a7,5.25443,5.91296,5.42806,5.21814,5.25389,5.25443
skew-indexed,8,baseline,f9ed90d41e7bff92707a796e4677772351a23e53a6e148cf831a3feb92ae880e,1,1000000,65537,9.55001,167484,0a108eae43b1b94c348cc8775f32deb19b3fcdf8d52e3c1aea1dccf4affc60a7,8.01248,8.01248,8.0608,8.07753,8.00872,7.94998
skew-indexed,8,current,1003a83830e8b12ae1cb86bdec98af3d649ae54404b59a1466ec31548b149353,1,1000000,65537,5.40529,170100,0a108eae43b1b94c348cc8775f32deb19b3fcdf8d52e3c1aea1dccf4affc60a7,3.91945,3.98457,4.13849,3.91945,3.75127,3.77598
skew-indexed,16,baseline,f9ed90d41e7bff92707a796e4677772351a23e53a6e148cf831a3feb92ae880e,1,1000000,65537,9.64263,249432,0a108eae43b1b94c348cc8775f32deb19b3fcdf8d52e3c1aea1dccf4affc60a7,8.12543,8.12543,9.46729,8.12219,8.21167,8.06222
skew-indexed,16,current,1003a83830e8b12ae1cb86bdec98af3d649ae54404b59a1466ec31548b149353,1,1000000,65537,5.62606,251836,0a108eae43b1b94c348cc8775f32deb19b3fcdf8d52e3c1aea1dccf4affc60a7,3.00079,3.07099,3.01626,3.00079,2.94836,2.87541
skew-indexed,default,baseline,f9ed90d41e7bff92707a796e4677772351a23e53a6e148cf831a3feb92ae880e,1,1000000,65537,9.58608,372424,0a108eae43b1b94c348cc8775f32deb19b3fcdf8d52e3c1aea1dccf4affc60a7,8.01948,8.1681,7.94957,7.99711,8.01948,8.06112
skew-indexed,default,current,1003a83830e8b12ae1cb86bdec98af3d649ae54404b59a1466ec31548b149353,1,1000000,65537,7.63693,374856,0a108eae43b1b94c348cc8775f32deb19b3fcdf8d52e3c1aea1dccf4affc60a7,2.87342,2.97411,2.86821,2.87342,2.77464,2.90485
float-key,1,baseline,f9ed90d41e7bff92707a796e4677772351a23e53a6e148cf831a3feb92ae880e,1,1000000,65536,17.2546,83848,67815070ec5e825828d32b5e6b3a37db6aa89f046b6f7390a537494ae110c572,16.984,17.0123,17.0048,16.9759,16.9693,16.984
float-key,1,current,1003a83830e8b12ae1cb86bdec98af3d649ae54404b59a1466ec31548b149353,1,1000000,65536,13.6356,91668,67815070ec5e825828d32b5e6b3a37db6aa89f046b6f7390a537494ae110c572,11.8105,11.8465,11.8105,11.7352,11.6714,12.1333
float-key,2,baseline,f9ed90d41e7bff92707a796e4677772351a23e53a6e148cf831a3feb92ae880e,1,1000000,65536,12.6809,196416,67815070ec5e825828d32b5e6b3a37db6aa89f046b6f7390a537494ae110c572,10.1879,10.1493,9.70068,11.0372,10.1879,10.282
float-key,2,current,1003a83830e8b12ae1cb86bdec98af3d649ae54404b59a1466ec31548b149353,1,1000000,65536,13.5714,194388,67815070ec5e825828d32b5e6b3a37db6aa89f046b6f7390a537494ae110c572,9.81445,11.0141,10.1074,9.81445,9.54137,9.81198
float-key,4,baseline,f9ed90d41e7bff92707a796e4677772351a23e53a6e148cf831a3feb92ae880e,1,1000000,65536,8.23468,200456,67815070ec5e825828d32b5e6b3a37db6aa89f046b6f7390a537494ae110c572,6.06818,6.35009,6.09162,6.05149,6.01739,6.06818
float-key,4,current,1003a83830e8b12ae1cb86bdec98af3d649ae54404b59a1466ec31548b149353,1,1000000,65536,10.022,233212,67815070ec5e825828d32b5e6b3a37db6aa89f046b6f7390a537494ae110c572,5.85521,6.32664,6.27494,5.85521,5.65612,5.69079
float-key,8,baseline,f9ed90d41e7bff92707a796e4677772351a23e53a6e148cf831a3feb92ae880e,1,1000000,65536,6.00338,319460,67815070ec5e825828d32b5e6b3a37db6aa89f046b6f7390a537494ae110c572,4.47039,7.11225,4.94552,4.25242,4.47039,4.07499
float-key,8,current,1003a83830e8b12ae1cb86bdec98af3d649ae54404b59a1466ec31548b149353,1,1000000,65536,5.53505,319260,67815070ec5e825828d32b5e6b3a37db6aa89f046b6f7390a537494ae110c572,4.22017,5.79394,4.5598,4.22017,4.18863,4.05917
float-key,16,baseline,f9ed90d41e7bff92707a796e4677772351a23e53a6e148cf831a3feb92ae880e,1,1000000,65536,4.79531,579572,67815070ec5e825828d32b5e6b3a37db6aa89f046b6f7390a537494ae110c572,5.28237,6.1021,5.28237,5.82686,4.70334,4.10144
float-key,16,current,1003a83830e8b12ae1cb86bdec98af3d649ae54404b59a1466ec31548b149353,1,1000000,65536,4.78268,251460,67815070ec5e825828d32b5e6b3a37db6aa89f046b6f7390a537494ae110c572,3.35546,3.07944,2.94772,3.44718,3.94618,3.35546
float-key,default,baseline,f9ed90d41e7bff92707a796e4677772351a23e53a6e148cf831a3feb92ae880e,1,1000000,65536,3.86105,821908,67815070ec5e825828d32b5e6b3a37db6aa89f046b6f7390a537494ae110c572,6.36616,5.94558,6.37683,5.9855,6.36616,6.67794
float-key,default,current,1003a83830e8b12ae1cb86bdec98af3d649ae54404b59a1466ec31548b149353,1,1000000,65536,4.99373,374764,67815070ec5e825828d32b5e6b3a37db6aa89f046b6f7390a537494ae110c572,2.18478,2.28508,2.14315,2.18478,2.16719,2.25621
float-indexed,1,baseline,f9ed90d41e7bff92707a796e4677772351a23e53a6e148cf831a3feb92ae880e,1,1000000,65536,20.8468,97576,8254dd5b7c07aa3f6b65b862ba1f87f9e25680cc1eb068c06cea381991733c2f,17.4506,17.6691,17.3385,17.4506,17.4162,17.5836
float-indexed,1,current,1003a83830e8b12ae1cb86bdec98af3d649ae54404b59a1466ec31548b149353,1,1000000,65536,18.3168,97872,8254dd5b7c07aa3f6b65b862ba1f87f9e25680cc1eb068c06cea381991733c2f,16.1113,16.2859,16.1113,16.0737,16.7511,15.9851
float-indexed,2,baseline,f9ed90d41e7bff92707a796e4677772351a23e53a6e148cf831a3feb92ae880e,1,1000000,65536,17.56,108172,8254dd5b7c07aa3f6b65b862ba1f87f9e25680cc1eb068c06cea381991733c2f,15.6153,15.7849,15.4878,15.6153,15.808,15.613
float-indexed,2,current,1003a83830e8b12ae1cb86bdec98af3d649ae54404b59a1466ec31548b149353,1,1000000,65536,14.4721,108704,8254dd5b7c07aa3f6b65b862ba1f87f9e25680cc1eb068c06cea381991733c2f,12.7068,13.0868,12.5698,12.7068,12.6622,12.7527
float-indexed,4,baseline,f9ed90d41e7bff92707a796e4677772351a23e53a6e148cf831a3feb92ae880e,1,1000000,65536,17.3184,128820,8254dd5b7c07aa3f6b65b862ba1f87f9e25680cc1eb068c06cea381991733c2f,15.2205,15.5133,15.2205,15.159,15.2338,15.0673
float-indexed,4,current,1003a83830e8b12ae1cb86bdec98af3d649ae54404b59a1466ec31548b149353,1,1000000,65536,9.68062,128976,8254dd5b7c07aa3f6b65b862ba1f87f9e25680cc1eb068c06cea381991733c2f,7.8102,8.12957,7.81859,7.76842,7.8102,7.80313
float-indexed,8,baseline,f9ed90d41e7bff92707a796e4677772351a23e53a6e148cf831a3feb92ae880e,1,1000000,65536,16.9393,170032,8254dd5b7c07aa3f6b65b862ba1f87f9e25680cc1eb068c06cea381991733c2f,14.1548,14.717,14.4683,14.1548,14.1191,14.0876
float-indexed,8,current,1003a83830e8b12ae1cb86bdec98af3d649ae54404b59a1466ec31548b149353,1,1000000,65536,6.43461,169992,8254dd5b7c07aa3f6b65b862ba1f87f9e25680cc1eb068c06cea381991733c2f,4.97336,4.7916,4.71851,4.97336,5.25487,5.12325
float-indexed,16,baseline,f9ed90d41e7bff92707a796e4677772351a23e53a6e148cf831a3feb92ae880e,1,1000000,65536,17.2911,251564,8254dd5b7c07aa3f6b65b862ba1f87f9e25680cc1eb068c06cea381991733c2f,15.2495,15.2495,15.2306,15.161,15.615,15.319
float-indexed,16,current,1003a83830e8b12ae1cb86bdec98af3d649ae54404b59a1466ec31548b149353,1,1000000,65536,5.16432,251880,8254dd5b7c07aa3f6b65b862ba1f87f9e25680cc1eb068c06cea381991733c2f,3.50342,3.56645,3.51657,3.39551,3.50342,3.46548
float-indexed,default,baseline,f9ed90d41e7bff92707a796e4677772351a23e53a6e148cf831a3feb92ae880e,1,1000000,65536,16.8389,375124,8254dd5b7c07aa3f6b65b862ba1f87f9e25680cc1eb068c06cea381991733c2f,15.3946,15.4684,15.5574,15.0626,15.3946,15.1482
float-indexed,default,current,1003a83830e8b12ae1cb86bdec98af3d649ae54404b59a1466ec31548b149353,1,1000000,65536,5.51458,375288,8254dd5b7c07aa3f6b65b862ba1f87f9e25680cc1eb068c06cea381991733c2f,2.79968,2.81189,2.76676,2.79968,2.85093,2.67145
symbol-key,1,baseline,f9ed90d41e7bff92707a796e4677772351a23e53a6e148cf831a3feb92ae880e,1,1000000,4,1.28793,87416,f4f0cd4a2b69b2ea50a501980d32272f8f90ca85d2e6c4191191f90689bb19db,1.20192,1.31293,1.27665,1.16115,1.09228,1.20192
symbol-key,1,current,1003a83830e8b12ae1cb86bdec98af3d649ae54404b59a1466ec31548b149353,1,1000000,4,1.32932,87676,f4f0cd4a2b69b2ea50a501980d32272f8f90ca85d2e6c4191191f90689bb19db,1.11563,1.31014,1.15113,1.11563,1.08444,1.08054
symbol-key,2,baseline,f9ed90d41e7bff92707a796e4677772351a23e53a6e148cf831a3feb92ae880e,1,1000000,4,0.658803,97680,f4f0cd4a2b69b2ea50a501980d32272f8f90ca85d2e6c4191191f90689bb19db,0.535175,0.61429,0.577003,0.535175,0.527196,0.51392
symbol-key,2,current,1003a83830e8b12ae1cb86bdec98af3d649ae54404b59a1466ec31548b149353,1,1000000,4,0.885494,97516,f4f0cd4a2b69b2ea50a501980d32272f8f90ca85d2e6c4191191f90689bb19db,0.762758,0.762758,0.61527,0.579941,0.833321,0.863672
symbol-key,4,baseline,f9ed90d41e7bff92707a796e4677772351a23e53a6e148cf831a3feb92ae880e,1,1000000,4,0.609116,117828,f4f0cd4a2b69b2ea50a501980d32272f8f90ca85d2e6c4191191f90689bb19db,0.520877,0.599433,0.480367,0.522014,0.464875,0.520877
symbol-key,4,current,1003a83830e8b12ae1cb86bdec98af3d649ae54404b59a1466ec31548b149353,1,1000000,4,0.631533,118216,f4f0cd4a2b69b2ea50a501980d32272f8f90ca85d2e6c4191191f90689bb19db,0.447363,0.505235,0.447363,0.456278,0.371256,0.311016
symbol-key,8,baseline,f9ed90d41e7bff92707a796e4677772351a23e53a6e148cf831a3feb92ae880e,1,1000000,4,0.493773,159464,f4f0cd4a2b69b2ea50a501980d32272f8f90ca85d2e6c4191191f90689bb19db,0.364847,0.400439,0.386909,0.364847,0.352594,0.357892
symbol-key,8,current,1003a83830e8b12ae1cb86bdec98af3d649ae54404b59a1466ec31548b149353,1,1000000,4,0.60245,159048,f4f0cd4a2b69b2ea50a501980d32272f8f90ca85d2e6c4191191f90689bb19db,0.284705,0.39215,0.298257,0.278049,0.284705,0.284704
symbol-key,16,baseline,f9ed90d41e7bff92707a796e4677772351a23e53a6e148cf831a3feb92ae880e,1,1000000,4,0.528814,241004,f4f0cd4a2b69b2ea50a501980d32272f8f90ca85d2e6c4191191f90689bb19db,0.253916,0.299072,0.253916,0.255983,0.227386,0.218522
symbol-key,16,current,1003a83830e8b12ae1cb86bdec98af3d649ae54404b59a1466ec31548b149353,1,1000000,4,0.523397,241304,f4f0cd4a2b69b2ea50a501980d32272f8f90ca85d2e6c4191191f90689bb19db,0.241693,0.356818,0.227359,0.29418,0.241693,0.229767
symbol-key,default,baseline,f9ed90d41e7bff92707a796e4677772351a23e53a6e148cf831a3feb92ae880e,1,1000000,4,0.590841,364520,f4f0cd4a2b69b2ea50a501980d32272f8f90ca85d2e6c4191191f90689bb19db,0.267455,0.331202,0.285269,0.267455,0.230658,0.201164
symbol-key,default,current,1003a83830e8b12ae1cb86bdec98af3d649ae54404b59a1466ec31548b149353,1,1000000,4,0.600484,364336,f4f0cd4a2b69b2ea50a501980d32272f8f90ca85d2e6c4191191f90689bb19db,0.228613,0.32312,0.255222,0.228613,0.217408,0.204721
string-key,1,baseline,f9ed90d41e7bff92707a796e4677772351a23e53a6e148cf831a3feb92ae880e,1,1000000,4,24.1086,102260,09cd04e65ed6be6cf5faedcd46662a9984066e100cb4d6d6cf76f790225543a9,24.8582,24.8587,24.8152,24.8393,24.94,24.8582
string-key,1,current,1003a83830e8b12ae1cb86bdec98af3d649ae54404b59a1466ec31548b149353,1,1000000,4,13.6583,122420,09cd04e65ed6be6cf5faedcd46662a9984066e100cb4d6d6cf76f790225543a9,12.4759,12.4758,12.4017,12.5225,12.4975,12.4759
string-key,2,baseline,f9ed90d41e7bff92707a796e4677772351a23e53a6e148cf831a3feb92ae880e,1,1000000,4,18.5117,204480,09cd04e65ed6be6cf5faedcd46662a9984066e100cb4d6d6cf76f790225543a9,16.5369,17.1858,16.5838,16.4577,16.3964,16.5369
string-key,2,current,1003a83830e8b12ae1cb86bdec98af3d649ae54404b59a1466ec31548b149353,1,1000000,4,9.304,139172,09cd04e65ed6be6cf5faedcd46662a9984066e100cb4d6d6cf76f790225543a9,7.89615,7.89615,7.83963,8.01096,7.8834,7.92114
string-key,4,baseline,f9ed90d41e7bff92707a796e4677772351a23e53a6e148cf831a3feb92ae880e,1,1000000,4,10.9501,212640,09cd04e65ed6be6cf5faedcd46662a9984066e100cb4d6d6cf76f790225543a9,8.38998,8.97755,8.71574,8.36379,8.38998,8.36709
string-key,4,current,1003a83830e8b12ae1cb86bdec98af3d649ae54404b59a1466ec31548b149353,1,1000000,4,5.33728,159488,09cd04e65ed6be6cf5faedcd46662a9984066e100cb4d6d6cf76f790225543a9,3.99779,4.07344,3.96737,3.99779,3.98737,4.02774
string-key,8,baseline,f9ed90d41e7bff92707a796e4677772351a23e53a6e148cf831a3feb92ae880e,1,1000000,4,7.28974,331988,09cd04e65ed6be6cf5faedcd46662a9984066e100cb4d6d6cf76f790225543a9,7.34923,7.69628,6.90629,6.8253,8.62598,7.34923
string-key,8,current,1003a83830e8b12ae1cb86bdec98af3d649ae54404b59a1466ec31548b149353,1,1000000,4,4.2364,200492,09cd04e65ed6be6cf5faedcd46662a9984066e100cb4d6d6cf76f790225543a9,2.37275,2.47924,2.36184,2.33579,2.38713,2.37275
string-key,16,baseline,f9ed90d41e7bff92707a796e4677772351a23e53a6e148cf831a3feb92ae880e,1,1000000,4,6.29167,583600,09cd04e65ed6be6cf5faedcd46662a9984066e100cb4d6d6cf76f790225543a9,9.08758,9.90364,6.6458,9.08758,7.07698,9.482
string-key,16,current,1003a83830e8b12ae1cb86bdec98af3d649ae54404b59a1466ec31548b149353,1,1000000,4,3.69076,282584,09cd04e65ed6be6cf5faedcd46662a9984066e100cb4d6d6cf76f790225543a9,1.85498,1.83191,1.70877,1.85498,1.88531,1.88685
string-key,default,baseline,f9ed90d41e7bff92707a796e4677772351a23e53a6e148cf831a3feb92ae880e,1,1000000,4,7.79372,600716,09cd04e65ed6be6cf5faedcd46662a9984066e100cb4d6d6cf76f790225543a9,6.78953,6.22007,6.78953,8.44684,6.7563,9.1859
string-key,default,current,1003a83830e8b12ae1cb86bdec98af3d649ae54404b59a1466ec31548b149353,1,1000000,4,5.13908,405652,09cd04e65ed6be6cf5faedcd46662a9984066e100cb4d6d6cf76f790225543a9,1.46184,1.4952,1.54225,1.46184,1.38476,1.4092
string-indexed,1,baseline,f9ed90d41e7bff92707a796e4677772351a23e53a6e148cf831a3feb92ae880e,1,1000000,4,17.9138,122144,8f60991140aec2ac36e339f8e555b4179d074f0fe79eed44b7d684500c38245e,16.1418,16.4173,16.341,16.0222,15.8839,16.1418
string-indexed,1,current,1003a83830e8b12ae1cb86bdec98af3d649ae54404b59a1466ec31548b149353,1,1000000,4,18.3007,122308,8f60991140aec2ac36e339f8e555b4179d074f0fe79eed44b7d684500c38245e,16.1742,16.1742,16.0162,16.478,16.2158,16.0344
string-indexed,2,baseline,f9ed90d41e7bff92707a796e4677772351a23e53a6e148cf831a3feb92ae880e,1,1000000,4,17.9247,132152,8f60991140aec2ac36e339f8e555b4179d074f0fe79eed44b7d684500c38245e,15.8768,16.166,15.7609,16.0647,15.8768,15.7775
string-indexed,2,current,1003a83830e8b12ae1cb86bdec98af3d649ae54404b59a1466ec31548b149353,1,1000000,4,13.3246,139164,8f60991140aec2ac36e339f8e555b4179d074f0fe79eed44b7d684500c38245e,10.3696,13.0014,10.2948,10.3696,11.1644,9.94103
string-indexed,4,baseline,f9ed90d41e7bff92707a796e4677772351a23e53a6e148cf831a3feb92ae880e,1,1000000,4,17.5898,153288,8f60991140aec2ac36e339f8e555b4179d074f0fe79eed44b7d684500c38245e,16.1685,16.066,16.1522,16.1685,16.2219,16.2082
string-indexed,4,current,1003a83830e8b12ae1cb86bdec98af3d649ae54404b59a1466ec31548b149353,1,1000000,4,7.29482,159640,8f60991140aec2ac36e339f8e555b4179d074f0fe79eed44b7d684500c38245e,5.66372,5.82924,5.64439,5.66372,5.75674,5.61409
string-indexed,8,baseline,f9ed90d41e7bff92707a796e4677772351a23e53a6e148cf831a3feb92ae880e,1,1000000,4,17.5647,194156,8f60991140aec2ac36e339f8e555b4179d074f0fe79eed44b7d684500c38245e,16.1895,16.1895,16.2164,16.1466,16.2626,16.1559
string-indexed,8,current,1003a83830e8b12ae1cb86bdec98af3d649ae54404b59a1466ec31548b149353,1,1000000,4,5.73485,200472,8f60991140aec2ac36e339f8e555b4179d074f0fe79eed44b7d684500c38245e,4.47716,4.34412,4.34766,4.66207,4.67828,4.47716
string-indexed,16,baseline,f9ed90d41e7bff92707a796e4677772351a23e53a6e148cf831a3feb92ae880e,1,1000000,4,17.6526,276344,8f60991140aec2ac36e339f8e555b4179d074f0fe79eed44b7d684500c38245e,16.3873,16.3348,16.3873,16.4376,16.3782,16.402
string-indexed,16,current,1003a83830e8b12ae1cb86bdec98af3d649ae54404b59a1466ec31548b149353,1,1000000,4,5.28202,282572,8f60991140aec2ac36e339f8e555b4179d074f0fe79eed44b7d684500c38245e,3.50546,3.50546,3.43036,3.54805,3.61045,3.32451
string-indexed,default,baseline,f9ed90d41e7bff92707a796e4677772351a23e53a6e148cf831a3feb92ae880e,1,1000000,4,17.6209,399836,8f60991140aec2ac36e339f8e555b4179d074f0fe79eed44b7d684500c38245e,16.3992,16.4035,16.3992,16.3741,16.5036,16.3113
string-indexed,default,current,1003a83830e8b12ae1cb86bdec98af3d649ae54404b59a1466ec31548b149353,1,1000000,4,18.2273,405720,8f60991140aec2ac36e339f8e555b4179d074f0fe79eed44b7d684500c38245e,13.0554,26.4704,24.9632,12.8321,8.90182,13.0554
wide-extrema,1,baseline,f9ed90d41e7bff92707a796e4677772351a23e53a6e148cf831a3feb92ae880e,1,1000000,65536,26.8064,126300,b02ca6967d31a92dee708b618aedbd72ee0bd35f695dd388fa2b1f32316356cc,25.8716,25.8158,25.9571,26.092,25.8716,25.8581
wide-extrema,1,current,1003a83830e8b12ae1cb86bdec98af3d649ae54404b59a1466ec31548b149353,1,1000000,65536,27.3666,127104,b02ca6967d31a92dee708b618aedbd72ee0bd35f695dd388fa2b1f32316356cc,23.3977,38.5049,27.3701,23.3671,23.1872,23.3977
wide-extrema,2,baseline,f9ed90d41e7bff92707a796e4677772351a23e53a6e148cf831a3feb92ae880e,1,1000000,65536,28.3535,136620,b02ca6967d31a92dee708b618aedbd72ee0bd35f695dd388fa2b1f32316356cc,26.9989,26.8385,26.9989,27.0577,27.0867,26.8819
wide-extrema,2,current,1003a83830e8b12ae1cb86bdec98af3d649ae54404b59a1466ec31548b149353,1,1000000,65536,16.4515,137156,b02ca6967d31a92dee708b618aedbd72ee0bd35f695dd388fa2b1f32316356cc,15.0702,15.2168,14.9985,14.937,15.0702,15.3573
wide-extrema,4,baseline,f9ed90d41e7bff92707a796e4677772351a23e53a6e148cf831a3feb92ae880e,1,1000000,65536,25.947,157508,b02ca6967d31a92dee708b618aedbd72ee0bd35f695dd388fa2b1f32316356cc,25.3692,25.0713,25.4324,24.944,25.3692,25.4205
wide-extrema,4,current,1003a83830e8b12ae1cb86bdec98af3d649ae54404b59a1466ec31548b149353,1,1000000,65536,10.5362,151232,b02ca6967d31a92dee708b618aedbd72ee0bd35f695dd388fa2b1f32316356cc,9.72351,9.69817,9.78445,9.63759,10.0629,9.72351
wide-extrema,8,baseline,f9ed90d41e7bff92707a796e4677772351a23e53a6e148cf831a3feb92ae880e,1,1000000,65536,25.9871,198020,b02ca6967d31a92dee708b618aedbd72ee0bd35f695dd388fa2b1f32316356cc,24.8693,24.7455,25.0569,25.0698,24.8693,24.7637
wide-extrema,8,current,1003a83830e8b12ae1cb86bdec98af3d649ae54404b59a1466ec31548b149353,1,1000000,65536,7.69959,192572,b02ca6967d31a92dee708b618aedbd72ee0bd35f695dd388fa2b1f32316356cc,6.37823,6.43145,6.41067,6.37823,6.29529,6.16102
wide-extrema,16,baseline,f9ed90d41e7bff92707a796e4677772351a23e53a6e148cf831a3feb92ae880e,1,1000000,65536,28.5858,280680,b02ca6967d31a92dee708b618aedbd72ee0bd35f695dd388fa2b1f32316356cc,27.1455,27.1455,27.0041,26.9054,27.3767,27.9687
wide-extrema,16,current,1003a83830e8b12ae1cb86bdec98af3d649ae54404b59a1466ec31548b149353,1,1000000,65536,6.91491,274348,b02ca6967d31a92dee708b618aedbd72ee0bd35f695dd388fa2b1f32316356cc,5.38196,5.21176,5.26908,5.56366,5.76009,5.38196
wide-extrema,default,baseline,f9ed90d41e7bff92707a796e4677772351a23e53a6e148cf831a3feb92ae880e,1,1000000,65536,26.0338,403432,b02ca6967d31a92dee708b618aedbd72ee0bd35f695dd388fa2b1f32316356cc,24.833,25.0911,24.77,25.0609,24.833,24.7497
wide-extrema,default,current,1003a83830e8b12ae1cb86bdec98af3d649ae54404b59a1466ec31548b149353,1,1000000,65536,6.60388,397340,b02ca6967d31a92dee708b618aedbd72ee0bd35f695dd388fa2b1f32316356cc,4.65022,4.89588,4.98533,4.65022,4.6276,4.5258
extrema-date,1,baseline,f9ed90d41e7bff92707a796e4677772351a23e53a6e148cf831a3feb92ae880e,1,1000000,65536,4.15692,103612,e8a7e2e5f899bc199263d97c5a3b87323c649f9cc0f41e4a2fe651c770e7ddd6,3.81809,3.81809,3.83815,3.75107,3.74904,3.83804
extrema-date,1,current,1003a83830e8b12ae1cb86bdec98af3d649ae54404b59a1466ec31548b149353,1,1000000,65536,3.05794,103988,e8a7e2e5f899bc199263d97c5a3b87323c649f9cc0f41e4a2fe651c770e7ddd6,2.72577,2.75955,2.72577,2.74477,2.70865,2.72264
extrema-date,2,baseline,f9ed90d41e7bff92707a796e4677772351a23e53a6e148cf831a3feb92ae880e,1,1000000,65536,3.12221,137136,e8a7e2e5f899bc199263d97c5a3b87323c649f9cc0f41e4a2fe651c770e7ddd6,2.67211,2.92743,2.75538,2.44647,2.67211,2.54036
extrema-date,2,current,1003a83830e8b12ae1cb86bdec98af3d649ae54404b59a1466ec31548b149353,1,1000000,65536,2.02887,114072,e8a7e2e5f899bc199263d97c5a3b87323c649f9cc0f41e4a2fe651c770e7ddd6,1.95314,1.85051,2.00615,1.96507,1.95124,1.95314
extrema-date,4,baseline,f9ed90d41e7bff92707a796e4677772351a23e53a6e148cf831a3feb92ae880e,1,1000000,65536,2.78463,202220,e8a7e2e5f899bc199263d97c5a3b87323c649f9cc0f41e4a2fe651c770e7ddd6,2.37253,2.40479,2.68104,1.92898,2.37253,2.03858
extrema-date,4,current,1003a83830e8b12ae1cb86bdec98af3d649ae54404b59a1466ec31548b149353,1,1000000,65536,1.44183,134836,e8a7e2e5f899bc199263d97c5a3b87323c649f9cc0f41e4a2fe651c770e7ddd6,1.74661,1.25325,1.25008,2.38408,2.31275,1.74661
extrema-date,8,baseline,f9ed90d41e7bff92707a796e4677772351a23e53a6e148cf831a3feb92ae880e,1,1000000,65536,3.51182,333508,e8a7e2e5f899bc199263d97c5a3b87323c649f9cc0f41e4a2fe651c770e7ddd6,3.5386,3.85514,3.41045,4.61301,3.5386,3.07389
extrema-date,8,current,1003a83830e8b12ae1cb86bdec98af3d649ae54404b59a1466ec31548b149353,1,1000000,65536,2.08427,175952,e8a7e2e5f899bc199263d97c5a3b87323c649f9cc0f41e4a2fe651c770e7ddd6,1.75714,2.10021,1.7649,1.75714,1.67133,1.68471
extrema-date,16,baseline,f9ed90d41e7bff92707a796e4677772351a23e53a6e148cf831a3feb92ae880e,1,1000000,65536,4.12062,546636,e8a7e2e5f899bc199263d97c5a3b87323c649f9cc0f41e4a2fe651c770e7ddd6,4.59321,4.59321,5.2148,4.4687,4.07675,5.44984
extrema-date,16,current,1003a83830e8b12ae1cb86bdec98af3d649ae54404b59a1466ec31548b149353,1,1000000,65536,1.48626,258160,e8a7e2e5f899bc199263d97c5a3b87323c649f9cc0f41e4a2fe651c770e7ddd6,1.28202,1.2178,1.28202,1.27575,1.28305,1.28889
extrema-date,default,baseline,f9ed90d41e7bff92707a796e4677772351a23e53a6e148cf831a3feb92ae880e,1,1000000,65536,4.59071,821500,e8a7e2e5f899bc199263d97c5a3b87323c649f9cc0f41e4a2fe651c770e7ddd6,6.60827,5.32304,6.60827,4.21501,8.51169,8.7369
extrema-date,default,current,1003a83830e8b12ae1cb86bdec98af3d649ae54404b59a1466ec31548b149353,1,1000000,65536,1.23771,381320,e8a7e2e5f899bc199263d97c5a3b87323c649f9cc0f41e4a2fe651c770e7ddd6,0.971952,1.08132,0.999611,0.943058,0.901107,0.971952
extrema-timestamp,1,baseline,f9ed90d41e7bff92707a796e4677772351a23e53a6e148cf831a3feb92ae880e,1,1000000,65536,4.33774,118112,21b125cdb444576cc6c38fb471f631df4998150b30e1dc016a2b034fd4665bd6,4.24469,3.83403,3.78866,4.49992,4.24469,4.25849
extrema-timestamp,1,current,1003a83830e8b12ae1cb86bdec98af3d649ae54404b59a1466ec31548b149353,1,1000000,65536,3.50259,118644,21b125cdb444576cc6c38fb471f631df4998150b30e1dc016a2b034fd4665bd6,2.99636,3.13318,3.02085,2.98377,2.96498,2.99636
extrema-timestamp,2,baseline,f9ed90d41e7bff92707a796e4677772351a23e53a6e148cf831a3feb92ae880e,1,1000000,65536,4.69658,150964,21b125cdb444576cc6c38fb471f631df4998150b30e1dc016a2b034fd4665bd6,3.07061,5.01634,5.14379,2.95746,3.07061,2.85244
extrema-timestamp,2,current,1003a83830e8b12ae1cb86bdec98af3d649ae54404b59a1466ec31548b149353,1,1000000,65536,2.31653,128860,21b125cdb444576cc6c38fb471f631df4998150b30e1dc016a2b034fd4665bd6,1.96964,2.0128,2.18966,1.96964,1.95217,1.95654
extrema-timestamp,4,baseline,f9ed90d41e7bff92707a796e4677772351a23e53a6e148cf831a3feb92ae880e,1,1000000,65536,3.27036,216788,21b125cdb444576cc6c38fb471f631df4998150b30e1dc016a2b034fd4665bd6,2.37622,2.43854,2.75806,2.0696,2.37622,2.20418
extrema-timestamp,4,current,1003a83830e8b12ae1cb86bdec98af3d649ae54404b59a1466ec31548b149353,1,1000000,65536,3.10717,159492,21b125cdb444576cc6c38fb471f631df4998150b30e1dc016a2b034fd4665bd6,1.44989,2.3921,1.4716,1.44989,1.44803,1.37132
extrema-timestamp,8,baseline,f9ed90d41e7bff92707a796e4677772351a23e53a6e148cf831a3feb92ae880e,1,1000000,65536,3.53791,347644,21b125cdb444576cc6c38fb471f631df4998150b30e1dc016a2b034fd4665bd6,3.47598,3.47598,3.27334,4.31667,3.55045,3.06513
extrema-timestamp,8,current,1003a83830e8b12ae1cb86bdec98af3d649ae54404b59a1466ec31548b149353,1,1000000,65536,3.29106,200540,21b125cdb444576cc6c38fb471f631df4998150b30e1dc016a2b034fd4665bd6,2.36969,2.49989,2.3627,2.36969,2.41127,2.3554
extrema-timestamp,16,baseline,f9ed90d41e7bff92707a796e4677772351a23e53a6e148cf831a3feb92ae880e,1,1000000,65536,7.96382,610136,21b125cdb444576cc6c38fb471f631df4998150b30e1dc016a2b034fd4665bd6,8.25012,8.28211,9.38467,8.22174,8.06503,8.25012
extrema-timestamp,16,current,1003a83830e8b12ae1cb86bdec98af3d649ae54404b59a1466ec31548b149353,1,1000000,65536,2.44112,282748,21b125cdb444576cc6c38fb471f631df4998150b30e1dc016a2b034fd4665bd6,1.36934,1.37025,1.29322,1.36368,1.37565,1.36934
extrema-timestamp,default,baseline,f9ed90d41e7bff92707a796e4677772351a23e53a6e148cf831a3feb92ae880e,1,1000000,65536,6.6222,833548,21b125cdb444576cc6c38fb471f631df4998150b30e1dc016a2b034fd4665bd6,6.64289,6.64289,7.74251,6.43422,6.17317,9.55552
extrema-timestamp,default,current,1003a83830e8b12ae1cb86bdec98af3d649ae54404b59a1466ec31548b149353,1,1000000,65536,2.69622,405512,21b125cdb444576cc6c38fb471f631df4998150b30e1dc016a2b034fd4665bd6,1.00629,1.06446,0.970866,0.922028,1.13651,1.00629
wide-mode,1,baseline,f9ed90d41e7bff92707a796e4677772351a23e53a6e148cf831a3feb92ae880e,1,1000000,65536,16.2128,118664,5be0b38a6df4fc7db0b5513daa478fd6c5ceecc77f9753ec0110ee4d866db233,14.9849,14.8701,15.6246,15.135,14.8117,14.9849
wide-mode,1,current,1003a83830e8b12ae1cb86bdec98af3d649ae54404b59a1466ec31548b149353,1,1000000,65536,16.1086,118304,5be0b38a6df4fc7db0b5513daa478fd6c5ceecc77f9753ec0110ee4d866db233,15.393,16.8264,15.393,14.8931,16.3029,14.6277
wide-mode,2,baseline,f9ed90d41e7bff92707a796e4677772351a23e53a6e148cf831a3feb92ae880e,1,1000000,65536,17.104,128572,5be0b38a6df4fc7db0b5513daa478fd6c5ceecc77f9753ec0110ee4d866db233,15.2818,15.0734,15.2818,14.8442,15.8747,15.5816
wide-mode,2,current,1003a83830e8b12ae1cb86bdec98af3d649ae54404b59a1466ec31548b149353,1,1000000,65536,11.212,128944,5be0b38a6df4fc7db0b5513daa478fd6c5ceecc77f9753ec0110ee4d866db233,10.887,10.887,11.7166,10.7894,10.6246,11.2938
wide-mode,4,baseline,f9ed90d41e7bff92707a796e4677772351a23e53a6e148cf831a3feb92ae880e,1,1000000,65536,17.3684,149428,5be0b38a6df4fc7db0b5513daa478fd6c5ceecc77f9753ec0110ee4d866db233,14.7019,14.4213,14.9498,14.7019,15.1848,13.9063
wide-mode,4,current,1003a83830e8b12ae1cb86bdec98af3d649ae54404b59a1466ec31548b149353,1,1000000,65536,9.06012,151548,5be0b38a6df4fc7db0b5513daa478fd6c5ceecc77f9753ec0110ee4d866db233,7.57069,7.27627,8.00032,7.83632,7.27282,7.57069
wide-mode,8,baseline,f9ed90d41e7bff92707a796e4677772351a23e53a6e148cf831a3feb92ae880e,1,1000000,65536,15.2646,190088,5be0b38a6df4fc7db0b5513daa478fd6c5ceecc77f9753ec0110ee4d866db233,14.9897,15.2891,15.1865,14.5683,14.597,14.9897
wide-mode,8,current,1003a83830e8b12ae1cb86bdec98af3d649ae54404b59a1466ec31548b149353,1,1000000,65536,6.43746,192540,5be0b38a6df4fc7db0b5513daa478fd6c5ceecc77f9753ec0110ee4d866db233,5.05731,5.05731,5.07738,5.04922,5.27145,5.0135
wide-mode,16,baseline,f9ed90d41e7bff92707a796e4677772351a23e53a6e148cf831a3feb92ae880e,1,1000000,65536,16.8686,272460,5be0b38a6df4fc7db0b5513daa478fd6c5ceecc77f9753ec0110ee4d866db233,15.9337,15.1004,16.0798,15.3261,15.9674,15.9337
wide-mode,16,current,1003a83830e8b12ae1cb86bdec98af3d649ae54404b59a1466ec31548b149353,1,1000000,65536,5.42144,274240,5be0b38a6df4fc7db0b5513daa478fd6c5ceecc77f9753ec0110ee4d866db233,3.92695,3.67197,3.92695,3.86633,3.95879,4.11306
wide-mode,default,baseline,f9ed90d41e7bff92707a796e4677772351a23e53a6e148cf831a3feb92ae880e,1,1000000,65536,16.902,395444,5be0b38a6df4fc7db0b5513daa478fd6c5ceecc77f9753ec0110ee4d866db233,15.7037,15.0385,18.8315,15.1872,16.5054,15.7037
wide-mode,default,current,1003a83830e8b12ae1cb86bdec98af3d649ae54404b59a1466ec31548b149353,1,1000000,65536,5.22961,397580,5be0b38a6df4fc7db0b5513daa478fd6c5ceecc77f9753ec0110ee4d866db233,3.37304,3.32495,3.37304,3.65878,3.4759,3.34558
wide-top-bottom,1,baseline,f9ed90d41e7bff92707a796e4677772351a23e53a6e148cf831a3feb92ae880e,1,1000000,65536,35.7342,186132,466bba3961b2f9f6a09783b562968e8e65a7414c1bb7fcf054557ef3725e9a3d,32.3679,35.3887,33.1501,32.3679,32.2649,32.2437
wide-top-bottom,1,current,1003a83830e8b12ae1cb86bdec98af3d649ae54404b59a1466ec31548b149353,1,1000000,65536,35.197,185976,466bba3961b2f9f6a09783b562968e8e65a7414c1bb7fcf054557ef3725e9a3d,32.2265,34.6461,32.9659,31.9342,32.1314,32.2265
wide-top-bottom,2,baseline,f9ed90d41e7bff92707a796e4677772351a23e53a6e148cf831a3feb92ae880e,1,1000000,65536,35.0762,196208,466bba3961b2f9f6a09783b562968e8e65a7414c1bb7fcf054557ef3725e9a3d,32.6754,35.8379,32.6754,32.7733,32.2521,32.1118
wide-top-bottom,2,current,1003a83830e8b12ae1cb86bdec98af3d649ae54404b59a1466ec31548b149353,1,1000000,65536,23.0019,184228,466bba3961b2f9f6a09783b562968e8e65a7414c1bb7fcf054557ef3725e9a3d,19.7517,20.1343,19.7517,19.3358,19.4062,19.9327
wide-top-bottom,4,baseline,f9ed90d41e7bff92707a796e4677772351a23e53a6e148cf831a3feb92ae880e,1,1000000,65536,34.2345,216856,466bba3961b2f9f6a09783b562968e8e65a7414c1bb7fcf054557ef3725e9a3d,32.2646,34.0825,32.0928,32.2646,32.4767,32.1355
wide-top-bottom,4,current,1003a83830e8b12ae1cb86bdec98af3d649ae54404b59a1466ec31548b149353,1,1000000,65536,13.5741,225448,466bba3961b2f9f6a09783b562968e8e65a7414c1bb7fcf054557ef3725e9a3d,11.9241,11.9241,11.7423,12.2623,12.1399,11.1841
wide-top-bottom,8,baseline,f9ed90d41e7bff92707a796e4677772351a23e53a6e148cf831a3feb92ae880e,1,1000000,65536,34.1313,258136,466bba3961b2f9f6a09783b562968e8e65a7414c1bb7fcf054557ef3725e9a3d,31.1896,33.2628,32.2969,31.041,31.1512,31.1896
wide-top-bottom,8,current,1003a83830e8b12ae1cb86bdec98af3d649ae54404b59a1466ec31548b149353,1,1000000,65536,8.05092,342164,466bba3961b2f9f6a09783b562968e8e65a7414c1bb7fcf054557ef3725e9a3d,6.79814,7.51428,6.60253,6.79814,6.81776,6.64042
wide-top-bottom,16,baseline,f9ed90d41e7bff92707a796e4677772351a23e53a6e148cf831a3feb92ae880e,1,1000000,65536,34.063,339756,466bba3961b2f9f6a09783b562968e8e65a7414c1bb7fcf054557ef3725e9a3d,31.5415,33.8259,31.8109,31.5415,31.4174,31.5028
wide-top-bottom,16,current,1003a83830e8b12ae1cb86bdec98af3d649ae54404b59a1466ec31548b149353,1,1000000,65536,6.99991,421916,466bba3961b2f9f6a09783b562968e8e65a7414c1bb7fcf054557ef3725e9a3d,5.43522,5.47083,5.08838,5.57293,5.00759,5.43522
wide-top-bottom,default,baseline,f9ed90d41e7bff92707a796e4677772351a23e53a6e148cf831a3feb92ae880e,1,1000000,65536,34.0273,462444,466bba3961b2f9f6a09783b562968e8e65a7414c1bb7fcf054557ef3725e9a3d,31.1335,33.4701,31.8521,31.1052,31.1335,31.029
wide-top-bottom,default,current,1003a83830e8b12ae1cb86bdec98af3d649ae54404b59a1466ec31548b149353,1,1000000,65536,6.03558,503844,466bba3961b2f9f6a09783b562968e8e65a7414c1bb7fcf054557ef3725e9a3d,4.11873,4.05593,4.10877,4.11873,4.38209,4.62258
extrema-ascending,1,baseline,f9ed90d41e7bff92707a796e4677772351a23e53a6e148cf831a3feb92ae880e,1,1000000,65536,3.36856,71276,2dfbe4fb4b5669af75ae073129cf442aa0e870d4d5975f719c17dd7f443af7b2,3.24853,3.20027,3.25239,3.26835,3.24002,3.24853
extrema-ascending,1,current,1003a83830e8b12ae1cb86bdec98af3d649ae54404b59a1466ec31548b149353,1,1000000,65536,2.81039,71344,2dfbe4fb4b5669af75ae073129cf442aa0e870d4d5975f719c17dd7f443af7b2,2.63505,2.64551,2.63638,2.63005,2.63505,2.62008
extrema-ascending,2,baseline,f9ed90d41e7bff92707a796e4677772351a23e53a6e148cf831a3feb92ae880e,1,1000000,65536,2.40784,104112,2dfbe4fb4b5669af75ae073129cf442aa0e870d4d5975f719c17dd7f443af7b2,2.34938,2.41965,2.41156,2.10123,2.34938,2.06403
extrema-ascending,2,current,1003a83830e8b12ae1cb86bdec98af3d649ae54404b59a1466ec31548b149353,1,1000000,65536,2.95237,81300,2dfbe4fb4b5669af75ae073129cf442aa0e870d4d5975f719c17dd7f443af7b2,2.03362,1.93111,2.03362,2.42011,2.33297,1.93454
extrema-ascending,4,baseline,f9ed90d41e7bff92707a796e4677772351a23e53a6e148cf831a3feb92ae880e,1,1000000,65536,2.6842,170012,2dfbe4fb4b5669af75ae073129cf442aa0e870d4d5975f719c17dd7f443af7b2,2.82645,3.04011,3.55606,2.65998,2.82645,1.94144
extrema-ascending,4,current,1003a83830e8b12ae1cb86bdec98af3d649ae54404b59a1466ec31548b149353,1,1000000,65536,1.29832,102064,2dfbe4fb4b5669af75ae073129cf442aa0e870d4d5975f719c17dd7f443af7b2,1.14128,1.15491,1.14128,1.13576,1.21489,1.13607
extrema-ascending,8,baseline,f9ed90d41e7bff92707a796e4677772351a23e53a6e148cf831a3feb92ae880e,1,1000000,65536,3.39622,300744,2dfbe4fb4b5669af75ae073129cf442aa0e870d4d5975f719c17dd7f443af7b2,2.47483,3.84495,2.44821,3.36668,2.47483,2.18661
extrema-ascending,8,current,1003a83830e8b12ae1cb86bdec98af3d649ae54404b59a1466ec31548b149353,1,1000000,65536,2.0532,143208,2dfbe4fb4b5669af75ae073129cf442aa0e870d4d5975f719c17dd7f443af7b2,1.73392,1.88228,1.97674,1.63481,1.73392,1.66142
extrema-ascending,16,baseline,f9ed90d41e7bff92707a796e4677772351a23e53a6e148cf831a3feb92ae880e,1,1000000,65536,3.84158,526612,2dfbe4fb4b5669af75ae073129cf442aa0e870d4d5975f719c17dd7f443af7b2,4.62157,4.62157,5.08246,4.55772,3.97723,5.63822
extrema-ascending,16,current,1003a83830e8b12ae1cb86bdec98af3d649ae54404b59a1466ec31548b149353,1,1000000,65536,1.16658,225044,2dfbe4fb4b5669af75ae073129cf442aa0e870d4d5975f719c17dd7f443af7b2,1.14602,1.09018,1.14602,1.13453,1.19,1.16579
extrema-ascending,default,baseline,f9ed90d41e7bff92707a796e4677772351a23e53a6e148cf831a3feb92ae880e,1,1000000,65536,4.37853,788748,2dfbe4fb4b5669af75ae073129cf442aa0e870d4d5975f719c17dd7f443af7b2,6.50641,5.06861,6.68672,4.6404,6.50641,7.45416
extrema-ascending,default,current,1003a83830e8b12ae1cb86bdec98af3d649ae54404b59a1466ec31548b149353,1,1000000,65536,1.00859,348128,2dfbe4fb4b5669af75ae073129cf442aa0e870d4d5975f719c17dd7f443af7b2,0.915286,0.943585,0.930804,0.898552,0.853027,0.915286
extrema-descending,1,baseline,f9ed90d41e7bff92707a796e4677772351a23e53a6e148cf831a3feb92ae880e,1,1000000,65536,3.4257,71276,8823eccd39d81882e79aa8268b5693e0450abcc2f497bddd42ab748b6822269f,3.24878,3.23521,3.27217,3.26063,3.24878,3.21396
extrema-descending,1,current,1003a83830e8b12ae1cb86bdec98af3d649ae54404b59a1466ec31548b149353,1,1000000,65536,2.97365,71260,8823eccd39d81882e79aa8268b5693e0450abcc2f497bddd42ab748b6822269f,2.70111,2.74928,2.70111,2.67353,2.70404,2.64923
extrema-descending,2,baseline,f9ed90d41e7bff92707a796e4677772351a23e53a6e148cf831a3feb92ae880e,1,1000000,65536,2.47662,104120,8823eccd39d81882e79aa8268b5693e0450abcc2f497bddd42ab748b6822269f,2.42602,2.61441,2.42602,2.11952,3.02664,2.1511
extrema-descending,2,current,1003a83830e8b12ae1cb86bdec98af3d649ae54404b59a1466ec31548b149353,1,1000000,65536,1.82731,81808,8823eccd39d81882e79aa8268b5693e0450abcc2f497bddd42ab748b6822269f,1.72385,1.72385,1.72706,1.71555,1.72215,1.76218
extrema-descending,4,baseline,f9ed90d41e7bff92707a796e4677772351a23e53a6e148cf831a3feb92ae880e,1,1000000,65536,2.76106,169200,8823eccd39d81882e79aa8268b5693e0450abcc2f497bddd42ab748b6822269f,2.1981,2.85466,2.47524,1.82235,2.1981,1.99239
extrema-descending,4,current,1003a83830e8b12ae1cb86bdec98af3d649ae54404b59a1466ec31548b149353,1,1000000,65536,2.18941,102136,8823eccd39d81882e79aa8268b5693e0450abcc2f497bddd42ab748b6822269f,1.17514,1.29819,1.29266,1.17514,1.14866,1.14931
extrema-descending,8,baseline,f9ed90d41e7bff92707a796e4677772351a23e53a6e148cf831a3feb92ae880e,1,1000000,65536,2.06577,300900,8823eccd39d81882e79aa8268b5693e0450abcc2f497bddd42ab748b6822269f,2.58927,2.58927,2.82453,3.3388,2.53442,2.55259
extrema-descending,8,current,1003a83830e8b12ae1cb86bdec98af3d649ae54404b59a1466ec31548b149353,1,1000000,65536,2.04927,143084,8823eccd39d81882e79aa8268b5693e0450abcc2f497bddd42ab748b6822269f,1.90041,1.94451,1.77607,1.79675,2.00266,1.90041
extrema-descending,16,baseline,f9ed90d41e7bff92707a796e4677772351a23e53a6e148cf831a3feb92ae880e,1,1000000,65536,3.81476,530468,8823eccd39d81882e79aa8268b5693e0450abcc2f497bddd42ab748b6822269f,4.42162,4.42162,5.33163,4.12639,3.81384,5.12738
extrema-descending,16,current,1003a83830e8b12ae1cb86bdec98af3d649ae54404b59a1466ec31548b149353,1,1000000,65536,1.25821,225364,8823eccd39d81882e79aa8268b5693e0450abcc2f497bddd42ab748b6822269f,1.34158,1.15404,1.47359,1.3856,1.32795,1.34158
extrema-descending,default,baseline,f9ed90d41e7bff92707a796e4677772351a23e53a6e148cf831a3feb92ae880e,1,1000000,65536,4.76804,792884,8823eccd39d81882e79aa8268b5693e0450abcc2f497bddd42ab748b6822269f,6.6306,5.43965,6.6306,4.50305,9.18433,8.06353
extrema-descending,default,current,1003a83830e8b12ae1cb86bdec98af3d649ae54404b59a1466ec31548b149353,1,1000000,65536,1.14186,348104,8823eccd39d81882e79aa8268b5693e0450abcc2f497bddd42ab748b6822269f,0.878052,0.856128,0.878052,0.878615,0.908613,0.84217
few-groups-indexed,1,baseline,f9ed90d41e7bff92707a796e4677772351a23e53a6e148cf831a3feb92ae880e,1,1000000,7,5.94388,89740,8c33a6dcf0d3b3a7fa0707f4c6875198e02283d54ed3cd8b601dabd37c1b6089,4.58422,4.69747,4.57344,4.57654,4.58422,4.6002
few-groups-indexed,1,current,1003a83830e8b12ae1cb86bdec98af3d649ae54404b59a1466ec31548b149353,1,1000000,7,3.27256,89944,8c33a6dcf0d3b3a7fa0707f4c6875198e02283d54ed3cd8b601dabd37c1b6089,2.06259,2.07425,2.04551,2.04271,2.06259,2.06833
few-groups-indexed,2,baseline,f9ed90d41e7bff92707a796e4677772351a23e53a6e148cf831a3feb92ae880e,1,1000000,7,6.00968,100008,8c33a6dcf0d3b3a7fa0707f4c6875198e02283d54ed3cd8b601dabd37c1b6089,4.44369,4.4961,4.44437,4.42446,4.42564,4.44369
few-groups-indexed,2,current,1003a83830e8b12ae1cb86bdec98af3d649ae54404b59a1466ec31548b149353,1,1000000,7,3.29885,100016,8c33a6dcf0d3b3a7fa0707f4c6875198e02283d54ed3cd8b601dabd37c1b6089,1.87717,1.91881,1.90358,1.867,1.87717,1.82128
few-groups-indexed,4,baseline,f9ed90d41e7bff92707a796e4677772351a23e53a6e148cf831a3feb92ae880e,1,1000000,7,5.94414,120532,8c33a6dcf0d3b3a7fa0707f4c6875198e02283d54ed3cd8b601dabd37c1b6089,4.55567,4.54634,4.55567,4.53306,4.70488,4.71835
few-groups-indexed,4,current,1003a83830e8b12ae1cb86bdec98af3d649ae54404b59a1466ec31548b149353,1,1000000,7,2.99803,118996,8c33a6dcf0d3b3a7fa0707f4c6875198e02283d54ed3cd8b601dabd37c1b6089,1.23304,1.78709,1.48208,1.2061,1.19754,1.23304
few-groups-indexed,8,baseline,f9ed90d41e7bff92707a796e4677772351a23e53a6e148cf831a3feb92ae880e,1,1000000,7,5.93984,161576,8c33a6dcf0d3b3a7fa0707f4c6875198e02283d54ed3cd8b601dabd37c1b6089,4.44186,4.46254,4.41802,4.46511,4.44186,4.42897
few-groups-indexed,8,current,1003a83830e8b12ae1cb86bdec98af3d649ae54404b59a1466ec31548b149353,1,1000000,7,1.72231,159436,8c33a6dcf0d3b3a7fa0707f4c6875198e02283d54ed3cd8b601dabd37c1b6089,0.711055,0.858776,0.735081,0.711055,0.710213,0.698876
few-groups-indexed,16,baseline,f9ed90d41e7bff92707a796e4677772351a23e53a6e148cf831a3feb92ae880e,1,1000000,7,6.18019,243788,8c33a6dcf0d3b3a7fa0707f4c6875198e02283d54ed3cd8b601dabd37c1b6089,4.40912,4.75232,4.38569,4.49188,4.39255,4.40912
few-groups-indexed,16,current,1003a83830e8b12ae1cb86bdec98af3d649ae54404b59a1466ec31548b149353,1,1000000,7,1.96048,241760,8c33a6dcf0d3b3a7fa0707f4c6875198e02283d54ed3cd8b601dabd37c1b6089,0.585207,0.696728,0.600166,0.585207,0.561486,0.565301
few-groups-indexed,default,baseline,f9ed90d41e7bff92707a796e4677772351a23e53a6e148cf831a3feb92ae880e,1,1000000,7,6.01457,367080,8c33a6dcf0d3b3a7fa0707f4c6875198e02283d54ed3cd8b601dabd37c1b6089,4.43963,4.44831,4.502,4.40219,4.39887,4.43963
few-groups-indexed,default,current,1003a83830e8b12ae1cb86bdec98af3d649ae54404b59a1466ec31548b149353,1,1000000,7,2.64826,364564,8c33a6dcf0d3b3a7fa0707f4c6875198e02283d54ed3cd8b601dabd37c1b6089,0.524136,0.63984,0.525171,0.520738,0.524136,0.516333
hot-top-ascending,1,baseline,f9ed90d41e7bff92707a796e4677772351a23e53a6e148cf831a3feb92ae880e,1,1000000,1,6.48262,87668,ab79207dda9ab4fca52a174ffd0453069fce61e5e2a685500719451adb7c222c,5.43292,5.46749,5.44298,5.4161,5.41606,5.43292
hot-top-ascending,1,current,1003a83830e8b12ae1cb86bdec98af3d649ae54404b59a1466ec31548b149353,1,1000000,1,6.39105,87676,ab79207dda9ab4fca52a174ffd0453069fce61e5e2a685500719451adb7c222c,5.30374,5.36107,5.29219,5.30612,5.30374,5.30369
hot-top-ascending,2,baseline,f9ed90d41e7bff92707a796e4677772351a23e53a6e148cf831a3feb92ae880e,1,1000000,1,6.41472,97652,ab79207dda9ab4fca52a174ffd0453069fce61e5e2a685500719451adb7c222c,5.32106,5.3504,5.33351,5.32106,5.31588,5.31701
hot-top-ascending,2,current,1003a83830e8b12ae1cb86bdec98af3d649ae54404b59a1466ec31548b149353,1,1000000,1,4.39617,98012,ab79207dda9ab4fca52a174ffd0453069fce61e5e2a685500719451adb7c222c,3.34263,3.35037,3.33326,3.3748,3.30386,3.34263
hot-top-ascending,4,baseline,f9ed90d41e7bff92707a796e4677772351a23e53a6e148cf831a3feb92ae880e,1,1000000,1,6.45316,118476,ab79207dda9ab4fca52a174ffd0453069fce61e5e2a685500719451adb7c222c,5.36024,5.36024,5.41415,5.37543,5.35467,5.31692
hot-top-ascending,4,current,1003a83830e8b12ae1cb86bdec98af3d649ae54404b59a1466ec31548b149353,1,1000000,1,2.14163,102064,ab79207dda9ab4fca52a174ffd0453069fce61e5e2a685500719451adb7c222c,2.05569,2.05569,2.48089,2.07087,1.8827,1.88937
hot-top-ascending,8,baseline,f9ed90d41e7bff92707a796e4677772351a23e53a6e148cf831a3feb92ae880e,1,1000000,1,6.49846,159300,ab79207dda9ab4fca52a174ffd0453069fce61e5e2a685500719451adb7c222c,5.34689,5.36798,5.35681,5.33308,5.32787,5.34689
hot-top-ascending,8,current,1003a83830e8b12ae1cb86bdec98af3d649ae54404b59a1466ec31548b149353,1,1000000,1,1.60253,143188,ab79207dda9ab4fca52a174ffd0453069fce61e5e2a685500719451adb7c222c,1.27961,1.29203,1.27725,1.27961,1.27769,1.29629
hot-top-ascending,16,baseline,f9ed90d41e7bff92707a796e4677772351a23e53a6e148cf831a3feb92ae880e,1,1000000,1,6.50102,241788,ab79207dda9ab4fca52a174ffd0453069fce61e5e2a685500719451adb7c222c,5.30873,5.33426,5.31652,5.30194,5.30873,5.30266
hot-top-ascending,16,current,1003a83830e8b12ae1cb86bdec98af3d649ae54404b59a1466ec31548b149353,1,1000000,1,0.996319,225044,ab79207dda9ab4fca52a174ffd0453069fce61e5e2a685500719451adb7c222c,0.770642,0.871506,0.777734,0.76844,0.770642,0.754544
hot-top-ascending,default,baseline,f9ed90d41e7bff92707a796e4677772351a23e53a6e148cf831a3feb92ae880e,1,1000000,1,6.52277,363896,ab79207dda9ab4fca52a174ffd0453069fce61e5e2a685500719451adb7c222c,5.38156,5.3816,5.36836,5.35499,5.3968,5.38156
hot-top-ascending,default,current,1003a83830e8b12ae1cb86bdec98af3d649ae54404b59a1466ec31548b149353,1,1000000,1,0.983387,348396,ab79207dda9ab4fca52a174ffd0453069fce61e5e2a685500719451adb7c222c,0.726718,0.744492,0.802224,0.726718,0.6969,0.68669
guid-key,1,baseline,f9ed90d41e7bff92707a796e4677772351a23e53a6e148cf831a3feb92ae880e,1,1000000,4,12.1912,122404,a668c7d333b9223cc6de56bfb525fc6aca0f62d59b8b3847add3387053d3ebf2,10.4167,10.3913,10.4167,10.4361,10.386,10.7186
guid-key,1,current,1003a83830e8b12ae1cb86bdec98af3d649ae54404b59a1466ec31548b149353,1,1000000,4,11.9214,122512,a668c7d333b9223cc6de56bfb525fc6aca0f62d59b8b3847add3387053d3ebf2,10.1571,10.1393,10.1663,10.3487,10.1237,10.1571
guid-key,2,baseline,f9ed90d41e7bff92707a796e4677772351a23e53a6e148cf831a3feb92ae880e,1,1000000,4,12.1628,132752,a668c7d333b9223cc6de56bfb525fc6aca0f62d59b8b3847add3387053d3ebf2,10.4106,12.5033,10.3919,10.5011,10.3945,10.4106
guid-key,2,current,1003a83830e8b12ae1cb86bdec98af3d649ae54404b59a1466ec31548b149353,1,1000000,4,7.78616,133036,a668c7d333b9223cc6de56bfb525fc6aca0f62d59b8b3847add3387053d3ebf2,6.37446,6.36081,6.39574,6.38481,6.35152,6.37446
guid-key,4,baseline,f9ed90d41e7bff92707a796e4677772351a23e53a6e148cf831a3feb92ae880e,1,1000000,4,12.2024,153792,a668c7d333b9223cc6de56bfb525fc6aca0f62d59b8b3847add3387053d3ebf2,10.4277,10.4675,10.4424,10.4133,10.4116,10.4277
guid-key,4,current,1003a83830e8b12ae1cb86bdec98af3d649ae54404b59a1466ec31548b149353,1,1000000,4,5.26008,153300,a668c7d333b9223cc6de56bfb525fc6aca0f62d59b8b3847add3387053d3ebf2,4.00091,3.98225,4.1241,3.98965,4.0369,4.00091
guid-key,8,baseline,f9ed90d41e7bff92707a796e4677772351a23e53a6e148cf831a3feb92ae880e,1,1000000,4,12.2225,194368,a668c7d333b9223cc6de56bfb525fc6aca0f62d59b8b3847add3387053d3ebf2,10.4225,10.4306,10.3828,10.4225,10.4314,10.3476
guid-key,8,current,1003a83830e8b12ae1cb86bdec98af3d649ae54404b59a1466ec31548b149353,1,1000000,4,4.2104,193960,a668c7d333b9223cc6de56bfb525fc6aca0f62d59b8b3847add3387053d3ebf2,2.87786,2.85928,2.87786,2.97942,2.88137,2.84402
guid-key,16,baseline,f9ed90d41e7bff92707a796e4677772351a23e53a6e148cf831a3feb92ae880e,1,1000000,4,12.11,276668,a668c7d333b9223cc6de56bfb525fc6aca0f62d59b8b3847add3387053d3ebf2,10.4313,10.2965,10.4449,10.4091,10.5275,10.4313
guid-key,16,current,1003a83830e8b12ae1cb86bdec98af3d649ae54404b59a1466ec31548b149353,1,1000000,4,4.31168,276144,a668c7d333b9223cc6de56bfb525fc6aca0f62d59b8b3847add3387053d3ebf2,2.464,2.69801,2.43942,2.464,2.45626,2.68984
guid-key,default,baseline,f9ed90d41e7bff92707a796e4677772351a23e53a6e148cf831a3feb92ae880e,1,1000000,4,12.2171,399596,a668c7d333b9223cc6de56bfb525fc6aca0f62d59b8b3847add3387053d3ebf2,10.4232,10.4232,10.3958,10.4392,10.4444,10.4144
guid-key,default,current,1003a83830e8b12ae1cb86bdec98af3d649ae54404b59a1466ec31548b149353,1,1000000,4,6.5182,399148,a668c7d333b9223cc6de56bfb525fc6aca0f62d59b8b3847add3387053d3ebf2,2.51814,2.39389,2.45252,2.51814,2.72537,2.71789
list-key,1,baseline,f9ed90d41e7bff92707a796e4677772351a23e53a6e148cf831a3feb92ae880e,1,1000000,4,28.4436,102272,30dedc4a21526a9e9e4b2981d9e3631d2208c425da7c2f52df422e9022799cb3,27.5626,27.6056,27.5626,27.636,27.5413,27.5347
list-key,1,current,1003a83830e8b12ae1cb86bdec98af3d649ae54404b59a1466ec31548b149353,1,1000000,4,18.0228,102264,30dedc4a21526a9e9e4b2981d9e3631d2208c425da7c2f52df422e9022799cb3,16.2965,16.3182,16.3567,16.244,16.2965,16.2152
list-key,2,baseline,f9ed90d41e7bff92707a796e4677772351a23e53a6e148cf831a3feb92ae880e,1,1000000,4,28.701,111824,30dedc4a21526a9e9e4b2981d9e3631d2208c425da7c2f52df422e9022799cb3,27.6266,27.5849,27.7534,27.615,27.6349,27.6266
list-key,2,current,1003a83830e8b12ae1cb86bdec98af3d649ae54404b59a1466ec31548b149353,1,1000000,4,9.87613,105864,30dedc4a21526a9e9e4b2981d9e3631d2208c425da7c2f52df422e9022799cb3,9.42016,9.44067,9.39682,9.42016,9.37465,9.45267
list-key,4,baseline,f9ed90d41e7bff92707a796e4677772351a23e53a6e148cf831a3feb92ae880e,1,1000000,4,28.883,132744,30dedc4a21526a9e9e4b2981d9e3631d2208c425da7c2f52df422e9022799cb3,27.8007,27.9883,27.8007,27.6902,27.6778,28.0782
list-key,4,current,1003a83830e8b12ae1cb86bdec98af3d649ae54404b59a1466ec31548b149353,1,1000000,4,6.63537,126508,30dedc4a21526a9e9e4b2981d9e3631d2208c425da7c2f52df422e9022799cb3,5.41276,5.42713,5.53939,5.3782,5.41276,5.39525
list-key,8,baseline,f9ed90d41e7bff92707a796e4677772351a23e53a6e148cf831a3feb92ae880e,1,1000000,4,28.5722,173764,30dedc4a21526a9e9e4b2981d9e3631d2208c425da7c2f52df422e9022799cb3,27.5487,27.6735,27.5243,27.5487,27.578,27.497
list-key,8,current,1003a83830e8b12ae1cb86bdec98af3d649ae54404b59a1466ec31548b149353,1,1000000,4,5.21227,167964,30dedc4a21526a9e9e4b2981d9e3631d2208c425da7c2f52df422e9022799cb3,3.76403,4.44566,4.3843,3.72081,3.76403,3.69673
list-key,16,baseline,f9ed90d41e7bff92707a796e4677772351a23e53a6e148cf831a3feb92ae880e,1,1000000,4,28.4995,256012,30dedc4a21526a9e9e4b2981d9e3631d2208c425da7c2f52df422e9022799cb3,27.6892,29.869,27.7878,27.6876,27.6892,27.6273
list-key,16,current,1003a83830e8b12ae1cb86bdec98af3d649ae54404b59a1466ec31548b149353,1,1000000,4,3.49848,249928,30dedc4a21526a9e9e4b2981d9e3631d2208c425da7c2f52df422e9022799cb3,2.97953,2.97953,3.0716,2.97593,2.90397,3.02504
list-key,default,baseline,f9ed90d41e7bff92707a796e4677772351a23e53a6e148cf831a3feb92ae880e,1,1000000,4,29.7033,379068,30dedc4a21526a9e9e4b2981d9e3631d2208c425da7c2f52df422e9022799cb3,28.8316,28.9103,28.8316,28.7989,28.8712,28.6042
list-key,default,current,1003a83830e8b12ae1cb86bdec98af3d649ae54404b59a1466ec31548b149353,1,1000000,4,3.55654,373204,30dedc4a21526a9e9e4b2981d9e3631d2208c425da7c2f52df422e9022799cb3,2.73959,2.69413,2.79787,2.71917,2.82661,2.73959
unique-keys,1,baseline,f9ed90d41e7bff92707a796e4677772351a23e53a6e148cf831a3feb92ae880e,1,1000000,1000000,29.6957,136256,8b42cbc90df24689fd21364ab1959a903614e6dc2e030c592d294fe2a84bde68,26.227,26.489,26.045,26.1819,26.227,31.9069
unique-keys,1,current,1003a83830e8b12ae1cb86bdec98af3d649ae54404b59a1466ec31548b149353,1,1000000,1000000,10.2715,136864,8b42cbc90df24689fd21364ab1959a903614e6dc2e030c592d294fe2a84bde68,6.89431,7.12514,6.9026,6.78869,6.79398,6.89431
unique-keys,2,baseline,f9ed90d41e7bff92707a796e4677772351a23e53a6e148cf831a3feb92ae880e,1,1000000,1000000,44.2299,202432,8b42cbc90df24689fd21364ab1959a903614e6dc2e030c592d294fe2a84bde68,40.6758,41.0644,38.955,40.6343,40.7329,40.6758
unique-keys,2,current,1003a83830e8b12ae1cb86bdec98af3d649ae54404b59a1466ec31548b149353,1,1000000,1000000,9.34964,147140,8b42cbc90df24689fd21364ab1959a903614e6dc2e030c592d294fe2a84bde68,6.81446,8.09604,6.8282,6.81446,6.79518,6.79716
unique-keys,4,baseline,f9ed90d41e7bff92707a796e4677772351a23e53a6e148cf831a3feb92ae880e,1,1000000,1000000,24.0402,218568,8b42cbc90df24689fd21364ab1959a903614e6dc2e030c592d294fe2a84bde68,21.7845,23.5314,21.7845,21.6237,22.2397,21.6083
unique-keys,4,current,1003a83830e8b12ae1cb86bdec98af3d649ae54404b59a1466ec31548b149353,1,1000000,1000000,6.63805,167776,8b42cbc90df24689fd21364ab1959a903614e6dc2e030c592d294fe2a84bde68,4.23984,4.80888,4.22783,4.28515,4.18095,4.23984
unique-keys,8,baseline,f9ed90d41e7bff92707a796e4677772351a23e53a6e148cf831a3feb92ae880e,1,1000000,1000000,15.7253,351736,8b42cbc90df24689fd21364ab1959a903614e6dc2e030c592d294fe2a84bde68,13.0868,14.4996,13.5947,13.0704,12.8153,13.0868
unique-keys,8,current,1003a83830e8b12ae1cb86bdec98af3d649ae54404b59a1466ec31548b149353,1,1000000,1000000,6.43324,208712,8b42cbc90df24689fd21364ab1959a903614e6dc2e030c592d294fe2a84bde68,3.1277,4.01091,3.21773,3.1277,3.1126,2.85507
unique-keys,16,baseline,f9ed90d41e7bff92707a796e4677772351a23e53a6e148cf831a3feb92ae880e,1,1000000,1000000,11.6182,595496,8b42cbc90df24689fd21364ab1959a903614e6dc2e030c592d294fe2a84bde68,10.1077,10.4489,9.81058,10.1203,10.1077,9.95489
unique-keys,16,current,1003a83830e8b12ae1cb86bdec98af3d649ae54404b59a1466ec31548b149353,1,1000000,1000000,5.99508,290204,8b42cbc90df24689fd21364ab1959a903614e6dc2e030c592d294fe2a84bde68,1.92042,3.49389,1.966,1.8938,1.89753,1.92042
unique-keys,default,baseline,f9ed90d41e7bff92707a796e4677772351a23e53a6e148cf831a3feb92ae880e,1,1000000,1000000,14.9883,942152,8b42cbc90df24689fd21364ab1959a903614e6dc2e030c592d294fe2a84bde68,15.7681,12.6767,15.7681,17.1956,13.4543,17.589
unique-keys,default,current,1003a83830e8b12ae1cb86bdec98af3d649ae54404b59a1466ec31548b149353,1,1000000,1000000,11.3444,413740,8b42cbc90df24689fd21364ab1959a903614e6dc2e030c592d294fe2a84bde68,1.6321,4.8083,1.64395,1.59564,1.6321,1.57156
nonnull,1,baseline,f9ed90d41e7bff92707a796e4677772351a23e53a6e148cf831a3feb92ae880e,1,1000000,65536,4.75811,71196,37029694adc4216655775cf92fb184871eb4c04cc53f24d59c7cb8e89b05a218,4.68292,4.69639,4.63486,4.66965,4.68487,4.68292
nonnull,1,current,1003a83830e8b12ae1cb86bdec98af3d649ae54404b59a1466ec31548b149353,1,1000000,65536,3.51679,71256,37029694adc4216655775cf92fb184871eb4c04cc53f24d59c7cb8e89b05a218,3.19578,3.25428,3.19559,3.2061,3.19205,3.19578
nonnull,2,baseline,f9ed90d41e7bff92707a796e4677772351a23e53a6e148cf831a3feb92ae880e,1,1000000,65536,3.06495,97740,37029694adc4216655775cf92fb184871eb4c04cc53f24d59c7cb8e89b05a218,2.89208,2.98086,2.66807,2.80426,3.1169,2.89208
nonnull,2,current,1003a83830e8b12ae1cb86bdec98af3d649ae54404b59a1466ec31548b149353,1,1000000,65536,2.05788,95644,37029694adc4216655775cf92fb184871eb4c04cc53f24d59c7cb8e89b05a218,1.97992,2.7772,1.90526,2.00612,1.97992,1.96401
nonnull,4,baseline,f9ed90d41e7bff92707a796e4677772351a23e53a6e148cf831a3feb92ae880e,1,1000000,65536,3.43359,150952,37029694adc4216655775cf92fb184871eb4c04cc53f24d59c7cb8e89b05a218,3.20365,2.86972,3.43361,3.20365,3.81886,2.74784
nonnull,4,current,1003a83830e8b12ae1cb86bdec98af3d649ae54404b59a1466ec31548b149353,1,1000000,65536,3.39501,120436,37029694adc4216655775cf92fb184871eb4c04cc53f24d59c7cb8e89b05a218,1.3081,2.26324,1.3081,1.3465,1.29475,1.2843
nonnull,8,baseline,f9ed90d41e7bff92707a796e4677772351a23e53a6e148cf831a3feb92ae880e,1,1000000,65536,3.06224,258224,37029694adc4216655775cf92fb184871eb4c04cc53f24d59c7cb8e89b05a218,3.32978,3.32978,3.85982,3.16183,2.79784,3.94372
nonnull,8,current,1003a83830e8b12ae1cb86bdec98af3d649ae54404b59a1466ec31548b149353,1,1000000,65536,3.13808,165504,37029694adc4216655775cf92fb184871eb4c04cc53f24d59c7cb8e89b05a218,2.04219,2.04219,1.88258,1.95012,2.09599,2.13818
nonnull,16,baseline,f9ed90d41e7bff92707a796e4677772351a23e53a6e148cf831a3feb92ae880e,1,1000000,65536,8.54358,575268,37029694adc4216655775cf92fb184871eb4c04cc53f24d59c7cb8e89b05a218,8.56328,8.33467,8.56328,8.66145,8.38703,8.6411
nonnull,16,current,1003a83830e8b12ae1cb86bdec98af3d649ae54404b59a1466ec31548b149353,1,1000000,65536,2.85727,247880,37029694adc4216655775cf92fb184871eb4c04cc53f24d59c7cb8e89b05a218,1.25631,1.46399,1.24808,1.25631,1.26065,1.23604
nonnull,default,baseline,f9ed90d41e7bff92707a796e4677772351a23e53a6e148cf831a3feb92ae880e,1,1000000,65536,6.26275,747772,37029694adc4216655775cf92fb184871eb4c04cc53f24d59c7cb8e89b05a218,8.19573,7.52207,8.19573,7.53707,9.22197,9.05776
nonnull,default,current,1003a83830e8b12ae1cb86bdec98af3d649ae54404b59a1466ec31548b149353,1,1000000,65536,3.18873,371136,37029694adc4216655775cf92fb184871eb4c04cc53f24d59c7cb8e89b05a218,0.879086,1.42705,1.00248,0.875515,0.824587,0.879086
hot-min-ascending,1,baseline,f9ed90d41e7bff92707a796e4677772351a23e53a6e148cf831a3feb92ae880e,1,1000000,32769,2.0162,71188,0d27a2491b3d086a3fefea69ca4e109e00f61956536cc6791192c467a61a68b4,1.89923,1.89798,1.89594,1.9203,1.91603,1.89923
hot-min-ascending,1,current,1003a83830e8b12ae1cb86bdec98af3d649ae54404b59a1466ec31548b149353,1,1000000,32769,1.85838,71288,0d27a2491b3d086a3fefea69ca4e109e00f61956536cc6791192c467a61a68b4,1.78773,1.78961,1.78773,1.78604,1.7933,1.78663
hot-min-ascending,2,baseline,f9ed90d41e7bff92707a796e4677772351a23e53a6e148cf831a3feb92ae880e,1,1000000,32769,1.50535,98204,0d27a2491b3d086a3fefea69ca4e109e00f61956536cc6791192c467a61a68b4,1.64892,1.93286,1.72342,1.35494,1.64892,1.35061
hot-min-ascending,2,current,1003a83830e8b12ae1cb86bdec98af3d649ae54404b59a1466ec31548b149353,1,1000000,32769,1.10308,81780,0d27a2491b3d086a3fefea69ca4e109e00f61956536cc6791192c467a61a68b4,0.994686,1.18779,0.995858,0.994686,0.97431,0.985408
hot-min-ascending,4,baseline,f9ed90d41e7bff92707a796e4677772351a23e53a6e148cf831a3feb92ae880e,1,1000000,32769,1.22366,151264,0d27a2491b3d086a3fefea69ca4e109e00f61956536cc6791192c467a61a68b4,1.05602,0.880723,1.25494,1.05602,1.5185,0.869136
hot-min-ascending,4,current,1003a83830e8b12ae1cb86bdec98af3d649ae54404b59a1466ec31548b149353,1,1000000,32769,0.795058,102108,0d27a2491b3d086a3fefea69ca4e109e00f61956536cc6791192c467a61a68b4,0.791202,0.847925,0.802817,0.761402,0.791202,0.562607
hot-min-ascending,8,baseline,f9ed90d41e7bff92707a796e4677772351a23e53a6e148cf831a3feb92ae880e,1,1000000,32769,1.58081,257428,0d27a2491b3d086a3fefea69ca4e109e00f61956536cc6791192c467a61a68b4,1.76152,1.72517,2.19368,1.76152,1.37761,2.45598
hot-min-ascending,8,current,1003a83830e8b12ae1cb86bdec98af3d649ae54404b59a1466ec31548b149353,1,1000000,32769,0.787264,143344,0d27a2491b3d086a3fefea69ca4e109e00f61956536cc6791192c467a61a68b4,0.633649,0.585438,0.612934,0.64851,0.633649,0.670354
hot-min-ascending,16,baseline,f9ed90d41e7bff92707a796e4677772351a23e53a6e148cf831a3feb92ae880e,1,1000000,32769,7.73735,546540,0d27a2491b3d086a3fefea69ca4e109e00f61956536cc6791192c467a61a68b4,9.14992,8.94202,9.33628,8.28456,10.0929,9.14992
hot-min-ascending,16,current,1003a83830e8b12ae1cb86bdec98af3d649ae54404b59a1466ec31548b149353,1,1000000,32769,0.659868,225380,0d27a2491b3d086a3fefea69ca4e109e00f61956536cc6791192c467a61a68b4,0.668133,0.650011,0.904835,0.668133,0.709572,0.667972
hot-min-ascending,default,baseline,f9ed90d41e7bff92707a796e4677772351a23e53a6e148cf831a3feb92ae880e,1,1000000,32769,8.16247,890748,0d27a2491b3d086a3fefea69ca4e109e00f61956536cc6791192c467a61a68b4,12.8767,13.1873,12.8767,9.83281,13.4846,12.1938
hot-min-ascending,default,current,1003a83830e8b12ae1cb86bdec98af3d649ae54404b59a1466ec31548b149353,1,1000000,32769,1.10179,348064,0d27a2491b3d086a3fefea69ca4e109e00f61956536cc6791192c467a61a68b4,0.838542,0.789738,0.85636,0.829995,0.9721,0.838542
hot-min-descending,1,baseline,f9ed90d41e7bff92707a796e4677772351a23e53a6e148cf831a3feb92ae880e,1,1000000,32769,2.10358,71004,945768a99a38df53236cda69351f9fef91a23d923f3abf3a8049970cfe62ab6e,1.89569,1.89569,1.89503,1.90802,1.8971,1.89427
hot-min-descending,1,current,1003a83830e8b12ae1cb86bdec98af3d649ae54404b59a1466ec31548b149353,1,1000000,32769,1.28819,71036,945768a99a38df53236cda69351f9fef91a23d923f3abf3a8049970cfe62ab6e,1.18551,1.19383,1.18468,1.18551,1.18543,1.18794
hot-min-descending,2,baseline,f9ed90d41e7bff92707a796e4677772351a23e53a6e148cf831a3feb92ae880e,1,1000000,32769,1.52897,97848,945768a99a38df53236cda69351f9fef91a23d923f3abf3a8049970cfe62ab6e,1.39337,1.52645,1.23572,1.32297,1.61131,1.39337
hot-min-descending,2,current,1003a83830e8b12ae1cb86bdec98af3d649ae54404b59a1466ec31548b149353,1,1000000,32769,0.938629,81544,945768a99a38df53236cda69351f9fef91a23d923f3abf3a8049970cfe62ab6e,0.771648,0.780637,0.773712,0.770228,0.771648,0.769969
hot-min-descending,4,baseline,f9ed90d41e7bff92707a796e4677772351a23e53a6e148cf831a3feb92ae880e,1,1000000,32769,1.33665,151288,945768a99a38df53236cda69351f9fef91a23d923f3abf3a8049970cfe62ab6e,1.08599,0.884509,1.26433,1.08599,1.59658,0.899874
hot-min-descending,4,current,1003a83830e8b12ae1cb86bdec98af3d649ae54404b59a1466ec31548b149353,1,1000000,32769,1.23835,102112,945768a99a38df53236cda69351f9fef91a23d923f3abf3a8049970cfe62ab6e,1.06404,1.11844,1.11702,1.06404,1.04507,1.03786
hot-min-descending,8,baseline,f9ed90d41e7bff92707a796e4677772351a23e53a6e148cf831a3feb92ae880e,1,1000000,32769,1.36059,257428,945768a99a38df53236cda69351f9fef91a23d923f3abf3a8049970cfe62ab6e,1.25509,1.2216,1.50045,1.25456,1.25509,2.3982
hot-min-descending,8,current,1003a83830e8b12ae1cb86bdec98af3d649ae54404b59a1466ec31548b149353,1,1000000,32769,1.96361,161080,945768a99a38df53236cda69351f9fef91a23d923f3abf3a8049970cfe62ab6e,0.811252,0.841169,0.843199,0.811252,0.800802,0.802099
hot-min-descending,16,baseline,f9ed90d41e7bff92707a796e4677772351a23e53a6e148cf831a3feb92ae880e,1,1000000,32769,7.83943,542760,945768a99a38df53236cda69351f9fef91a23d923f3abf3a8049970cfe62ab6e,8.61445,8.18797,9.59729,7.49049,9.4569,8.61445
hot-min-descending,16,current,1003a83830e8b12ae1cb86bdec98af3d649ae54404b59a1466ec31548b149353,1,1000000,32769,1.22691,224968,945768a99a38df53236cda69351f9fef91a23d923f3abf3a8049970cfe62ab6e,1.13767,1.18983,1.13767,1.13703,1.16158,1.10935
hot-min-descending,default,baseline,f9ed90d41e7bff92707a796e4677772351a23e53a6e148cf831a3feb92ae880e,1,1000000,32769,8.32896,872784,945768a99a38df53236cda69351f9fef91a23d923f3abf3a8049970cfe62ab6e,10.0381,9.21204,10.6605,10.0381,11.1187,9.45058
hot-min-descending,default,current,1003a83830e8b12ae1cb86bdec98af3d649ae54404b59a1466ec31548b149353,1,1000000,32769,0.896045,348436,945768a99a38df53236cda69351f9fef91a23d923f3abf3a8049970cfe62ab6e,0.783659,0.815456,0.786995,0.783659,0.722985,0.724635
all-null-key,1,baseline,f9ed90d41e7bff92707a796e4677772351a23e53a6e148cf831a3feb92ae880e,1,1000000,1,4.6828,71276,6ba0bd989322c14d9f8f5035cce5167445580360b19874f70123588f5d18cc14,4.55556,4.55621,4.56372,4.55556,4.54657,4.53759
all-null-key,1,current,1003a83830e8b12ae1cb86bdec98af3d649ae54404b59a1466ec31548b149353,1,1000000,1,3.34507,71216,6ba0bd989322c14d9f8f5035cce5167445580360b19874f70123588f5d18cc14,3.26973,3.27071,3.26761,3.25914,3.26973,3.30175
all-null-key,2,baseline,f9ed90d41e7bff92707a796e4677772351a23e53a6e148cf831a3feb92ae880e,1,1000000,1,2.53785,81548,6ba0bd989322c14d9f8f5035cce5167445580360b19874f70123588f5d18cc14,2.49919,2.49853,2.51489,2.49919,2.4551,2.64637
all-null-key,2,current,1003a83830e8b12ae1cb86bdec98af3d649ae54404b59a1466ec31548b149353,1,1000000,1,1.7187,81724,6ba0bd989322c14d9f8f5035cce5167445580360b19874f70123588f5d18cc14,1.64614,1.64945,1.64614,1.64436,1.64629,1.64388
all-null-key,4,baseline,f9ed90d41e7bff92707a796e4677772351a23e53a6e148cf831a3feb92ae880e,1,1000000,1,1.50898,102076,6ba0bd989322c14d9f8f5035cce5167445580360b19874f70123588f5d18cc14,1.4333,1.4333,1.42853,1.42998,1.52628,1.83168
all-null-key,4,current,1003a83830e8b12ae1cb86bdec98af3d649ae54404b59a1466ec31548b149353,1,1000000,1,1.18321,102144,6ba0bd989322c14d9f8f5035cce5167445580360b19874f70123588f5d18cc14,0.840595,1.05737,0.840028,0.840595,0.838072,0.843549
all-null-key,8,baseline,f9ed90d41e7bff92707a796e4677772351a23e53a6e148cf831a3feb92ae880e,1,1000000,1,1.58456,142876,6ba0bd989322c14d9f8f5035cce5167445580360b19874f70123588f5d18cc14,1.4634,1.47564,1.4634,1.48467,1.4523,1.45303
all-null-key,8,current,1003a83830e8b12ae1cb86bdec98af3d649ae54404b59a1466ec31548b149353,1,1000000,1,0.627092,142988,6ba0bd989322c14d9f8f5035cce5167445580360b19874f70123588f5d18cc14,0.447994,0.601428,0.447835,0.445413,0.447994,0.448283
all-null-key,16,baseline,f9ed90d41e7bff92707a796e4677772351a23e53a6e148cf831a3feb92ae880e,1,1000000,1,1.17061,224864,6ba0bd989322c14d9f8f5035cce5167445580360b19874f70123588f5d18cc14,1.0036,1.02441,1.02389,1.0036,0.994614,0.986501
all-null-key,16,current,1003a83830e8b12ae1cb86bdec98af3d649ae54404b59a1466ec31548b149353,1,1000000,1,0.488689,225000,6ba0bd989322c14d9f8f5035cce5167445580360b19874f70123588f5d18cc14,0.423322,0.439882,0.421007,0.425253,0.423322,0.417604
all-null-key,default,baseline,f9ed90d41e7bff92707a796e4677772351a23e53a6e148cf831a3feb92ae880e,1,1000000,1,1.07188,348380,6ba0bd989322c14d9f8f5035cce5167445580360b19874f70123588f5d18cc14,0.86281,0.914931,0.86281,0.859338,0.903892,0.858384
all-null-key,default,current,1003a83830e8b12ae1cb86bdec98af3d649ae54404b59a1466ec31548b149353,1,1000000,1,0.47369,348652,6ba0bd989322c14d9f8f5035cce5167445580360b19874f70123588f5d18cc14,0.301478,0.32593,0.307594,0.301478,0.292598,0.301462
distinct-skew,1,baseline,f9ed90d41e7bff92707a796e4677772351a23e53a6e148cf831a3feb92ae880e,1,1000000,65537,46.7975,200340,65c9530f85952e51e2e328375168e406e8f1b73d7aa2d83845ac77496ca9365b,43.1594,43.8148,43.9945,43.1594,43.0064,43.1065
distinct-skew,1,current,1003a83830e8b12ae1cb86bdec98af3d649ae54404b59a1466ec31548b149353,1,1000000,65537,36.3665,200616,65c9530f85952e51e2e328375168e406e8f1b73d7aa2d83845ac77496ca9365b,32.3478,32.3478,32.3464,30.0823,32.6055,32.6043
distinct-skew,2,baseline,f9ed90d41e7bff92707a796e4677772351a23e53a6e148cf831a3feb92ae880e,1,1000000,65537,23.5966,277500,34d140f6bf047da72ec0412447092d7f5468f27b737fc9e59c921955aedf4811,17.2965,17.2965,17.3342,16.377,17.7418,17.0983
distinct-skew,2,current,1003a83830e8b12ae1cb86bdec98af3d649ae54404b59a1466ec31548b149353,1,1000000,65537,13.3343,149540,34d140f6bf047da72ec0412447092d7f5468f27b737fc9e59c921955aedf4811,10.6997,11.2129,10.954,10.6997,10.6272,10.6781
distinct-skew,4,baseline,f9ed90d41e7bff92707a796e4677772351a23e53a6e148cf831a3feb92ae880e,1,1000000,65537,18.1881,324992,34d140f6bf047da72ec0412447092d7f5468f27b737fc9e59c921955aedf4811,13.4373,13.4373,14.6036,13.1941,13.0278,14.1556
distinct-skew,4,current,1003a83830e8b12ae1cb86bdec98af3d649ae54404b59a1466ec31548b149353,1,1000000,65537,7.26155,213236,34d140f6bf047da72ec0412447092d7f5468f27b737fc9e59c921955aedf4811,5.9741,5.97603,5.92593,6.12046,5.85422,5.9741
distinct-skew,8,baseline,f9ed90d41e7bff92707a796e4677772351a23e53a6e148cf831a3feb92ae880e,1,1000000,65537,14.4501,447672,34d140f6bf047da72ec0412447092d7f5468f27b737fc9e59c921955aedf4811,12.7995,14.9762,11.848,12.7995,13.6653,11.4578
distinct-skew,8,current,1003a83830e8b12ae1cb86bdec98af3d649ae54404b59a1466ec31548b149353,1,1000000,65537,6.49705,281152,34d140f6bf047da72ec0412447092d7f5468f27b737fc9e59c921955aedf4811,4.53461,5.43757,5.1766,4.53461,3.99155,4.38712
distinct-skew,16,baseline,f9ed90d41e7bff92707a796e4677772351a23e53a6e148cf831a3feb92ae880e,1,1000000,65537,15.1141,693424,34d140f6bf047da72ec0412447092d7f5468f27b737fc9e59c921955aedf4811,13.7512,14.3983,17.9478,13.6227,13.7512,13.2679
distinct-skew,16,current,1003a83830e8b12ae1cb86bdec98af3d649ae54404b59a1466ec31548b149353,1,1000000,65537,3.49275,327556,34d140f6bf047da72ec0412447092d7f5468f27b737fc9e59c921955aedf4811,2.98794,2.98794,2.94632,3.22518,2.97224,3.35685
distinct-skew,default,baseline,f9ed90d41e7bff92707a796e4677772351a23e53a6e148cf831a3feb92ae880e,1,1000000,65537,14.8426,977208,34d140f6bf047da72ec0412447092d7f5468f27b737fc9e59c921955aedf4811,18.8867,13.2923,14.8802,18.8867,30.3993,25.3579
distinct-skew,default,current,1003a83830e8b12ae1cb86bdec98af3d649ae54404b59a1466ec31548b149353,1,1000000,65537,3.50959,446880,34d140f6bf047da72ec0412447092d7f5468f27b737fc9e59c921955aedf4811,2.7546,2.7546,2.63555,2.71939,3.01507,3.64287
distinct-correlated,1,baseline,f9ed90d41e7bff92707a796e4677772351a23e53a6e148cf831a3feb92ae880e,1,1000000,65536,19.1869,122196,9b7eb3754cd7ed308bf0f8be7348679914b4acc67b61adcba0d6bfba1217ba81,16.6562,16.8882,16.6562,16.559,16.5905,17.0334
distinct-correlated,1,current,1003a83830e8b12ae1cb86bdec98af3d649ae54404b59a1466ec31548b149353,1,1000000,65536,17.7174,122772,9b7eb3754cd7ed308bf0f8be7348679914b4acc67b61adcba0d6bfba1217ba81,14.7172,14.8486,14.6666,14.7172,14.5835,14.7383
distinct-correlated,2,baseline,f9ed90d41e7bff92707a796e4677772351a23e53a6e148cf831a3feb92ae880e,1,1000000,65536,14.0448,187232,9b7eb3754cd7ed308bf0f8be7348679914b4acc67b61adcba0d6bfba1217ba81,11.92,13.0867,11.067,11.92,11.1796,12.5895
distinct-correlated,2,current,1003a83830e8b12ae1cb86bdec98af3d649ae54404b59a1466ec31548b149353,1,1000000,65536,10.5848,120648,9b7eb3754cd7ed308bf0f8be7348679914b4acc67b61adcba0d6bfba1217ba81,7.00951,7.00951,6.91572,7.15257,6.97002,7.03604
distinct-correlated,4,baseline,f9ed90d41e7bff92707a796e4677772351a23e53a6e148cf831a3feb92ae880e,1,1000000,65536,11.3484,195320,9b7eb3754cd7ed308bf0f8be7348679914b4acc67b61adcba0d6bfba1217ba81,9.29031,10.4897,9.16476,9.29722,9.29031,9.04861
distinct-correlated,4,current,1003a83830e8b12ae1cb86bdec98af3d649ae54404b59a1466ec31548b149353,1,1000000,65536,5.93708,139352,9b7eb3754cd7ed308bf0f8be7348679914b4acc67b61adcba0d6bfba1217ba81,3.91018,3.89787,3.91018,4.09971,3.85078,4.00176
distinct-correlated,8,baseline,f9ed90d41e7bff92707a796e4677772351a23e53a6e148cf831a3feb92ae880e,1,1000000,65536,10.8823,318084,9b7eb3754cd7ed308bf0f8be7348679914b4acc67b61adcba0d6bfba1217ba81,8.54343,10.7153,8.96223,8.54343,8.31718,8.43353
distinct-correlated,8,current,1003a83830e8b12ae1cb86bdec98af3d649ae54404b59a1466ec31548b149353,1,1000000,65536,3.57566,173328,9b7eb3754cd7ed308bf0f8be7348679914b4acc67b61adcba0d6bfba1217ba81,2.32199,2.40032,2.29777,2.32199,2.34681,2.29735
distinct-correlated,16,baseline,f9ed90d41e7bff92707a796e4677772351a23e53a6e148cf831a3feb92ae880e,1,1000000,65536,9.85951,576700,9b7eb3754cd7ed308bf0f8be7348679914b4acc67b61adcba0d6bfba1217ba81,9.91688,11.2277,9.62982,11.0322,9.56824,9.91688
distinct-correlated,16,current,1003a83830e8b12ae1cb86bdec98af3d649ae54404b59a1466ec31548b149353,1,1000000,65536,2.98137,253752,9b7eb3754cd7ed308bf0f8be7348679914b4acc67b61adcba0d6bfba1217ba81,2.17917,2.19326,2.17917,2.12559,2.19808,2.13686
distinct-correlated,default,baseline,f9ed90d41e7bff92707a796e4677772351a23e53a6e148cf831a3feb92ae880e,1,1000000,65536,9.28634,699596,9b7eb3754cd7ed308bf0f8be7348679914b4acc67b61adcba0d6bfba1217ba81,10.1387,10.1387,9.2087,11.6738,8.95669,13.1927
distinct-correlated,default,current,1003a83830e8b12ae1cb86bdec98af3d649ae54404b59a1466ec31548b149353,1,1000000,65536,3.45239,379160,9b7eb3754cd7ed308bf0f8be7348679914b4acc67b61adcba0d6bfba1217ba81,2.12879,2.72081,2.12879,2.14448,2.05708,2.09437
symbol-extrema,1,baseline,f9ed90d41e7bff92707a796e4677772351a23e53a6e148cf831a3feb92ae880e,1,1000000,65536,39.7466,98104,bd16861e4bfb2bf9eecc83018b5d98157e9101b4c9a8ce57538fd0cacbb691e5,38.8601,38.8601,38.9741,38.7953,38.8966,38.6137
symbol-extrema,1,current,1003a83830e8b12ae1cb86bdec98af3d649ae54404b59a1466ec31548b149353,1,1000000,65536,34.3054,98316,bd16861e4bfb2bf9eecc83018b5d98157e9101b4c9a8ce57538fd0cacbb691e5,32.7625,32.7816,33.2825,32.7625,32.5822,32.2607
symbol-extrema,2,baseline,f9ed90d41e7bff92707a796e4677772351a23e53a6e148cf831a3feb92ae880e,1,1000000,65536,39.429,108200,bd16861e4bfb2bf9eecc83018b5d98157e9101b4c9a8ce57538fd0cacbb691e5,39.1072,38.861,38.9458,39.2969,39.1072,39.3622
symbol-extrema,2,current,1003a83830e8b12ae1cb86bdec98af3d649ae54404b59a1466ec31548b149353,1,1000000,65536,23.6714,108352,bd16861e4bfb2bf9eecc83018b5d98157e9101b4c9a8ce57538fd0cacbb691e5,18.8869,19.0903,18.8781,18.8869,19.0577,18.7976
symbol-extrema,4,baseline,f9ed90d41e7bff92707a796e4677772351a23e53a6e148cf831a3feb92ae880e,1,1000000,65536,39.7666,128732,bd16861e4bfb2bf9eecc83018b5d98157e9101b4c9a8ce57538fd0cacbb691e5,40.0674,40.5783,40.0674,39.6914,40.2155,38.7342
symbol-extrema,4,current,1003a83830e8b12ae1cb86bdec98af3d649ae54404b59a1466ec31548b149353,1,1000000,65536,11.2045,128972,bd16861e4bfb2bf9eecc83018b5d98157e9101b4c9a8ce57538fd0cacbb691e5,10.8944,10.9175,10.8944,10.9715,10.8541,10.8742
symbol-extrema,8,baseline,f9ed90d41e7bff92707a796e4677772351a23e53a6e148cf831a3feb92ae880e,1,1000000,65536,41.3553,169776,bd16861e4bfb2bf9eecc83018b5d98157e9101b4c9a8ce57538fd0cacbb691e5,39.6642,39.6642,39.5133,40.1441,39.2968,39.7173
symbol-extrema,8,current,1003a83830e8b12ae1cb86bdec98af3d649ae54404b59a1466ec31548b149353,1,1000000,65536,8.7357,170224,bd16861e4bfb2bf9eecc83018b5d98157e9101b4c9a8ce57538fd0cacbb691e5,6.55083,7.15473,6.69539,6.55083,6.06477,6.29061
symbol-extrema,16,baseline,f9ed90d41e7bff92707a796e4677772351a23e53a6e148cf831a3feb92ae880e,1,1000000,65536,40.9141,251756,bd16861e4bfb2bf9eecc83018b5d98157e9101b4c9a8ce57538fd0cacbb691e5,40.1824,39.8763,40.0323,40.4518,40.1824,41.0207
symbol-extrema,16,current,1003a83830e8b12ae1cb86bdec98af3d649ae54404b59a1466ec31548b149353,1,1000000,65536,5.57566,251752,bd16861e4bfb2bf9eecc83018b5d98157e9101b4c9a8ce57538fd0cacbb691e5,4.60402,4.60402,4.76975,5.07904,4.37431,4.36427
symbol-extrema,default,baseline,f9ed90d41e7bff92707a796e4677772351a23e53a6e148cf831a3feb92ae880e,1,1000000,65536,40.1495,374312,bd16861e4bfb2bf9eecc83018b5d98157e9101b4c9a8ce57538fd0cacbb691e5,39.5485,39.5144,39.5485,38.842,39.6635,39.6222
symbol-extrema,default,current,1003a83830e8b12ae1cb86bdec98af3d649ae54404b59a1466ec31548b149353,1,1000000,65536,5.52136,375016,bd16861e4bfb2bf9eecc83018b5d98157e9101b4c9a8ce57538fd0cacbb691e5,3.39421,3.55011,3.47783,3.39421,3.38971,3.3095
symbol-top-bottom,1,baseline,f9ed90d41e7bff92707a796e4677772351a23e53a6e148cf831a3feb92ae880e,1,1000000,65536,44.633,116824,f8b8ccc418982414bfa68c9de1d005671cf24403b6c459d2f4438324c017bcce,44.3386,45.1568,43.941,44.4455,44.1299,44.3386
symbol-top-bottom,1,current,1003a83830e8b12ae1cb86bdec98af3d649ae54404b59a1466ec31548b149353,1,1000000,65536,41.0897,116604,f8b8ccc418982414bfa68c9de1d005671cf24403b6c459d2f4438324c017bcce,39.8809,40.431,39.7131,39.8809,39.3742,40.5416
symbol-top-bottom,2,baseline,f9ed90d41e7bff92707a796e4677772351a23e53a6e148cf831a3feb92ae880e,1,1000000,65536,45.1952,126384,f8b8ccc418982414bfa68c9de1d005671cf24403b6c459d2f4438324c017bcce,43.9217,45.3892,43.9217,43.8077,43.8401,45.6787
symbol-top-bottom,2,current,1003a83830e8b12ae1cb86bdec98af3d649ae54404b59a1466ec31548b149353,1,1000000,65536,23.9991,137016,f8b8ccc418982414bfa68c9de1d005671cf24403b6c459d2f4438324c017bcce,23.3436,23.0333,23.3436,23.5181,23.1592,23.4672
symbol-top-bottom,4,baseline,f9ed90d41e7bff92707a796e4677772351a23e53a6e148cf831a3feb92ae880e,1,1000000,65536,44.7031,147256,f8b8ccc418982414bfa68c9de1d005671cf24403b6c459d2f4438324c017bcce,43.6642,45.0928,43.6553,43.6642,43.8093,43.6472
symbol-top-bottom,4,current,1003a83830e8b12ae1cb86bdec98af3d649ae54404b59a1466ec31548b149353,1,1000000,65536,13.9146,157632,f8b8ccc418982414bfa68c9de1d005671cf24403b6c459d2f4438324c017bcce,13.5229,13.3521,13.5315,13.7789,13.5229,13.5094
symbol-top-bottom,8,baseline,f9ed90d41e7bff92707a796e4677772351a23e53a6e148cf831a3feb92ae880e,1,1000000,65536,44.5224,188444,f8b8ccc418982414bfa68c9de1d005671cf24403b6c459d2f4438324c017bcce,43.2701,45.0251,43.6772,43.243,43.2701,43.2041
symbol-top-bottom,8,current,1003a83830e8b12ae1cb86bdec98af3d649ae54404b59a1466ec31548b149353,1,1000000,65536,9.04237,183900,f8b8ccc418982414bfa68c9de1d005671cf24403b6c459d2f4438324c017bcce,7.38323,8.10281,7.00896,7.71376,7.38323,6.93533
symbol-top-bottom,16,baseline,f9ed90d41e7bff92707a796e4677772351a23e53a6e148cf831a3feb92ae880e,1,1000000,65536,46.9351,270216,f8b8ccc418982414bfa68c9de1d005671cf24403b6c459d2f4438324c017bcce,43.6629,47.4045,46.2604,43.465,43.4823,43.6629
symbol-top-bottom,16,current,1003a83830e8b12ae1cb86bdec98af3d649ae54404b59a1466ec31548b149353,1,1000000,65536,5.85105,258092,f8b8ccc418982414bfa68c9de1d005671cf24403b6c459d2f4438324c017bcce,5.30037,5.26436,5.33946,5.55254,5.30037,5.15998
symbol-top-bottom,default,baseline,f9ed90d41e7bff92707a796e4677772351a23e53a6e148cf831a3feb92ae880e,1,1000000,65536,44.7094,393264,f8b8ccc418982414bfa68c9de1d005671cf24403b6c459d2f4438324c017bcce,43.7177,45.0376,44.3924,43.485,43.7138,43.7177
symbol-top-bottom,default,current,1003a83830e8b12ae1cb86bdec98af3d649ae54404b59a1466ec31548b149353,1,1000000,65536,6.32198,374768,f8b8ccc418982414bfa68c9de1d005671cf24403b6c459d2f4438324c017bcce,4.04649,3.90673,3.89084,4.1745,4.04649,4.09188
distinct-string-values,1,current,1003a83830e8b12ae1cb86bdec98af3d649ae54404b59a1466ec31548b149353,1,1000000,65536,30.8713,122216,9b7eb3754cd7ed308bf0f8be7348679914b4acc67b61adcba0d6bfba1217ba81,22.7364,23.4156,23.333,22.7364,22.1992,22.6667
distinct-string-values,2,current,1003a83830e8b12ae1cb86bdec98af3d649ae54404b59a1466ec31548b149353,1,1000000,65536,16.8285,139436,9b7eb3754cd7ed308bf0f8be7348679914b4acc67b61adcba0d6bfba1217ba81,15.4492,15.3721,15.4492,15.6838,15.7873,15.3742
distinct-string-values,4,current,1003a83830e8b12ae1cb86bdec98af3d649ae54404b59a1466ec31548b149353,1,1000000,65536,11.2418,159632,9b7eb3754cd7ed308bf0f8be7348679914b4acc67b61adcba0d6bfba1217ba81,9.57085,9.57085,9.54093,9.62332,9.48749,9.64596
distinct-string-values,8,current,1003a83830e8b12ae1cb86bdec98af3d649ae54404b59a1466ec31548b149353,1,1000000,65536,7.07099,200764,9b7eb3754cd7ed308bf0f8be7348679914b4acc67b61adcba0d6bfba1217ba81,5.66938,5.84139,5.73963,5.66938,5.41872,5.40679
distinct-string-values,16,current,1003a83830e8b12ae1cb86bdec98af3d649ae54404b59a1466ec31548b149353,1,1000000,65536,6.82709,282288,9b7eb3754cd7ed308bf0f8be7348679914b4acc67b61adcba0d6bfba1217ba81,4.75964,4.75964,4.74465,4.64801,4.86795,5.36242
distinct-string-values,default,current,1003a83830e8b12ae1cb86bdec98af3d649ae54404b59a1466ec31548b149353,1,1000000,65536,5.77448,405232,9b7eb3754cd7ed308bf0f8be7348679914b4acc67b61adcba0d6bfba1217ba81,3.81936,3.89633,3.67363,3.69625,3.85905,3.81936
distinct-string-keys,1,baseline,f9ed90d41e7bff92707a796e4677772351a23e53a6e148cf831a3feb92ae880e,1,1000000,4,42.376,118320,ac3f509a27fd3b0822cc8bdda118b589ce75ecf1593f6ebb10af51c0966a8c22,40.8188,40.9049,40.8188,40.7837,40.7339,40.8472
distinct-string-keys,1,current,1003a83830e8b12ae1cb86bdec98af3d649ae54404b59a1466ec31548b149353,1,1000000,4,17.853,122496,ac3f509a27fd3b0822cc8bdda118b589ce75ecf1593f6ebb10af51c0966a8c22,16.8017,16.7892,16.6852,16.8176,16.8017,16.9493
distinct-string-keys,2,baseline,f9ed90d41e7bff92707a796e4677772351a23e53a6e148cf831a3feb92ae880e,1,1000000,4,25.6576,200660,ac3f509a27fd3b0822cc8bdda118b589ce75ecf1593f6ebb10af51c0966a8c22,23.0613,23.4854,23.1299,22.9953,23.0063,23.0613
distinct-string-keys,2,current,1003a83830e8b12ae1cb86bdec98af3d649ae54404b59a1466ec31548b149353,1,1000000,4,10.8763,139104,ac3f509a27fd3b0822cc8bdda118b589ce75ecf1593f6ebb10af51c0966a8c22,9.15362,9.15362,9.10712,9.33269,9.17324,9.13956
distinct-string-keys,4,baseline,f9ed90d41e7bff92707a796e4677772351a23e53a6e148cf831a3feb92ae880e,1,1000000,4,13.5964,211200,ac3f509a27fd3b0822cc8bdda118b589ce75ecf1593f6ebb10af51c0966a8c22,12.0014,12.1146,11.9583,12.0255,12.0014,11.969
distinct-string-keys,4,current,1003a83830e8b12ae1cb86bdec98af3d649ae54404b59a1466ec31548b149353,1,1000000,4,5.98426,159304,ac3f509a27fd3b0822cc8bdda118b589ce75ecf1593f6ebb10af51c0966a8c22,4.70674,4.79697,4.70674,4.71578,4.69021,4.6989
distinct-string-keys,8,baseline,f9ed90d41e7bff92707a796e4677772351a23e53a6e148cf831a3feb92ae880e,1,1000000,4,10.3224,350092,ac3f509a27fd3b0822cc8bdda118b589ce75ecf1593f6ebb10af51c0966a8c22,7.7147,9.00034,8.04474,7.7147,7.59957,7.71443
distinct-string-keys,8,current,1003a83830e8b12ae1cb86bdec98af3d649ae54404b59a1466ec31548b149353,1,1000000,4,4.31926,200408,ac3f509a27fd3b0822cc8bdda118b589ce75ecf1593f6ebb10af51c0966a8c22,2.88225,2.92433,2.88225,2.86125,2.83374,2.97287
distinct-string-keys,16,baseline,f9ed90d41e7bff92707a796e4677772351a23e53a6e148cf831a3feb92ae880e,1,1000000,4,8.74936,588392,ac3f509a27fd3b0822cc8bdda118b589ce75ecf1593f6ebb10af51c0966a8c22,8.73943,8.14178,7.62297,10.3225,8.73943,9.44202
distinct-string-keys,16,current,1003a83830e8b12ae1cb86bdec98af3d649ae54404b59a1466ec31548b149353,1,1000000,4,3.86207,282496,ac3f509a27fd3b0822cc8bdda118b589ce75ecf1593f6ebb10af51c0966a8c22,2.08663,2.25634,2.23843,1.96943,2.07981,2.08663
distinct-string-keys,default,baseline,f9ed90d41e7bff92707a796e4677772351a23e53a6e148cf831a3feb92ae880e,1,1000000,4,8.60506,670096,ac3f509a27fd3b0822cc8bdda118b589ce75ecf1593f6ebb10af51c0966a8c22,7.95611,7.48319,7.95611,8.97775,6.63364,8.77945
distinct-string-keys,default,current,1003a83830e8b12ae1cb86bdec98af3d649ae54404b59a1466ec31548b149353,1,1000000,4,4.91473,405764,ac3f509a27fd3b0822cc8bdda118b589ce75ecf1593f6ebb10af51c0966a8c22,2.10601,2.21387,1.99258,2.10601,2.54409,2.10435
mixed-distinct-string-keys,1,baseline,f9ed90d41e7bff92707a796e4677772351a23e53a6e148cf831a3feb92ae880e,1,1000000,4,45.1501,118136,61232620dcfbf5bc76482baa4c6693ac891191c888c9bc3db3d330a13083b072,44.8765,45.0261,44.8765,44.836,44.7875,44.9242
mixed-distinct-string-keys,1,current,1003a83830e8b12ae1cb86bdec98af3d649ae54404b59a1466ec31548b149353,1,1000000,4,34.4893,128572,61232620dcfbf5bc76482baa4c6693ac891191c888c9bc3db3d330a13083b072,32.8194,32.8139,32.8085,33.169,32.9581,32.8194
mixed-distinct-string-keys,2,baseline,f9ed90d41e7bff92707a796e4677772351a23e53a6e148cf831a3feb92ae880e,1,1000000,4,28.3756,208540,61232620dcfbf5bc76482baa4c6693ac891191c888c9bc3db3d330a13083b072,26.4145,26.6796,26.9842,26.1468,26.4145,26.3161
mixed-distinct-string-keys,2,current,1003a83830e8b12ae1cb86bdec98af3d649ae54404b59a1466ec31548b149353,1,1000000,4,18.2224,143256,61232620dcfbf5bc76482baa4c6693ac891191c888c9bc3db3d330a13083b072,16.4944,16.7966,16.5833,16.4567,16.4944,16.3982
mixed-distinct-string-keys,4,baseline,f9ed90d41e7bff92707a796e4677772351a23e53a6e148cf831a3feb92ae880e,1,1000000,4,15.8224,225244,61232620dcfbf5bc76482baa4c6693ac891191c888c9bc3db3d330a13083b072,13.8791,13.9784,13.83,13.8918,13.8717,13.8791
mixed-distinct-string-keys,4,current,1003a83830e8b12ae1cb86bdec98af3d649ae54404b59a1466ec31548b149353,1,1000000,4,10.6432,172240,61232620dcfbf5bc76482baa4c6693ac891191c888c9bc3db3d330a13083b072,9.11298,9.11298,9.49499,9.09834,9.06933,9.11781
mixed-distinct-string-keys,8,baseline,f9ed90d41e7bff92707a796e4677772351a23e53a6e148cf831a3feb92ae880e,1,1000000,4,13.3222,348068,61232620dcfbf5bc76482baa4c6693ac891191c888c9bc3db3d330a13083b072,11.4747,11.4747,12.3032,9.57691,9.40773,12.3491
mixed-distinct-string-keys,8,current,1003a83830e8b12ae1cb86bdec98af3d649ae54404b59a1466ec31548b149353,1,1000000,4,8.77116,228900,61232620dcfbf5bc76482baa4c6693ac891191c888c9bc3db3d330a13083b072,6.5898,6.77825,5.88507,6.043,7.31587,6.5898
mixed-distinct-string-keys,16,baseline,f9ed90d41e7bff92707a796e4677772351a23e53a6e148cf831a3feb92ae880e,1,1000000,4,10.7515,573532,61232620dcfbf5bc76482baa4c6693ac891191c888c9bc3db3d330a13083b072,10.7199,10.7199,9.55147,11.8863,11.2508,9.82592
mixed-distinct-string-keys,16,current,1003a83830e8b12ae1cb86bdec98af3d649ae54404b59a1466ec31548b149353,1,1000000,4,6.50908,323280,61232620dcfbf5bc76482baa4c6693ac891191c888c9bc3db3d330a13083b072,4.52784,4.24627,4.45334,4.52784,4.55067,5.12527
mixed-distinct-string-keys,default,baseline,f9ed90d41e7bff92707a796e4677772351a23e53a6e148cf831a3feb92ae880e,1,1000000,4,9.66644,671664,61232620dcfbf5bc76482baa4c6693ac891191c888c9bc3db3d330a13083b072,9.63127,10.1047,10.5948,9.50055,9.59363,9.63127
mixed-distinct-string-keys,default,current,1003a83830e8b12ae1cb86bdec98af3d649ae54404b59a1466ec31548b149353,1,1000000,4,7.26533,475172,61232620dcfbf5bc76482baa4c6693ac891191c888c9bc3db3d330a13083b072,4.06717,3.76886,4.06717,4.48377,4.15477,3.72774
distinct-guid-keys,1,baseline,f9ed90d41e7bff92707a796e4677772351a23e53a6e148cf831a3feb92ae880e,1,1000000,4,33.8955,122244,d9309af93908251cc2530fcab1577eb47724fdb555fb52140e0cf29d69e3e69d,32.5114,32.4188,32.5114,32.7285,32.5098,33.0675
distinct-guid-keys,1,current,1003a83830e8b12ae1cb86bdec98af3d649ae54404b59a1466ec31548b149353,1,1000000,4,10.3539,116272,d9309af93908251cc2530fcab1577eb47724fdb555fb52140e0cf29d69e3e69d,9.02441,9.04835,9.00118,9.02441,8.99759,9.12626
distinct-guid-keys,2,baseline,f9ed90d41e7bff92707a796e4677772351a23e53a6e148cf831a3feb92ae880e,1,1000000,4,29.961,136592,d9309af93908251cc2530fcab1577eb47724fdb555fb52140e0cf29d69e3e69d,28.5798,28.7301,28.7685,28.4914,28.5798,28.4708
distinct-guid-keys,2,current,1003a83830e8b12ae1cb86bdec98af3d649ae54404b59a1466ec31548b149353,1,1000000,4,6.88077,132780,d9309af93908251cc2530fcab1577eb47724fdb555fb52140e0cf29d69e3e69d,5.56471,5.66491,5.5846,5.56471,5.54037,5.5384
distinct-guid-keys,4,baseline,f9ed90d41e7bff92707a796e4677772351a23e53a6e148cf831a3feb92ae880e,1,1000000,4,29.6497,165104,d9309af93908251cc2530fcab1577eb47724fdb555fb52140e0cf29d69e3e69d,28.1615,28.0894,28.3231,28.1615,28.1539,28.1989
distinct-guid-keys,4,current,1003a83830e8b12ae1cb86bdec98af3d649ae54404b59a1466ec31548b149353,1,1000000,4,4.72891,153356,d9309af93908251cc2530fcab1577eb47724fdb555fb52140e0cf29d69e3e69d,2.91397,2.86558,2.90422,2.9774,2.91934,2.91397
distinct-guid-keys,8,baseline,f9ed90d41e7bff92707a796e4677772351a23e53a6e148cf831a3feb92ae880e,1,1000000,4,29.4884,214808,d9309af93908251cc2530fcab1577eb47724fdb555fb52140e0cf29d69e3e69d,28.0167,28.4103,28.2175,28.0167,27.9149,27.8909
distinct-guid-keys,8,current,1003a83830e8b12ae1cb86bdec98af3d649ae54404b59a1466ec31548b149353,1,1000000,4,3.10369,194328,d9309af93908251cc2530fcab1577eb47724fdb555fb52140e0cf29d69e3e69d,1.82024,1.96388,1.8659,1.82024,1.79693,1.81419
distinct-guid-keys,16,baseline,f9ed90d41e7bff92707a796e4677772351a23e53a6e148cf831a3feb92ae880e,1,1000000,4,29.7032,325180,d9309af93908251cc2530fcab1577eb47724fdb555fb52140e0cf29d69e3e69d,28.5312,28.5312,27.9907,28.7345,28.2717,29.1056
distinct-guid-keys,16,current,1003a83830e8b12ae1cb86bdec98af3d649ae54404b59a1466ec31548b149353,1,1000000,4,2.82222,276072,d9309af93908251cc2530fcab1577eb47724fdb555fb52140e0cf29d69e3e69d,1.33679,1.46563,1.3886,1.31265,1.25356,1.33679
distinct-guid-keys,default,baseline,f9ed90d41e7bff92707a796e4677772351a23e53a6e148cf831a3feb92ae880e,1,1000000,4,30.1909,472796,d9309af93908251cc2530fcab1577eb47724fdb555fb52140e0cf29d69e3e69d,28.4461,28.6776,28.3117,28.4461,28.8387,28.1263
distinct-guid-keys,default,current,1003a83830e8b12ae1cb86bdec98af3d649ae54404b59a1466ec31548b149353,1,1000000,4,4.75,399424,d9309af93908251cc2530fcab1577eb47724fdb555fb52140e0cf29d69e3e69d,1.58194,1.81831,1.66114,1.58194,1.43913,1.51867
mixed-distinct-guid-keys,1,baseline,f9ed90d41e7bff92707a796e4677772351a23e53a6e148cf831a3feb92ae880e,1,1000000,4,38.3147,122520,0b242a4715a18e98585d2c495072e013dd56ee015a0185ab603539decca3d4fd,36.755,36.755,37.2943,36.533,36.8249,36.6334
mixed-distinct-guid-keys,1,current,1003a83830e8b12ae1cb86bdec98af3d649ae54404b59a1466ec31548b149353,1,1000000,4,38.6767,122208,0b242a4715a18e98585d2c495072e013dd56ee015a0185ab603539decca3d4fd,37.1415,37.2354,37.3008,37.1415,37.0333,36.9553
mixed-distinct-guid-keys,2,baseline,f9ed90d41e7bff92707a796e4677772351a23e53a6e148cf831a3feb92ae880e,1,1000000,4,34.5185,136736,0b242a4715a18e98585d2c495072e013dd56ee015a0185ab603539decca3d4fd,32.3997,32.3997,31.9386,33.044,32.5393,32.1868
mixed-distinct-guid-keys,2,current,1003a83830e8b12ae1cb86bdec98af3d649ae54404b59a1466ec31548b149353,1,1000000,4,34.0138,136800,0b242a4715a18e98585d2c495072e013dd56ee015a0185ab603539decca3d4fd,32.3837,32.3924,32.6001,32.3837,32.3074,32.2498
mixed-distinct-guid-keys,4,baseline,f9ed90d41e7bff92707a796e4677772351a23e53a6e148cf831a3feb92ae880e,1,1000000,4,32.7646,165312,0b242a4715a18e98585d2c495072e013dd56ee015a0185ab603539decca3d4fd,31.6305,31.9054,31.4963,31.3711,31.7061,31.6305
mixed-distinct-guid-keys,4,current,1003a83830e8b12ae1cb86bdec98af3d649ae54404b59a1466ec31548b149353,1,1000000,4,9.55148,196572,0b242a4715a18e98585d2c495072e013dd56ee015a0185ab603539decca3d4fd,7.6089,7.14954,7.66155,8.40951,7.6089,7.37052
mixed-distinct-guid-keys,8,baseline,f9ed90d41e7bff92707a796e4677772351a23e53a6e148cf831a3feb92ae880e,1,1000000,4,34.6114,214556,0b242a4715a18e98585d2c495072e013dd56ee015a0185ab603539decca3d4fd,31.6049,31.6049,31.5087,31.4792,31.7202,32.1724
mixed-distinct-guid-keys,8,current,1003a83830e8b12ae1cb86bdec98af3d649ae54404b59a1466ec31548b149353,1,1000000,4,7.50016,237652,0b242a4715a18e98585d2c495072e013dd56ee015a0185ab603539decca3d4fd,6.25889,6.47982,7.08005,6.1537,6.15184,6.25889
mixed-distinct-guid-keys,16,baseline,f9ed90d41e7bff92707a796e4677772351a23e53a6e148cf831a3feb92ae880e,1,1000000,4,33.3007,317264,0b242a4715a18e98585d2c495072e013dd56ee015a0185ab603539decca3d4fd,31.4391,31.0105,31.6077,31.4393,31.3729,31.4391
mixed-distinct-guid-keys,16,current,1003a83830e8b12ae1cb86bdec98af3d649ae54404b59a1466ec31548b149353,1,1000000,4,7.60041,352480,0b242a4715a18e98585d2c495072e013dd56ee015a0185ab603539decca3d4fd,6.51012,6.51012,6.47034,6.6578,6.41722,6.67816
mixed-distinct-guid-keys,default,baseline,f9ed90d41e7bff92707a796e4677772351a23e53a6e148cf831a3feb92ae880e,1,1000000,4,33.428,448780,0b242a4715a18e98585d2c495072e013dd56ee015a0185ab603539decca3d4fd,31.385,31.5176,31.385,31.0861,31.1497,35.7837
mixed-distinct-guid-keys,default,current,1003a83830e8b12ae1cb86bdec98af3d649ae54404b59a1466ec31548b149353,1,1000000,4,8.53604,495848,0b242a4715a18e98585d2c495072e013dd56ee015a0185ab603539decca3d4fd,6.3326,6.58484,6.3326,6.04157,6.65775,6.10152
distinct-list-keys,1,current,1003a83830e8b12ae1cb86bdec98af3d649ae54404b59a1466ec31548b149353,1,1000000,4,15.0125,95940,22ba9bd6ec666041eea9f90edb8e32c5c3c9128b3a28900fc9cf9c171c54d8b1,14.3766,14.3946,14.3363,14.3066,14.3766,14.555
distinct-list-keys,2,current,1003a83830e8b12ae1cb86bdec98af3d649ae54404b59a1466ec31548b149353,1,1000000,4,8.5087,106028,22ba9bd6ec666041eea9f90edb8e32c5c3c9128b3a28900fc9cf9c171c54d8b1,8.21029,8.16587,8.34826,8.21994,8.08977,8.21029
distinct-list-keys,4,current,1003a83830e8b12ae1cb86bdec98af3d649ae54404b59a1466ec31548b149353,1,1000000,4,4.54397,126708,22ba9bd6ec666041eea9f90edb8e32c5c3c9128b3a28900fc9cf9c171c54d8b1,4.2516,4.32791,4.2516,4.24468,4.24047,4.25216
distinct-list-keys,8,current,1003a83830e8b12ae1cb86bdec98af3d649ae54404b59a1466ec31548b149353,1,1000000,4,2.88339,167316,22ba9bd6ec666041eea9f90edb8e32c5c3c9128b3a28900fc9cf9c171c54d8b1,2.27311,2.39894,2.34016,2.27055,2.26557,2.27311
distinct-list-keys,16,current,1003a83830e8b12ae1cb86bdec98af3d649ae54404b59a1466ec31548b149353,1,1000000,4,2.02061,249812,22ba9bd6ec666041eea9f90edb8e32c5c3c9128b3a28900fc9cf9c171c54d8b1,1.87999,1.8188,1.87999,1.92496,1.89317,1.72619
distinct-list-keys,default,current,1003a83830e8b12ae1cb86bdec98af3d649ae54404b59a1466ec31548b149353,1,1000000,4,2.22404,372868,22ba9bd6ec666041eea9f90edb8e32c5c3c9128b3a28900fc9cf9c171c54d8b1,1.74418,1.7391,1.82788,1.74418,1.76621,1.73974
mixed-distinct-list-keys,1,current,1003a83830e8b12ae1cb86bdec98af3d649ae54404b59a1466ec31548b149353,1,1000000,4,39.1373,97772,bda38af97f50bcedd7789b55d9625aa5bdb902b2192d7e15629a9ab65afc5d9e,38.6764,38.8147,38.5265,38.6764,38.5567,38.7985
mixed-distinct-list-keys,2,current,1003a83830e8b12ae1cb86bdec98af3d649ae54404b59a1466ec31548b149353,1,1000000,4,34.5949,110240,bda38af97f50bcedd7789b55d9625aa5bdb902b2192d7e15629a9ab65afc5d9e,34.2652,34.4858,34.2652,33.8925,33.7245,34.4422
mixed-distinct-list-keys,4,current,1003a83830e8b12ae1cb86bdec98af3d649ae54404b59a1466ec31548b149353,1,1000000,4,11.3894,169988,bda38af97f50bcedd7789b55d9625aa5bdb902b2192d7e15629a9ab65afc5d9e,9.19103,9.96493,9.27707,9.19103,8.44887,8.60559
mixed-distinct-list-keys,8,current,1003a83830e8b12ae1cb86bdec98af3d649ae54404b59a1466ec31548b149353,1,1000000,4,7.83904,214816,bda38af97f50bcedd7789b55d9625aa5bdb902b2192d7e15629a9ab65afc5d9e,6.99476,8.19727,7.89962,6.95375,6.93646,6.99476
mixed-distinct-list-keys,16,current,1003a83830e8b12ae1cb86bdec98af3d649ae54404b59a1466ec31548b149353,1,1000000,4,7.41969,325436,bda38af97f50bcedd7789b55d9625aa5bdb902b2192d7e15629a9ab65afc5d9e,7.2114,7.51099,7.2114,6.76906,7.35811,6.90826
mixed-distinct-list-keys,default,current,1003a83830e8b12ae1cb86bdec98af3d649ae54404b59a1466ec31548b149353,1,1000000,4,6.92429,454656,bda38af97f50bcedd7789b55d9625aa5bdb902b2192d7e15629a9ab65afc5d9e,6.67453,6.77404,6.67453,6.28163,6.70164,6.4753
mixed-distinct-string-values,1,current,1003a83830e8b12ae1cb86bdec98af3d649ae54404b59a1466ec31548b149353,1,1000000,65536,27.11,118696,834e03a3652cc22a097f0d908c610aef785658fc9bf8878f212fedd25237610c,25.8163,25.8036,25.5723,25.8163,25.9968,26.6056
mixed-distinct-string-values,2,current,1003a83830e8b12ae1cb86bdec98af3d649ae54404b59a1466ec31548b149353,1,1000000,65536,68.2011,256660,834e03a3652cc22a097f0d908c610aef785658fc9bf8878f212fedd25237610c,43.215,46.4167,41.3472,43.712,43.215,40.6045
mixed-distinct-string-values,4,current,1003a83830e8b12ae1cb86bdec98af3d649ae54404b59a1466ec31548b149353,1,1000000,65536,60.1565,274992,834e03a3652cc22a097f0d908c610aef785658fc9bf8878f212fedd25237610c,35.7075,35.388,35.7075,35.0864,38.7015,37.6258
mixed-distinct-string-values,8,current,1003a83830e8b12ae1cb86bdec98af3d649ae54404b59a1466ec31548b149353,1,1000000,65536,56.7355,324408,834e03a3652cc22a097f0d908c610aef785658fc9bf8878f212fedd25237610c,32.5605,32.5605,34.8279,29.6316,33.9953,31.6911
mixed-distinct-string-values,16,current,1003a83830e8b12ae1cb86bdec98af3d649ae54404b59a1466ec31548b149353,1,1000000,65536,57.1036,408296,834e03a3652cc22a097f0d908c610aef785658fc9bf8878f212fedd25237610c,31.851,31.2992,32.7833,31.4307,31.851,32.6857
mixed-distinct-string-values,default,current,1003a83830e8b12ae1cb86bdec98af3d649ae54404b59a1466ec31548b149353,1,1000000,65536,57.3275,531452,834e03a3652cc22a097f0d908c610aef785658fc9bf8878f212fedd25237610c,31.1633,30.3879,31.1591,31.1633,31.939,49.8036
hot-first-last,1,baseline,f9ed90d41e7bff92707a796e4677772351a23e53a6e148cf831a3feb92ae880e,1,1000000,1,7.07106,97600,de1c7aee90df728f2e380959e7d5f2288b6fdfb6774d1d5c58b4046a002c902c,6.39774,6.41625,6.39092,6.42232,6.38666,6.39774
hot-first-last,1,current,1003a83830e8b12ae1cb86bdec98af3d649ae54404b59a1466ec31548b149353,1,1000000,1,4.89523,97912,de1c7aee90df728f2e380959e7d5f2288b6fdfb6774d1d5c58b4046a002c902c,4.10858,4.10858,4.12463,4.11501,4.08435,4.07767
hot-first-last,2,baseline,f9ed90d41e7bff92707a796e4677772351a23e53a6e148cf831a3feb92ae880e,1,1000000,1,7.07491,108436,de1c7aee90df728f2e380959e7d5f2288b6fdfb6774d1d5c58b4046a002c902c,6.39604,6.38018,6.39604,6.39633,6.3611,6.41118
hot-first-last,2,current,1003a83830e8b12ae1cb86bdec98af3d649ae54404b59a1466ec31548b149353,1,1000000,1,3.39263,107924,de1c7aee90df728f2e380959e7d5f2288b6fdfb6774d1d5c58b4046a002c902c,2.61303,2.60305,2.60362,2.67881,2.70029,2.61303
hot-first-last,4,baseline,f9ed90d41e7bff92707a796e4677772351a23e53a6e148cf831a3feb92ae880e,1,1000000,1,7.08247,128492,de1c7aee90df728f2e380959e7d5f2288b6fdfb6774d1d5c58b4046a002c902c,6.38603,6.3898,6.38241,6.40496,6.37645,6.38603
hot-first-last,4,current,1003a83830e8b12ae1cb86bdec98af3d649ae54404b59a1466ec31548b149353,1,1000000,1,1.92987,120516,de1c7aee90df728f2e380959e7d5f2288b6fdfb6774d1d5c58b4046a002c902c,1.55441,1.55642,1.55323,1.66245,1.55441,1.54048
hot-first-last,8,baseline,f9ed90d41e7bff92707a796e4677772351a23e53a6e148cf831a3feb92ae880e,1,1000000,1,7.13169,169524,de1c7aee90df728f2e380959e7d5f2288b6fdfb6774d1d5c58b4046a002c902c,6.36792,6.43336,6.37617,6.36792,6.33814,6.35294
hot-first-last,8,current,1003a83830e8b12ae1cb86bdec98af3d649ae54404b59a1466ec31548b149353,1,1000000,1,1.37468,161504,de1c7aee90df728f2e380959e7d5f2288b6fdfb6774d1d5c58b4046a002c902c,0.952553,0.959729,0.952553,0.953995,0.931745,0.940095
hot-first-last,16,baseline,f9ed90d41e7bff92707a796e4677772351a23e53a6e148cf831a3feb92ae880e,1,1000000,1,7.11044,251300,de1c7aee90df728f2e380959e7d5f2288b6fdfb6774d1d5c58b4046a002c902c,6.38843,6.40237,6.6307,6.35348,6.36831,6.38843
hot-first-last,16,current,1003a83830e8b12ae1cb86bdec98af3d649ae54404b59a1466ec31548b149353,1,1000000,1,1.3866,243548,de1c7aee90df728f2e380959e7d5f2288b6fdfb6774d1d5c58b4046a002c902c,0.688426,0.689752,0.641659,0.704002,0.643642,0.688426
hot-first-last,default,baseline,f9ed90d41e7bff92707a796e4677772351a23e53a6e148cf831a3feb92ae880e,1,1000000,1,7.09356,374724,de1c7aee90df728f2e380959e7d5f2288b6fdfb6774d1d5c58b4046a002c902c,6.39356,6.40232,6.40578,6.38144,6.37287,6.39356
hot-first-last,default,current,1003a83830e8b12ae1cb86bdec98af3d649ae54404b59a1466ec31548b149353,1,1000000,1,1.86109,366564,de1c7aee90df728f2e380959e7d5f2288b6fdfb6774d1d5c58b4046a002c902c,0.571058,0.621013,0.584178,0.571058,0.529152,0.530763
hot-symbol-extrema,1,baseline,f9ed90d41e7bff92707a796e4677772351a23e53a6e148cf831a3feb92ae880e,1,1000000,1,35.51,97840,db5c38a9f7a9a6060d996feab546074359840f34b5ed13fa6a873da74c958575,35.9632,35.9632,35.7,37.058,37.0192,35.2077
hot-symbol-extrema,1,current,1003a83830e8b12ae1cb86bdec98af3d649ae54404b59a1466ec31548b149353,1,1000000,1,32.784,98164,db5c38a9f7a9a6060d996feab546074359840f34b5ed13fa6a873da74c958575,34.846,32.3957,34.846,34.8679,35.6716,33.9472
hot-symbol-extrema,2,baseline,f9ed90d41e7bff92707a796e4677772351a23e53a6e148cf831a3feb92ae880e,1,1000000,1,36.2219,108184,db5c38a9f7a9a6060d996feab546074359840f34b5ed13fa6a873da74c958575,35.3792,35.2985,35.2322,35.5689,36.218,35.3792
hot-symbol-extrema,2,current,1003a83830e8b12ae1cb86bdec98af3d649ae54404b59a1466ec31548b149353,1,1000000,1,18.1992,108176,db5c38a9f7a9a6060d996feab546074359840f34b5ed13fa6a873da74c958575,18.1369,17.6246,17.5444,18.1369,18.3404,18.1951
hot-symbol-extrema,4,baseline,f9ed90d41e7bff92707a796e4677772351a23e53a6e148cf831a3feb92ae880e,1,1000000,1,37.3713,128124,db5c38a9f7a9a6060d996feab546074359840f34b5ed13fa6a873da74c958575,36.7929,36.1574,37.5898,36.261,36.7929,37.5894
hot-symbol-extrema,4,current,1003a83830e8b12ae1cb86bdec98af3d649ae54404b59a1466ec31548b149353,1,1000000,1,9.02556,120552,db5c38a9f7a9a6060d996feab546074359840f34b5ed13fa6a873da74c958575,9.21701,9.21701,9.15483,9.35138,9.50826,9.14302
hot-symbol-extrema,8,baseline,f9ed90d41e7bff92707a796e4677772351a23e53a6e148cf831a3feb92ae880e,1,1000000,1,37.0574,169772,db5c38a9f7a9a6060d996feab546074359840f34b5ed13fa6a873da74c958575,37.7483,37.7483,37.8528,37.923,36.9366,37.4829
hot-symbol-extrema,8,current,1003a83830e8b12ae1cb86bdec98af3d649ae54404b59a1466ec31548b149353,1,1000000,1,6.48382,161336,db5c38a9f7a9a6060d996feab546074359840f34b5ed13fa6a873da74c958575,4.83967,5.04522,5.17803,4.77764,4.83967,4.81059
hot-symbol-extrema,16,baseline,f9ed90d41e7bff92707a796e4677772351a23e53a6e148cf831a3feb92ae880e,1,1000000,1,35.4158,251512,db5c38a9f7a9a6060d996feab546074359840f34b5ed13fa6a873da74c958575,36.9171,37.8022,37.2955,36.9171,36.372,36.3726
hot-symbol-extrema,16,current,1003a83830e8b12ae1cb86bdec98af3d649ae54404b59a1466ec31548b149353,1,1000000,1,3.38306,243040,db5c38a9f7a9a6060d996feab546074359840f34b5ed13fa6a873da74c958575,3.24176,3.24835,3.2039,3.30187,3.23553,3.24176
hot-symbol-extrema,default,baseline,f9ed90d41e7bff92707a796e4677772351a23e53a6e148cf831a3feb92ae880e,1,1000000,1,35.8858,374784,db5c38a9f7a9a6060d996feab546074359840f34b5ed13fa6a873da74c958575,36.0372,36.3378,35.8111,35.3978,36.0372,36.8737
hot-symbol-extrema,default,current,1003a83830e8b12ae1cb86bdec98af3d649ae54404b59a1466ec31548b149353,1,1000000,1,3.439,366564,db5c38a9f7a9a6060d996feab546074359840f34b5ed13fa6a873da74c958575,2.39432,2.4064,2.37669,2.39109,2.39432,2.5817
hot-wide-extrema,1,baseline,f9ed90d41e7bff92707a796e4677772351a23e53a6e148cf831a3feb92ae880e,1,1000000,1,20.8993,117848,f433b82646d94aafcddc53b00cffa02530ada75b5c1ba5fa5b40e8dbda6cf1f2,19.6449,19.5809,19.8154,20.2637,19.2861,19.6449
hot-wide-extrema,1,current,1003a83830e8b12ae1cb86bdec98af3d649ae54404b59a1466ec31548b149353,1,1000000,1,23.7262,118380,f433b82646d94aafcddc53b00cffa02530ada75b5c1ba5fa5b40e8dbda6cf1f2,19.9433,19.6612,20.0301,19.855,19.9486,19.9433
hot-wide-extrema,2,baseline,f9ed90d41e7bff92707a796e4677772351a23e53a6e148cf831a3feb92ae880e,1,1000000,1,20.6997,128600,f433b82646d94aafcddc53b00cffa02530ada75b5c1ba5fa5b40e8dbda6cf1f2,19.5103,19.5103,19.3337,19.7434,19.1493,19.7666
hot-wide-extrema,2,current,1003a83830e8b12ae1cb86bdec98af3d649ae54404b59a1466ec31548b149353,1,1000000,1,12.2725,128980,f433b82646d94aafcddc53b00cffa02530ada75b5c1ba5fa5b40e8dbda6cf1f2,11.3624,11.3547,11.3624,11.0738,11.417,11.5484
hot-wide-extrema,4,baseline,f9ed90d41e7bff92707a796e4677772351a23e53a6e148cf831a3feb92ae880e,1,1000000,1,21.0214,149180,f433b82646d94aafcddc53b00cffa02530ada75b5c1ba5fa5b40e8dbda6cf1f2,19.7847,20.0691,19.7847,19.6691,19.7144,19.9438
hot-wide-extrema,4,current,1003a83830e8b12ae1cb86bdec98af3d649ae54404b59a1466ec31548b149353,1,1000000,1,5.80419,133052,f433b82646d94aafcddc53b00cffa02530ada75b5c1ba5fa5b40e8dbda6cf1f2,5.83435,5.79693,5.83435,5.8617,5.83533,5.76693
hot-wide-extrema,8,baseline,f9ed90d41e7bff92707a796e4677772351a23e53a6e148cf831a3feb92ae880e,1,1000000,1,20.7487,190096,f433b82646d94aafcddc53b00cffa02530ada75b5c1ba5fa5b40e8dbda6cf1f2,19.7788,19.7788,20.04,20.4764,19.6584,19.6365
hot-wide-extrema,8,current,1003a83830e8b12ae1cb86bdec98af3d649ae54404b59a1466ec31548b149353,1,1000000,1,3.86621,173604,f433b82646d94aafcddc53b00cffa02530ada75b5c1ba5fa5b40e8dbda6cf1f2,3.62027,3.71884,3.70313,3.62027,3.53731,3.28828
hot-wide-extrema,16,baseline,f9ed90d41e7bff92707a796e4677772351a23e53a6e148cf831a3feb92ae880e,1,1000000,1,20.7716,272468,f433b82646d94aafcddc53b00cffa02530ada75b5c1ba5fa5b40e8dbda6cf1f2,20.1121,19.7742,20.1121,20.3751,19.821,20.5146
hot-wide-extrema,16,current,1003a83830e8b12ae1cb86bdec98af3d649ae54404b59a1466ec31548b149353,1,1000000,1,2.37127,255772,f433b82646d94aafcddc53b00cffa02530ada75b5c1ba5fa5b40e8dbda6cf1f2,2.19736,2.17984,2.19736,2.18102,2.52338,2.43689
hot-wide-extrema,default,baseline,f9ed90d41e7bff92707a796e4677772351a23e53a6e148cf831a3feb92ae880e,1,1000000,1,20.6251,395520,f433b82646d94aafcddc53b00cffa02530ada75b5c1ba5fa5b40e8dbda6cf1f2,19.9948,20.2303,19.631,19.9948,20.0402,19.87
hot-wide-extrema,default,current,1003a83830e8b12ae1cb86bdec98af3d649ae54404b59a1466ec31548b149353,1,1000000,1,2.07719,378632,f433b82646d94aafcddc53b00cffa02530ada75b5c1ba5fa5b40e8dbda6cf1f2,1.62771,1.67367,1.62452,1.62771,1.61963,1.65214
hot-mode,1,baseline,f9ed90d41e7bff92707a796e4677772351a23e53a6e148cf831a3feb92ae880e,1,1000000,1,29.3913,171484,b64d0f9376d31c65a2c29100e20b1eaa9a81ceb87b9537b6ee98bf91bb511a5a,11.4402,11.638,11.4402,11.4883,11.398,11.2875
hot-mode,1,current,1003a83830e8b12ae1cb86bdec98af3d649ae54404b59a1466ec31548b149353,1,1000000,1,29.4346,171492,b64d0f9376d31c65a2c29100e20b1eaa9a81ceb87b9537b6ee98bf91bb511a5a,11.534,11.5688,11.5313,11.568,11.534,11.5286
hot-mode,2,baseline,f9ed90d41e7bff92707a796e4677772351a23e53a6e148cf831a3feb92ae880e,1,1000000,1,29.1384,181688,b64d0f9376d31c65a2c29100e20b1eaa9a81ceb87b9537b6ee98bf91bb511a5a,11.3437,11.3569,11.3514,11.3202,11.2793,11.3437
hot-mode,2,current,1003a83830e8b12ae1cb86bdec98af3d649ae54404b59a1466ec31548b149353,1,1000000,1,6.94512,99992,b64d0f9376d31c65a2c29100e20b1eaa9a81ceb87b9537b6ee98bf91bb511a5a,5.21663,5.33135,5.20123,5.17881,5.21663,5.23724
hot-mode,4,baseline,f9ed90d41e7bff92707a796e4677772351a23e53a6e148cf831a3feb92ae880e,1,1000000,1,29.0294,202108,b64d0f9376d31c65a2c29100e20b1eaa9a81ceb87b9537b6ee98bf91bb511a5a,11.5566,11.4533,11.6127,11.5566,11.6043,11.4169
hot-mode,4,current,1003a83830e8b12ae1cb86bdec98af3d649ae54404b59a1466ec31548b149353,1,1000000,1,3.96442,118744,b64d0f9376d31c65a2c29100e20b1eaa9a81ceb87b9537b6ee98bf91bb511a5a,2.80806,2.80806,2.81626,2.79584,2.80372,2.81356
hot-mode,8,baseline,f9ed90d41e7bff92707a796e4677772351a23e53a6e148cf831a3feb92ae880e,1,1000000,1,29.5426,243028,b64d0f9376d31c65a2c29100e20b1eaa9a81ceb87b9537b6ee98bf91bb511a5a,11.2912,11.4903,11.2912,11.3293,11.2733,11.2354
hot-mode,8,current,1003a83830e8b12ae1cb86bdec98af3d649ae54404b59a1466ec31548b149353,1,1000000,1,2.95134,159572,b64d0f9376d31c65a2c29100e20b1eaa9a81ceb87b9537b6ee98bf91bb511a5a,1.8088,1.83762,1.83312,1.80178,1.80582,1.8088
hot-mode,16,baseline,f9ed90d41e7bff92707a796e4677772351a23e53a6e148cf831a3feb92ae880e,1,1000000,1,29.7256,324904,b64d0f9376d31c65a2c29100e20b1eaa9a81ceb87b9537b6ee98bf91bb511a5a,11.8338,11.6448,11.5945,13.2601,13.0629,11.8338
hot-mode,16,current,1003a83830e8b12ae1cb86bdec98af3d649ae54404b59a1466ec31548b149353,1,1000000,1,2.86293,241140,b64d0f9376d31c65a2c29100e20b1eaa9a81ceb87b9537b6ee98bf91bb511a5a,1.12556,1.14958,1.11779,1.15018,1.12556,1.12509
hot-mode,default,baseline,f9ed90d41e7bff92707a796e4677772351a23e53a6e148cf831a3feb92ae880e,1,1000000,1,29.4175,448592,b64d0f9376d31c65a2c29100e20b1eaa9a81ceb87b9537b6ee98bf91bb511a5a,11.3158,11.3931,11.3141,11.359,11.3158,11.2435
hot-mode,default,current,1003a83830e8b12ae1cb86bdec98af3d649ae54404b59a1466ec31548b149353,1,1000000,1,3.89075,364708,b64d0f9376d31c65a2c29100e20b1eaa9a81ceb87b9537b6ee98bf91bb511a5a,1.07932,1.19253,1.07932,1.08029,1.04406,1.05227
hot-wide-mode,1,baseline,f9ed90d41e7bff92707a796e4677772351a23e53a6e148cf831a3feb92ae880e,1,1000000,1,32.4109,199904,07cb29779cdb3eae170efb2663e4cba81e63e44f2788c36bd3f8b5a276a0ccd3,14.4016,14.6192,14.3566,14.348,14.4016,14.6116
hot-wide-mode,1,current,1003a83830e8b12ae1cb86bdec98af3d649ae54404b59a1466ec31548b149353,1,1000000,1,32.5927,200208,07cb29779cdb3eae170efb2663e4cba81e63e44f2788c36bd3f8b5a276a0ccd3,14.5299,14.5782,14.5547,14.5299,14.4774,14.4408
hot-wide-mode,2,baseline,f9ed90d41e7bff92707a796e4677772351a23e53a6e148cf831a3feb92ae880e,1,1000000,1,32.7914,210192,07cb29779cdb3eae170efb2663e4cba81e63e44f2788c36bd3f8b5a276a0ccd3,14.3988,14.3749,14.3988,17.9554,16.7423,14.3572
hot-wide-mode,2,current,1003a83830e8b12ae1cb86bdec98af3d649ae54404b59a1466ec31548b149353,1,1000000,1,8.77427,128680,07cb29779cdb3eae170efb2663e4cba81e63e44f2788c36bd3f8b5a276a0ccd3,7.57849,7.66926,7.52359,7.52212,7.57849,7.6933
hot-wide-mode,4,baseline,f9ed90d41e7bff92707a796e4677772351a23e53a6e148cf831a3feb92ae880e,1,1000000,1,32.4597,230700,07cb29779cdb3eae170efb2663e4cba81e63e44f2788c36bd3f8b5a276a0ccd3,14.4663,14.5245,14.3408,14.4663,14.4758,14.3955
hot-wide-mode,4,current,1003a83830e8b12ae1cb86bdec98af3d649ae54404b59a1466ec31548b149353,1,1000000,1,4.00538,132980,07cb29779cdb3eae170efb2663e4cba81e63e44f2788c36bd3f8b5a276a0ccd3,3.94496,3.98657,3.9676,3.92069,3.94496,3.93277
hot-wide-mode,8,baseline,f9ed90d41e7bff92707a796e4677772351a23e53a6e148cf831a3feb92ae880e,1,1000000,1,32.1898,271704,07cb29779cdb3eae170efb2663e4cba81e63e44f2788c36bd3f8b5a276a0ccd3,14.4306,14.4144,14.5169,14.4306,14.3269,14.5124
hot-wide-mode,8,current,1003a83830e8b12ae1cb86bdec98af3d649ae54404b59a1466ec31548b149353,1,1000000,1,2.89496,173624,07cb29779cdb3eae170efb2663e4cba81e63e44f2788c36bd3f8b5a276a0ccd3,2.12409,2.72613,2.12409,2.1052,2.52018,2.00472
hot-wide-mode,16,baseline,f9ed90d41e7bff92707a796e4677772351a23e53a6e148cf831a3feb92ae880e,1,1000000,1,32.627,353692,07cb29779cdb3eae170efb2663e4cba81e63e44f2788c36bd3f8b5a276a0ccd3,14.4634,14.6417,14.4634,14.4594,14.4987,14.3719
hot-wide-mode,16,current,1003a83830e8b12ae1cb86bdec98af3d649ae54404b59a1466ec31548b149353,1,1000000,1,1.85115,255700,07cb29779cdb3eae170efb2663e4cba81e63e44f2788c36bd3f8b5a276a0ccd3,3.26008,3.70022,3.56656,3.26008,3.1408,2.96272
hot-wide-mode,default,baseline,f9ed90d41e7bff92707a796e4677772351a23e53a6e148cf831a3feb92ae880e,1,1000000,1,33.004,477232,07cb29779cdb3eae170efb2663e4cba81e63e44f2788c36bd3f8b5a276a0ccd3,14.4772,14.6679,14.3366,14.4139,14.6189,14.4772
hot-wide-mode,default,current,1003a83830e8b12ae1cb86bdec98af3d649ae54404b59a1466ec31548b149353,1,1000000,1,1.69013,378912,07cb29779cdb3eae170efb2663e4cba81e63e44f2788c36bd3f8b5a276a0ccd3,1.26917,1.33334,1.30471,1.26917,1.25904,1.26029
hot-top-bottom,1,baseline,f9ed90d41e7bff92707a796e4677772351a23e53a6e148cf831a3feb92ae880e,1,1000000,1,6.96637,89632,0deae406d093a497ed430a8dc03bcd2e046b57e6946851149c17ebb8f8a2a178,5.85437,5.85121,5.93891,5.78588,5.85437,6.08712
hot-top-bottom,1,current,1003a83830e8b12ae1cb86bdec98af3d649ae54404b59a1466ec31548b149353,1,1000000,1,7.20019,89804,0deae406d093a497ed430a8dc03bcd2e046b57e6946851149c17ebb8f8a2a178,5.90186,5.90186,6.12291,5.87375,5.90147,6.02515
hot-top-bottom,2,baseline,f9ed90d41e7bff92707a796e4677772351a23e53a6e148cf831a3feb92ae880e,1,1000000,1,6.96516,99996,0deae406d093a497ed430a8dc03bcd2e046b57e6946851149c17ebb8f8a2a178,5.83424,5.83424,5.84409,5.81104,5.82098,5.88307
hot-top-bottom,2,current,1003a83830e8b12ae1cb86bdec98af3d649ae54404b59a1466ec31548b149353,1,1000000,1,4.96085,100008,0deae406d093a497ed430a8dc03bcd2e046b57e6946851149c17ebb8f8a2a178,4.10061,5.54685,4.80094,4.10061,3.1421,3.40108
hot-top-bottom,4,baseline,f9ed90d41e7bff92707a796e4677772351a23e53a6e148cf831a3feb92ae880e,1,1000000,1,6.95758,120716,0deae406d093a497ed430a8dc03bcd2e046b57e6946851149c17ebb8f8a2a178,5.83603,5.86076,5.8282,5.89942,5.83603,5.82109
hot-top-bottom,4,current,1003a83830e8b12ae1cb86bdec98af3d649ae54404b59a1466ec31548b149353,1,1000000,1,2.85163,118784,0deae406d093a497ed430a8dc03bcd2e046b57e6946851149c17ebb8f8a2a178,1.70922,1.7397,1.70922,1.70467,1.71125,1.7023
hot-top-bottom,8,baseline,f9ed90d41e7bff92707a796e4677772351a23e53a6e148cf831a3feb92ae880e,1,1000000,1,7.00591,161276,0deae406d093a497ed430a8dc03bcd2e046b57e6946851149c17ebb8f8a2a178,5.88358,5.94751,5.88358,5.90855,5.88244,5.86962
hot-top-bottom,8,current,1003a83830e8b12ae1cb86bdec98af3d649ae54404b59a1466ec31548b149353,1,1000000,1,2.37434,159532,0deae406d093a497ed430a8dc03bcd2e046b57e6946851149c17ebb8f8a2a178,1.08995,1.14111,1.10138,1.08995,1.07967,1.02965
hot-top-bottom,16,baseline,f9ed90d41e7bff92707a796e4677772351a23e53a6e148cf831a3feb92ae880e,1,1000000,1,6.98184,243740,0deae406d093a497ed430a8dc03bcd2e046b57e6946851149c17ebb8f8a2a178,5.84733,5.84791,5.83957,5.84733,5.84557,5.85503
hot-top-bottom,16,current,1003a83830e8b12ae1cb86bdec98af3d649ae54404b59a1466ec31548b149353,1,1000000,1,2.52383,241552,0deae406d093a497ed430a8dc03bcd2e046b57e6946851149c17ebb8f8a2a178,0.742781,0.79781,0.749356,0.736187,0.733581,0.742781
hot-top-bottom,default,baseline,f9ed90d41e7bff92707a796e4677772351a23e53a6e148cf831a3feb92ae880e,1,1000000,1,7.11187,366644,0deae406d093a497ed430a8dc03bcd2e046b57e6946851149c17ebb8f8a2a178,5.82058,5.84337,5.86607,5.79269,5.82058,5.80989
hot-top-bottom,default,current,1003a83830e8b12ae1cb86bdec98af3d649ae54404b59a1466ec31548b149353,1,1000000,1,3.8492,364792,0deae406d093a497ed430a8dc03bcd2e046b57e6946851149c17ebb8f8a2a178,0.613136,0.758457,0.614191,0.583983,0.582412,0.613136
hot-wide-top-bottom,1,baseline,f9ed90d41e7bff92707a796e4677772351a23e53a6e148cf831a3feb92ae880e,1,1000000,1,20.7506,118412,ad9fb3d60360f76b62f7ea7a2deb78bae4a64a5aa605bc8e6ec0ba68d55bba06,19.8942,19.901,19.8942,19.7246,19.8238,19.9737
hot-wide-top-bottom,1,current,1003a83830e8b12ae1cb86bdec98af3d649ae54404b59a1466ec31548b149353,1,1000000,1,20.0408,118408,ad9fb3d60360f76b62f7ea7a2deb78bae4a64a5aa605bc8e6ec0ba68d55bba06,19.0285,18.8092,19.0285,19.0449,19.1615,18.7154
hot-wide-top-bottom,2,baseline,f9ed90d41e7bff92707a796e4677772351a23e53a6e148cf831a3feb92ae880e,1,1000000,1,20.5804,128692,ad9fb3d60360f76b62f7ea7a2deb78bae4a64a5aa605bc8e6ec0ba68d55bba06,19.4103,19.3083,19.0818,19.7365,19.4103,19.8136
hot-wide-top-bottom,2,current,1003a83830e8b12ae1cb86bdec98af3d649ae54404b59a1466ec31548b149353,1,1000000,1,13.485,128908,ad9fb3d60360f76b62f7ea7a2deb78bae4a64a5aa605bc8e6ec0ba68d55bba06,12.6374,12.5727,12.7329,12.5826,12.9409,12.6374
hot-wide-top-bottom,4,baseline,f9ed90d41e7bff92707a796e4677772351a23e53a6e148cf831a3feb92ae880e,1,1000000,1,21.1044,149408,ad9fb3d60360f76b62f7ea7a2deb78bae4a64a5aa605bc8e6ec0ba68d55bba06,19.8146,18.8172,19.8539,19.8146,19.3921,20.0144
hot-wide-top-bottom,4,current,1003a83830e8b12ae1cb86bdec98af3d649ae54404b59a1466ec31548b149353,1,1000000,1,7.51752,132456,ad9fb3d60360f76b62f7ea7a2deb78bae4a64a5aa605bc8e6ec0ba68d55bba06,6.78126,6.76114,6.78126,6.84279,7.04119,6.69577
hot-wide-top-bottom,8,baseline,f9ed90d41e7bff92707a796e4677772351a23e53a6e148cf831a3feb92ae880e,1,1000000,1,20.3459,190512,ad9fb3d60360f76b62f7ea7a2deb78bae4a64a5aa605bc8e6ec0ba68d55bba06,19.1342,19.1342,18.6069,20.1959,19.4999,18.9268
hot-wide-top-bottom,8,current,1003a83830e8b12ae1cb86bdec98af3d649ae54404b59a1466ec31548b149353,1,1000000,1,4.38395,173844,ad9fb3d60360f76b62f7ea7a2deb78bae4a64a5aa605bc8e6ec0ba68d55bba06,4.20675,4.4244,4.37161,4.20675,4.12381,4.20628
hot-wide-top-bottom,16,baseline,f9ed90d41e7bff92707a796e4677772351a23e53a6e148cf831a3feb92ae880e,1,1000000,1,20.9398,272500,ad9fb3d60360f76b62f7ea7a2deb78bae4a64a5aa605bc8e6ec0ba68d55bba06,19.8103,19.6117,20.0763,19.8318,19.8103,19.7762
hot-wide-top-bottom,16,current,1003a83830e8b12ae1cb86bdec98af3d649ae54404b59a1466ec31548b149353,1,1000000,1,2.83021,256092,ad9fb3d60360f76b62f7ea7a2deb78bae4a64a5aa605bc8e6ec0ba68d55bba06,2.47724,2.47724,2.54643,2.38477,2.44461,2.8142
hot-wide-top-bottom,default,baseline,f9ed90d41e7bff92707a796e4677772351a23e53a6e148cf831a3feb92ae880e,1,1000000,1,19.6909,395508,ad9fb3d60360f76b62f7ea7a2deb78bae4a64a5aa605bc8e6ec0ba68d55bba06,19.1067,18.4,18.9826,19.1067,19.24,19.1567
hot-wide-top-bottom,default,current,1003a83830e8b12ae1cb86bdec98af3d649ae54404b59a1466ec31548b149353,1,1000000,1,2.43237,379092,ad9fb3d60360f76b62f7ea7a2deb78bae4a64a5aa605bc8e6ec0ba68d55bba06,1.95261,2.00632,1.95261,1.98056,1.90694,1.92574
hot-symbol-top-bottom,1,baseline,f9ed90d41e7bff92707a796e4677772351a23e53a6e148cf831a3feb92ae880e,1,1000000,1,35.7998,97384,06a7912a56088c66cee0f2d2165ba95a5c4fd7a8f64efce4381781d6309d312b,35.769,35.9627,35.6465,37.3017,35.769,35.1316
hot-symbol-top-bottom,1,current,1003a83830e8b12ae1cb86bdec98af3d649ae54404b59a1466ec31548b149353,1,1000000,1,34.0463,97932,06a7912a56088c66cee0f2d2165ba95a5c4fd7a8f64efce4381781d6309d312b,33.8775,33.5009,33.9736,34.11,33.417,33.8775
hot-symbol-top-bottom,2,baseline,f9ed90d41e7bff92707a796e4677772351a23e53a6e148cf831a3feb92ae880e,1,1000000,1,36.1349,107980,06a7912a56088c66cee0f2d2165ba95a5c4fd7a8f64efce4381781d6309d312b,34.9645,35.5437,34.9645,34.9038,34.8574,35.0326
hot-symbol-top-bottom,2,current,1003a83830e8b12ae1cb86bdec98af3d649ae54404b59a1466ec31548b149353,1,1000000,1,21.0883,108332,06a7912a56088c66cee0f2d2165ba95a5c4fd7a8f64efce4381781d6309d312b,21.075,21.075,20.707,21.2908,21.2867,20.9857
hot-symbol-top-bottom,4,baseline,f9ed90d41e7bff92707a796e4677772351a23e53a6e148cf831a3feb92ae880e,1,1000000,1,35.2368,128348,06a7912a56088c66cee0f2d2165ba95a5c4fd7a8f64efce4381781d6309d312b,34.3895,34.7753,34.3009,34.5341,34.0015,34.3895
hot-symbol-top-bottom,4,current,1003a83830e8b12ae1cb86bdec98af3d649ae54404b59a1466ec31548b149353,1,1000000,1,10.7044,120836,06a7912a56088c66cee0f2d2165ba95a5c4fd7a8f64efce4381781d6309d312b,10.8506,10.846,10.9337,10.7481,11.0532,10.8506
hot-symbol-top-bottom,8,baseline,f9ed90d41e7bff92707a796e4677772351a23e53a6e148cf831a3feb92ae880e,1,1000000,1,36.5853,169772,06a7912a56088c66cee0f2d2165ba95a5c4fd7a8f64efce4381781d6309d312b,36.3268,36.3268,35.3673,36.3332,35.5672,36.5469
hot-symbol-top-bottom,8,current,1003a83830e8b12ae1cb86bdec98af3d649ae54404b59a1466ec31548b149353,1,1000000,1,6.89955,161288,06a7912a56088c66cee0f2d2165ba95a5c4fd7a8f64efce4381781d6309d312b,6.29204,6.66956,6.37997,6.29204,6.24696,6.04361
hot-symbol-top-bottom,16,baseline,f9ed90d41e7bff92707a796e4677772351a23e53a6e148cf831a3feb92ae880e,1,1000000,1,35.6344,251040,06a7912a56088c66cee0f2d2165ba95a5c4fd7a8f64efce4381781d6309d312b,34.9381,35.3196,34.9381,35.0581,34.8415,34.5188
hot-symbol-top-bottom,16,current,1003a83830e8b12ae1cb86bdec98af3d649ae54404b59a1466ec31548b149353,1,1000000,1,3.70493,243524,06a7912a56088c66cee0f2d2165ba95a5c4fd7a8f64efce4381781d6309d312b,3.2646,3.51238,3.26922,3.24333,3.2646,3.2599
hot-symbol-top-bottom,default,baseline,f9ed90d41e7bff92707a796e4677772351a23e53a6e148cf831a3feb92ae880e,1,1000000,1,35.0857,374520,06a7912a56088c66cee0f2d2165ba95a5c4fd7a8f64efce4381781d6309d312b,35.2068,35.4826,35.0614,34.833,35.2068,35.4363
hot-symbol-top-bottom,default,current,1003a83830e8b12ae1cb86bdec98af3d649ae54404b59a1466ec31548b149353,1,1000000,1,2.71892,366344,06a7912a56088c66cee0f2d2165ba95a5c4fd7a8f64efce4381781d6309d312b,2.33323,2.43773,2.33323,2.28122,2.32078,2.55443
hot-max-k,1,baseline,f9ed90d41e7bff92707a796e4677772351a23e53a6e148cf831a3feb92ae880e,1,1000000,1,7.33929,89436,ff1bd50e8a74ef503fc27771e6f3ebba13e6b12e3e5070f643274620ae076e32,6.20819,6.26417,6.20857,6.20819,6.18595,6.18363
hot-max-k,1,current,1003a83830e8b12ae1cb86bdec98af3d649ae54404b59a1466ec31548b149353,1,1000000,1,7.44675,89712,ff1bd50e8a74ef503fc27771e6f3ebba13e6b12e3e5070f643274620ae076e32,6.17833,6.15557,6.17069,6.22297,6.17833,6.21601
hot-max-k,2,baseline,f9ed90d41e7bff92707a796e4677772351a23e53a6e148cf831a3feb92ae880e,1,1000000,1,7.38344,99964,ff1bd50e8a74ef503fc27771e6f3ebba13e6b12e3e5070f643274620ae076e32,6.26789,6.23332,6.29365,6.30015,6.21414,6.26789
hot-max-k,2,current,1003a83830e8b12ae1cb86bdec98af3d649ae54404b59a1466ec31548b149353,1,1000000,1,5.74057,100020,ff1bd50e8a74ef503fc27771e6f3ebba13e6b12e3e5070f643274620ae076e32,3.39216,4.53045,3.70555,3.39126,3.39216,3.38556
hot-max-k,4,baseline,f9ed90d41e7bff92707a796e4677772351a23e53a6e148cf831a3feb92ae880e,1,1000000,1,7.37509,120560,ff1bd50e8a74ef503fc27771e6f3ebba13e6b12e3e5070f643274620ae076e32,6.14683,6.14683,6.15845,6.14803,6.11074,6.13654
hot-max-k,4,current,1003a83830e8b12ae1cb86bdec98af3d649ae54404b59a1466ec31548b149353,1,1000000,1,3.45289,118900,ff1bd50e8a74ef503fc27771e6f3ebba13e6b12e3e5070f643274620ae076e32,2.11833,2.17863,2.12537,2.11736,2.11833,2.08315
hot-max-k,8,baseline,f9ed90d41e7bff92707a796e4677772351a23e53a6e148cf831a3feb92ae880e,1,1000000,1,7.40579,161340,ff1bd50e8a74ef503fc27771e6f3ebba13e6b12e3e5070f643274620ae076e32,6.13231,6.16442,6.11848,6.13231,6.1134,6.16976
hot-max-k,8,current,1003a83830e8b12ae1cb86bdec98af3d649ae54404b59a1466ec31548b149353,1,1000000,1,2.72658,159320,ff1bd50e8a74ef503fc27771e6f3ebba13e6b12e3e5070f643274620ae076e32,1.63454,1.64306,1.63454,1.60748,1.60889,1.64577
hot-max-k,16,baseline,f9ed90d41e7bff92707a796e4677772351a23e53a6e148cf831a3feb92ae880e,1,1000000,1,7.54174,243552,ff1bd50e8a74ef503fc27771e6f3ebba13e6b12e3e5070f643274620ae076e32,6.1588,6.1588,6.18051,6.1497,6.14376,6.19282
hot-max-k,16,current,1003a83830e8b12ae1cb86bdec98af3d649ae54404b59a1466ec31548b149353,1,1000000,1,2.95809,241364,ff1bd50e8a74ef503fc27771e6f3ebba13e6b12e3e5070f643274620ae076e32,1.3723,1.4113,1.44847,1.3723,1.3356,1.29722
hot-max-k,default,baseline,f9ed90d41e7bff92707a796e4677772351a23e53a6e148cf831a3feb92ae880e,1,1000000,1,8.74676,366052,ff1bd50e8a74ef503fc27771e6f3ebba13e6b12e3e5070f643274620ae076e32,6.16771,6.15327,6.16171,6.16771,6.22595,6.18315
hot-max-k,default,current,1003a83830e8b12ae1cb86bdec98af3d649ae54404b59a1466ec31548b149353,1,1000000,1,3.93952,364488,ff1bd50e8a74ef503fc27771e6f3ebba13e6b12e3e5070f643274620ae076e32,1.28793,1.32202,1.2297,1.28512,1.34106,1.28793
hot-max-k,default,current,1003a83830e8b12ae1cb86bdec98af3d649ae54404b59a1466ec31548b149353,2,1000000,1,4.38078,364348,ff1bd50e8a74ef503fc27771e6f3ebba13e6b12e3e5070f643274620ae076e32,1.30467,1.41197,1.36479,1.30391,1.30467,1.29345
hot-max-k,default,baseline,f9ed90d41e7bff92707a796e4677772351a23e53a6e148cf831a3feb92ae880e,2,1000000,1,7.66154,366268,ff1bd50e8a74ef503fc27771e6f3ebba13e6b12e3e5070f643274620ae076e32,6.1954,6.1954,6.1982,6.19709,6.16666,6.18719
hot-max-k,16,current,1003a83830e8b12ae1cb86bdec98af3d649ae54404b59a1466ec31548b149353,2,1000000,1,3.03695,241512,ff1bd50e8a74ef503fc27771e6f3ebba13e6b12e3e5070f643274620ae076e32,1.28785,1.3319,1.27833,1.28785,1.27558,1.2973
hot-max-k,16,baseline,f9ed90d41e7bff92707a796e4677772351a23e53a6e148cf831a3feb92ae880e,2,1000000,1,7.3466,243484,ff1bd50e8a74ef503fc27771e6f3ebba13e6b12e3e5070f643274620ae076e32,6.15276,6.15276,6.13943,6.13051,6.17855,6.18507
hot-max-k,8,current,1003a83830e8b12ae1cb86bdec98af3d649ae54404b59a1466ec31548b149353,2,1000000,1,2.95818,159440,ff1bd50e8a74ef503fc27771e6f3ebba13e6b12e3e5070f643274620ae076e32,1.67287,1.70497,1.68008,1.67287,1.54847,1.66252
hot-max-k,8,baseline,f9ed90d41e7bff92707a796e4677772351a23e53a6e148cf831a3feb92ae880e,2,1000000,1,7.40997,161036,ff1bd50e8a74ef503fc27771e6f3ebba13e6b12e3e5070f643274620ae076e32,6.17699,6.19411,6.1624,6.15935,6.18093,6.17699
hot-max-k,4,current,1003a83830e8b12ae1cb86bdec98af3d649ae54404b59a1466ec31548b149353,2,1000000,1,3.32557,118544,ff1bd50e8a74ef503fc27771e6f3ebba13e6b12e3e5070f643274620ae076e32,2.09552,2.39511,2.10925,2.0947,2.08309,2.09552
hot-max-k,4,baseline,f9ed90d41e7bff92707a796e4677772351a23e53a6e148cf831a3feb92ae880e,2,1000000,1,7.36134,120448,ff1bd50e8a74ef503fc27771e6f3ebba13e6b12e3e5070f643274620ae076e32,6.13649,6.17954,6.11833,6.11386,6.13649,6.16082
hot-max-k,2,current,1003a83830e8b12ae1cb86bdec98af3d649ae54404b59a1466ec31548b149353,2,1000000,1,4.63966,100016,ff1bd50e8a74ef503fc27771e6f3ebba13e6b12e3e5070f643274620ae076e32,3.37885,3.41576,3.38793,3.37885,3.36666,3.36499
hot-max-k,2,baseline,f9ed90d41e7bff92707a796e4677772351a23e53a6e148cf831a3feb92ae880e,2,1000000,1,7.41444,100512,ff1bd50e8a74ef503fc27771e6f3ebba13e6b12e3e5070f643274620ae076e32,6.19853,6.16521,6.14905,6.20746,6.19853,6.2215
hot-max-k,1,current,1003a83830e8b12ae1cb86bdec98af3d649ae54404b59a1466ec31548b149353,2,1000000,1,7.42152,89524,ff1bd50e8a74ef503fc27771e6f3ebba13e6b12e3e5070f643274620ae076e32,6.20461,6.24415,6.20461,6.18473,6.20186,6.24173
hot-max-k,1,baseline,f9ed90d41e7bff92707a796e4677772351a23e53a6e148cf831a3feb92ae880e,2,1000000,1,7.35581,89400,ff1bd50e8a74ef503fc27771e6f3ebba13e6b12e3e5070f643274620ae076e32,6.14517,6.17999,6.13176,6.09883,6.17752,6.14517
hot-symbol-top-bottom,default,current,1003a83830e8b12ae1cb86bdec98af3d649ae54404b59a1466ec31548b149353,2,1000000,1,2.78521,367064,06a7912a56088c66cee0f2d2165ba95a5c4fd7a8f64efce4381781d6309d312b,2.4075,2.32987,2.35645,2.46329,2.4075,2.48683
hot-symbol-top-bottom,default,baseline,f9ed90d41e7bff92707a796e4677772351a23e53a6e148cf831a3feb92ae880e,2,1000000,1,36.5757,375036,06a7912a56088c66cee0f2d2165ba95a5c4fd7a8f64efce4381781d6309d312b,34.8419,35.4298,35.8719,34.8419,34.3354,34.1151
hot-symbol-top-bottom,16,current,1003a83830e8b12ae1cb86bdec98af3d649ae54404b59a1466ec31548b149353,2,1000000,1,3.73629,243832,06a7912a56088c66cee0f2d2165ba95a5c4fd7a8f64efce4381781d6309d312b,3.51375,3.57388,3.51375,3.56774,3.48701,3.49808
hot-symbol-top-bottom,16,baseline,f9ed90d41e7bff92707a796e4677772351a23e53a6e148cf831a3feb92ae880e,2,1000000,1,35.1957,251512,06a7912a56088c66cee0f2d2165ba95a5c4fd7a8f64efce4381781d6309d312b,34.6904,34.6904,34.5469,35.6115,35.2213,34.5948
hot-symbol-top-bottom,8,current,1003a83830e8b12ae1cb86bdec98af3d649ae54404b59a1466ec31548b149353,2,1000000,1,6.46817,161748,06a7912a56088c66cee0f2d2165ba95a5c4fd7a8f64efce4381781d6309d312b,6.31368,6.6521,6.28895,6.31368,6.59148,6.22177
hot-symbol-top-bottom,8,baseline,f9ed90d41e7bff92707a796e4677772351a23e53a6e148cf831a3feb92ae880e,2,1000000,1,36.2894,170056,06a7912a56088c66cee0f2d2165ba95a5c4fd7a8f64efce4381781d6309d312b,35.6767,35.6767,35.496,36.125,36.778,34.0816
hot-symbol-top-bottom,4,current,1003a83830e8b12ae1cb86bdec98af3d649ae54404b59a1466ec31548b149353,2,1000000,1,10.5359,120504,06a7912a56088c66cee0f2d2165ba95a5c4fd7a8f64efce4381781d6309d312b,10.8565,10.6673,10.9181,10.8565,10.8738,10.7988
hot-symbol-top-bottom,4,baseline,f9ed90d41e7bff92707a796e4677772351a23e53a6e148cf831a3feb92ae880e,2,1000000,1,36.6876,128988,06a7912a56088c66cee0f2d2165ba95a5c4fd7a8f64efce4381781d6309d312b,35.7326,35.8249,35.3189,36.1001,35.7326,35.6006
hot-symbol-top-bottom,2,current,1003a83830e8b12ae1cb86bdec98af3d649ae54404b59a1466ec31548b149353,2,1000000,1,21.5157,108188,06a7912a56088c66cee0f2d2165ba95a5c4fd7a8f64efce4381781d6309d312b,20.9576,20.9051,21.4526,20.9576,21.0922,20.9508
hot-symbol-top-bottom,2,baseline,f9ed90d41e7bff92707a796e4677772351a23e53a6e148cf831a3feb92ae880e,2,1000000,1,36.6034,108208,06a7912a56088c66cee0f2d2165ba95a5c4fd7a8f64efce4381781d6309d312b,35.7782,35.7782,35.8173,35.0556,35.2139,36.0853
hot-symbol-top-bottom,1,current,1003a83830e8b12ae1cb86bdec98af3d649ae54404b59a1466ec31548b149353,2,1000000,1,36.6947,97980,06a7912a56088c66cee0f2d2165ba95a5c4fd7a8f64efce4381781d6309d312b,36.2639,35.1252,36.4469,35.8448,36.3817,36.2639
hot-symbol-top-bottom,1,baseline,f9ed90d41e7bff92707a796e4677772351a23e53a6e148cf831a3feb92ae880e,2,1000000,1,35.5297,97488,06a7912a56088c66cee0f2d2165ba95a5c4fd7a8f64efce4381781d6309d312b,34.6725,35.3185,34.4892,34.9638,34.6725,34.3975
hot-wide-top-bottom,default,current,1003a83830e8b12ae1cb86bdec98af3d649ae54404b59a1466ec31548b149353,2,1000000,1,2.08679,379356,ad9fb3d60360f76b62f7ea7a2deb78bae4a64a5aa605bc8e6ec0ba68d55bba06,1.90556,2.05794,1.88617,1.8453,1.90556,1.91293
hot-wide-top-bottom,default,baseline,f9ed90d41e7bff92707a796e4677772351a23e53a6e148cf831a3feb92ae880e,2,1000000,1,20.1953,395248,ad9fb3d60360f76b62f7ea7a2deb78bae4a64a5aa605bc8e6ec0ba68d55bba06,18.9574,18.8774,18.8856,19.4267,18.9818,18.9574
hot-wide-top-bottom,16,current,1003a83830e8b12ae1cb86bdec98af3d649ae54404b59a1466ec31548b149353,2,1000000,1,2.90661,255948,ad9fb3d60360f76b62f7ea7a2deb78bae4a64a5aa605bc8e6ec0ba68d55bba06,2.42207,2.45679,2.37142,2.42129,2.42207,2.47804
hot-wide-top-bottom,16,baseline,f9ed90d41e7bff92707a796e4677772351a23e53a6e148cf831a3feb92ae880e,2,1000000,1,20.6313,272340,ad9fb3d60360f76b62f7ea7a2deb78bae4a64a5aa605bc8e6ec0ba68d55bba06,19.5523,19.5523,19.5461,19.3172,19.5755,19.797
hot-wide-top-bottom,8,current,1003a83830e8b12ae1cb86bdec98af3d649ae54404b59a1466ec31548b149353,2,1000000,1,4.50249,173908,ad9fb3d60360f76b62f7ea7a2deb78bae4a64a5aa605bc8e6ec0ba68d55bba06,4.05583,4.10232,4.08733,4.05583,3.96572,3.91609
hot-wide-top-bottom,8,baseline,f9ed90d41e7bff92707a796e4677772351a23e53a6e148cf831a3feb92ae880e,2,1000000,1,20.688,190272,ad9fb3d60360f76b62f7ea7a2deb78bae4a64a5aa605bc8e6ec0ba68d55bba06,19.5835,19.4707,19.773,19.5835,19.4924,19.9972
hot-wide-top-bottom,4,current,1003a83830e8b12ae1cb86bdec98af3d649ae54404b59a1466ec31548b149353,2,1000000,1,6.50707,132800,ad9fb3d60360f76b62f7ea7a2deb78bae4a64a5aa605bc8e6ec0ba68d55bba06,6.57188,6.49527,6.57188,6.63152,6.52175,6.58614
hot-wide-top-bottom,4,baseline,f9ed90d41e7bff92707a796e4677772351a23e53a6e148cf831a3feb92ae880e,2,1000000,1,20.3871,149100,ad9fb3d60360f76b62f7ea7a2deb78bae4a64a5aa605bc8e6ec0ba68d55bba06,18.9803,19.0742,18.9749,18.7073,18.9803,19.4733
hot-wide-top-bottom,2,current,1003a83830e8b12ae1cb86bdec98af3d649ae54404b59a1466ec31548b149353,2,1000000,1,13.3409,128604,ad9fb3d60360f76b62f7ea7a2deb78bae4a64a5aa605bc8e6ec0ba68d55bba06,12.527,12.4269,12.3787,12.527,12.6118,12.816
hot-wide-top-bottom,2,baseline,f9ed90d41e7bff92707a796e4677772351a23e53a6e148cf831a3feb92ae880e,2,1000000,1,20.1195,128420,ad9fb3d60360f76b62f7ea7a2deb78bae4a64a5aa605bc8e6ec0ba68d55bba06,19.2686,19.2686,19.5877,19.9543,18.7694,18.6463
hot-wide-top-bottom,1,current,1003a83830e8b12ae1cb86bdec98af3d649ae54404b59a1466ec31548b149353,2,1000000,1,19.7617,118480,ad9fb3d60360f76b62f7ea7a2deb78bae4a64a5aa605bc8e6ec0ba68d55bba06,18.7577,18.7393,18.7948,18.8716,18.4584,18.7577
hot-wide-top-bottom,1,baseline,f9ed90d41e7bff92707a796e4677772351a23e53a6e148cf831a3feb92ae880e,2,1000000,1,20.3768,118412,ad9fb3d60360f76b62f7ea7a2deb78bae4a64a5aa605bc8e6ec0ba68d55bba06,19.4183,19.2237,19.4508,19.4183,19.023,19.4853
hot-top-bottom,default,current,1003a83830e8b12ae1cb86bdec98af3d649ae54404b59a1466ec31548b149353,2,1000000,1,3.5996,364544,0deae406d093a497ed430a8dc03bcd2e046b57e6946851149c17ebb8f8a2a178,1.2043,1.2043,1.20508,1.29453,1.1801,1.14793
hot-top-bottom,default,baseline,f9ed90d41e7bff92707a796e4677772351a23e53a6e148cf831a3feb92ae880e,2,1000000,1,13.6961,366548,0deae406d093a497ed430a8dc03bcd2e046b57e6946851149c17ebb8f8a2a178,5.82342,6.3096,5.82342,5.82336,5.79051,5.82712
hot-top-bottom,16,current,1003a83830e8b12ae1cb86bdec98af3d649ae54404b59a1466ec31548b149353,2,1000000,1,2.516,241396,0deae406d093a497ed430a8dc03bcd2e046b57e6946851149c17ebb8f8a2a178,0.737863,0.747169,0.737863,0.719652,0.729083,0.760156
hot-top-bottom,16,baseline,f9ed90d41e7bff92707a796e4677772351a23e53a6e148cf831a3feb92ae880e,2,1000000,1,6.99347,243344,0deae406d093a497ed430a8dc03bcd2e046b57e6946851149c17ebb8f8a2a178,5.86683,5.8922,5.80524,5.90029,5.81798,5.86683
hot-top-bottom,8,current,1003a83830e8b12ae1cb86bdec98af3d649ae54404b59a1466ec31548b149353,2,1000000,1,2.23978,158972,0deae406d093a497ed430a8dc03bcd2e046b57e6946851149c17ebb8f8a2a178,1.11068,1.07944,1.11068,1.10765,1.11339,1.15358
hot-top-bottom,8,baseline,f9ed90d41e7bff92707a796e4677772351a23e53a6e148cf831a3feb92ae880e,2,1000000,1,6.99707,161372,0deae406d093a497ed430a8dc03bcd2e046b57e6946851149c17ebb8f8a2a178,5.77123,5.83518,5.76094,5.77123,5.77773,5.76894
hot-top-bottom,4,current,1003a83830e8b12ae1cb86bdec98af3d649ae54404b59a1466ec31548b149353,2,1000000,1,3.39609,118396,0deae406d093a497ed430a8dc03bcd2e046b57e6946851149c17ebb8f8a2a178,1.74382,2.17152,1.74382,1.77724,1.68515,1.6945
hot-top-bottom,4,baseline,f9ed90d41e7bff92707a796e4677772351a23e53a6e148cf831a3feb92ae880e,2,1000000,1,7.00075,120288,0deae406d093a497ed430a8dc03bcd2e046b57e6946851149c17ebb8f8a2a178,5.80959,5.87178,5.80959,5.76542,5.8277,5.78385
hot-top-bottom,2,current,1003a83830e8b12ae1cb86bdec98af3d649ae54404b59a1466ec31548b149353,2,1000000,1,4.27335,100256,0deae406d093a497ed430a8dc03bcd2e046b57e6946851149c17ebb8f8a2a178,3.0307,3.07352,3.0307,3.02827,3.08392,3.01985
hot-top-bottom,2,baseline,f9ed90d41e7bff92707a796e4677772351a23e53a6e148cf831a3feb92ae880e,2,1000000,1,7.02983,100276,0deae406d093a497ed430a8dc03bcd2e046b57e6946851149c17ebb8f8a2a178,5.7627,5.87535,5.74661,5.7515,5.8812,5.7627
hot-top-bottom,1,current,1003a83830e8b12ae1cb86bdec98af3d649ae54404b59a1466ec31548b149353,2,1000000,1,7.00944,89648,0deae406d093a497ed430a8dc03bcd2e046b57e6946851149c17ebb8f8a2a178,5.87199,5.87199,5.86022,5.86306,5.9021,5.92574
hot-top-bottom,1,baseline,f9ed90d41e7bff92707a796e4677772351a23e53a6e148cf831a3feb92ae880e,2,1000000,1,6.99542,89216,0deae406d093a497ed430a8dc03bcd2e046b57e6946851149c17ebb8f8a2a178,5.77201,5.81899,5.75883,5.81855,5.77201,5.74921
hot-wide-mode,default,current,1003a83830e8b12ae1cb86bdec98af3d649ae54404b59a1466ec31548b149353,2,1000000,1,1.59876,378852,07cb29779cdb3eae170efb2663e4cba81e63e44f2788c36bd3f8b5a276a0ccd3,1.27355,1.31259,1.28808,1.27355,1.25417,1.26915
hot-wide-mode,default,baseline,f9ed90d41e7bff92707a796e4677772351a23e53a6e148cf831a3feb92ae880e,2,1000000,1,32.4831,476880,07cb29779cdb3eae170efb2663e4cba81e63e44f2788c36bd3f8b5a276a0ccd3,14.533,14.4453,14.4599,15.0834,14.6472,14.533
hot-wide-mode,16,current,1003a83830e8b12ae1cb86bdec98af3d649ae54404b59a1466ec31548b149353,2,1000000,1,1.7985,255844,07cb29779cdb3eae170efb2663e4cba81e63e44f2788c36bd3f8b5a276a0ccd3,1.58666,1.59394,1.64525,1.58186,1.58666,1.57662
hot-wide-mode,16,baseline,f9ed90d41e7bff92707a796e4677772351a23e53a6e148cf831a3feb92ae880e,2,1000000,1,32.4126,353804,07cb29779cdb3eae170efb2663e4cba81e63e44f2788c36bd3f8b5a276a0ccd3,14.3246,14.3528,14.3048,14.3813,14.157,14.3246
hot-wide-mode,8,current,1003a83830e8b12ae1cb86bdec98af3d649ae54404b59a1466ec31548b149353,2,1000000,1,2.99208,173656,07cb29779cdb3eae170efb2663e4cba81e63e44f2788c36bd3f8b5a276a0ccd3,2.84235,2.83071,2.90296,2.85441,2.82717,2.84235
hot-wide-mode,8,baseline,f9ed90d41e7bff92707a796e4677772351a23e53a6e148cf831a3feb92ae880e,2,1000000,1,32.489,271568,07cb29779cdb3eae170efb2663e4cba81e63e44f2788c36bd3f8b5a276a0ccd3,14.4314,14.4814,14.3281,14.36,14.4314,14.7776
hot-wide-mode,4,current,1003a83830e8b12ae1cb86bdec98af3d649ae54404b59a1466ec31548b149353,2,1000000,1,4.0445,133016,07cb29779cdb3eae170efb2663e4cba81e63e44f2788c36bd3f8b5a276a0ccd3,3.9633,3.93929,3.99574,3.96831,3.9633,3.93339
hot-wide-mode,4,baseline,f9ed90d41e7bff92707a796e4677772351a23e53a6e148cf831a3feb92ae880e,2,1000000,1,32.4351,230740,07cb29779cdb3eae170efb2663e4cba81e63e44f2788c36bd3f8b5a276a0ccd3,14.4628,14.6148,14.6362,14.4628,14.3024,14.3368
hot-wide-mode,2,current,1003a83830e8b12ae1cb86bdec98af3d649ae54404b59a1466ec31548b149353,2,1000000,1,8.55513,128668,07cb29779cdb3eae170efb2663e4cba81e63e44f2788c36bd3f8b5a276a0ccd3,7.5789,7.51847,7.52946,7.61926,7.73311,7.5789
hot-wide-mode,2,baseline,f9ed90d41e7bff92707a796e4677772351a23e53a6e148cf831a3feb92ae880e,2,1000000,1,32.2614,210252,07cb29779cdb3eae170efb2663e4cba81e63e44f2788c36bd3f8b5a276a0ccd3,14.4565,14.4649,14.5082,14.4452,14.4565,14.3845
hot-wide-mode,1,current,1003a83830e8b12ae1cb86bdec98af3d649ae54404b59a1466ec31548b149353,2,1000000,1,32.4883,200188,07cb29779cdb3eae170efb2663e4cba81e63e44f2788c36bd3f8b5a276a0ccd3,14.4751,14.5269,14.4702,14.4892,14.4751,14.4706
hot-wide-mode,1,baseline,f9ed90d41e7bff92707a796e4677772351a23e53a6e148cf831a3feb92ae880e,2,1000000,1,32.3858,200160,07cb29779cdb3eae170efb2663e4cba81e63e44f2788c36bd3f8b5a276a0ccd3,14.1858,14.1858,14.1017,14.1261,14.4256,14.3077
hot-mode,default,current,1003a83830e8b12ae1cb86bdec98af3d649ae54404b59a1466ec31548b149353,2,1000000,1,3.57523,364732,b64d0f9376d31c65a2c29100e20b1eaa9a81ceb87b9537b6ee98bf91bb511a5a,1.07636,1.22994,1.07636,1.06259,1.07637,1.07101
hot-mode,default,baseline,f9ed90d41e7bff92707a796e4677772351a23e53a6e148cf831a3feb92ae880e,2,1000000,1,29.7357,448184,b64d0f9376d31c65a2c29100e20b1eaa9a81ceb87b9537b6ee98bf91bb511a5a,11.2567,11.4362,11.3465,11.2567,11.2557,11.2534
hot-mode,16,current,1003a83830e8b12ae1cb86bdec98af3d649ae54404b59a1466ec31548b149353,2,1000000,1,2.90569,241648,b64d0f9376d31c65a2c29100e20b1eaa9a81ceb87b9537b6ee98bf91bb511a5a,1.14461,1.27966,1.14216,1.17699,1.14461,1.12531
hot-mode,16,baseline,f9ed90d41e7bff92707a796e4677772351a23e53a6e148cf831a3feb92ae880e,2,1000000,1,29.3684,324988,b64d0f9376d31c65a2c29100e20b1eaa9a81ceb87b9537b6ee98bf91bb511a5a,11.2777,11.3691,11.2777,11.265,11.2986,11.2546
hot-mode,8,current,1003a83830e8b12ae1cb86bdec98af3d649ae54404b59a1466ec31548b149353,2,1000000,1,3.30586,159280,b64d0f9376d31c65a2c29100e20b1eaa9a81ceb87b9537b6ee98bf91bb511a5a,2.00511,2.05967,1.99641,1.98784,2.00511,2.01708
hot-mode,8,baseline,f9ed90d41e7bff92707a796e4677772351a23e53a6e148cf831a3feb92ae880e,2,1000000,1,29.6643,243536,b64d0f9376d31c65a2c29100e20b1eaa9a81ceb87b9537b6ee98bf91bb511a5a,11.2642,11.4028,11.4029,11.2534,11.2561,11.2642
hot-mode,4,current,1003a83830e8b12ae1cb86bdec98af3d649ae54404b59a1466ec31548b149353,2,1000000,1,4.20375,118584,b64d0f9376d31c65a2c29100e20b1eaa9a81ceb87b9537b6ee98bf91bb511a5a,2.80936,2.83502,2.80936,2.89004,2.78967,2.79052
hot-mode,4,baseline,f9ed90d41e7bff92707a796e4677772351a23e53a6e148cf831a3feb92ae880e,2,1000000,1,28.9399,202104,b64d0f9376d31c65a2c29100e20b1eaa9a81ceb87b9537b6ee98bf91bb511a5a,11.4252,11.3294,11.4252,11.381,11.447,12.0946
hot-mode,2,current,1003a83830e8b12ae1cb86bdec98af3d649ae54404b59a1466ec31548b149353,2,1000000,1,6.85102,100016,b64d0f9376d31c65a2c29100e20b1eaa9a81ceb87b9537b6ee98bf91bb511a5a,5.1869,5.21575,5.26013,5.17977,5.1869,5.18137
hot-mode,2,baseline,f9ed90d41e7bff92707a796e4677772351a23e53a6e148cf831a3feb92ae880e,2,1000000,1,29.5235,181684,b64d0f9376d31c65a2c29100e20b1eaa9a81ceb87b9537b6ee98bf91bb511a5a,11.2956,11.319,11.3416,11.2956,11.2937,11.2521
hot-mode,1,current,1003a83830e8b12ae1cb86bdec98af3d649ae54404b59a1466ec31548b149353,2,1000000,1,30.0294,171128,b64d0f9376d31c65a2c29100e20b1eaa9a81ceb87b9537b6ee98bf91bb511a5a,11.4595,11.4294,11.5183,11.8617,11.3078,11.4595
hot-mode,1,baseline,f9ed90d41e7bff92707a796e4677772351a23e53a6e148cf831a3feb92ae880e,2,1000000,1,29.3602,171460,b64d0f9376d31c65a2c29100e20b1eaa9a81ceb87b9537b6ee98bf91bb511a5a,11.2549,11.3233,11.3523,11.2549,11.2245,11.2298
hot-wide-extrema,default,current,1003a83830e8b12ae1cb86bdec98af3d649ae54404b59a1466ec31548b149353,2,1000000,1,2.0748,378992,f433b82646d94aafcddc53b00cffa02530ada75b5c1ba5fa5b40e8dbda6cf1f2,1.67952,1.64705,1.68099,1.61336,1.69159,1.67952
hot-wide-extrema,default,baseline,f9ed90d41e7bff92707a796e4677772351a23e53a6e148cf831a3feb92ae880e,2,1000000,1,20.9251,395244,f433b82646d94aafcddc53b00cffa02530ada75b5c1ba5fa5b40e8dbda6cf1f2,19.8463,19.8463,19.913,19.8819,19.5936,19.5788
hot-wide-extrema,16,current,1003a83830e8b12ae1cb86bdec98af3d649ae54404b59a1466ec31548b149353,2,1000000,1,2.54247,255664,f433b82646d94aafcddc53b00cffa02530ada75b5c1ba5fa5b40e8dbda6cf1f2,3.47676,3.47676,3.84349,3.87596,3.41171,3.28706
hot-wide-extrema,16,baseline,f9ed90d41e7bff92707a796e4677772351a23e53a6e148cf831a3feb92ae880e,2,1000000,1,20.7774,271792,f433b82646d94aafcddc53b00cffa02530ada75b5c1ba5fa5b40e8dbda6cf1f2,20.1513,19.6643,20.1513,23.961,26.5153,19.9237
hot-wide-extrema,8,current,1003a83830e8b12ae1cb86bdec98af3d649ae54404b59a1466ec31548b149353,2,1000000,1,4.04567,173836,f433b82646d94aafcddc53b00cffa02530ada75b5c1ba5fa5b40e8dbda6cf1f2,3.53612,3.62767,3.53005,3.65599,3.53612,3.48336
hot-wide-extrema,8,baseline,f9ed90d41e7bff92707a796e4677772351a23e53a6e148cf831a3feb92ae880e,2,1000000,1,20.6322,189732,f433b82646d94aafcddc53b00cffa02530ada75b5c1ba5fa5b40e8dbda6cf1f2,19.6198,20.4326,22.412,19.6198,19.072,19.4434
hot-wide-extrema,4,current,1003a83830e8b12ae1cb86bdec98af3d649ae54404b59a1466ec31548b149353,2,1000000,1,5.79021,132528,f433b82646d94aafcddc53b00cffa02530ada75b5c1ba5fa5b40e8dbda6cf1f2,5.86328,5.92554,5.77274,5.86328,5.81407,5.89558
hot-wide-extrema,4,baseline,f9ed90d41e7bff92707a796e4677772351a23e53a6e148cf831a3feb92ae880e,2,1000000,1,21.314,148844,f433b82646d94aafcddc53b00cffa02530ada75b5c1ba5fa5b40e8dbda6cf1f2,19.8821,19.7585,19.8236,20.2231,19.9723,19.8821
hot-wide-extrema,2,current,1003a83830e8b12ae1cb86bdec98af3d649ae54404b59a1466ec31548b149353,2,1000000,1,12.1016,128692,f433b82646d94aafcddc53b00cffa02530ada75b5c1ba5fa5b40e8dbda6cf1f2,11.3624,10.9029,11.2671,11.6235,11.6195,11.3624
hot-wide-extrema,2,baseline,f9ed90d41e7bff92707a796e4677772351a23e53a6e148cf831a3feb92ae880e,2,1000000,1,20.7728,128640,f433b82646d94aafcddc53b00cffa02530ada75b5c1ba5fa5b40e8dbda6cf1f2,19.9932,19.9932,20.2502,19.8747,19.8866,20.7545
hot-wide-extrema,1,current,1003a83830e8b12ae1cb86bdec98af3d649ae54404b59a1466ec31548b149353,2,1000000,1,20.914,118412,f433b82646d94aafcddc53b00cffa02530ada75b5c1ba5fa5b40e8dbda6cf1f2,19.7562,20.4155,20.0823,19.7562,19.7384,19.5182
hot-wide-extrema,1,baseline,f9ed90d41e7bff92707a796e4677772351a23e53a6e148cf831a3feb92ae880e,2,1000000,1,20.6581,118348,f433b82646d94aafcddc53b00cffa02530ada75b5c1ba5fa5b40e8dbda6cf1f2,19.7952,19.7421,19.8052,20.4406,19.4477,19.7952
hot-symbol-extrema,default,current,1003a83830e8b12ae1cb86bdec98af3d649ae54404b59a1466ec31548b149353,2,1000000,1,2.61013,366596,db5c38a9f7a9a6060d996feab546074359840f34b5ed13fa6a873da74c958575,2.41344,2.47903,2.38246,2.38638,2.44902,2.41344
hot-symbol-extrema,default,baseline,f9ed90d41e7bff92707a796e4677772351a23e53a6e148cf831a3feb92ae880e,2,1000000,1,35.2741,374780,db5c38a9f7a9a6060d996feab546074359840f34b5ed13fa6a873da74c958575,35.3531,37.4418,35.3709,35.3531,34.6107,34.9865
hot-symbol-extrema,16,current,1003a83830e8b12ae1cb86bdec98af3d649ae54404b59a1466ec31548b149353,2,1000000,1,3.3892,243668,db5c38a9f7a9a6060d996feab546074359840f34b5ed13fa6a873da74c958575,3.1623,3.03813,3.1623,2.99327,3.16914,3.18782
hot-symbol-extrema,16,baseline,f9ed90d41e7bff92707a796e4677772351a23e53a6e148cf831a3feb92ae880e,2,1000000,1,36.6978,251632,db5c38a9f7a9a6060d996feab546074359840f34b5ed13fa6a873da74c958575,35.9338,36.2608,35.9338,37.0411,35.2739,35.924
hot-symbol-extrema,8,current,1003a83830e8b12ae1cb86bdec98af3d649ae54404b59a1466ec31548b149353,2,1000000,1,6.44304,161452,db5c38a9f7a9a6060d996feab546074359840f34b5ed13fa6a873da74c958575,5.66045,5.98338,5.66045,5.4916,5.46609,5.7164
hot-symbol-extrema,8,baseline,f9ed90d41e7bff92707a796e4677772351a23e53a6e148cf831a3feb92ae880e,2,1000000,1,36.5754,169828,db5c38a9f7a9a6060d996feab546074359840f34b5ed13fa6a873da74c958575,35.2788,34.7036,35.2788,34.7241,35.4476,35.8681
hot-symbol-extrema,4,current,1003a83830e8b12ae1cb86bdec98af3d649ae54404b59a1466ec31548b149353,2,1000000,1,9.32877,120708,db5c38a9f7a9a6060d996feab546074359840f34b5ed13fa6a873da74c958575,9.09093,8.97134,9.1023,9.12318,9.09093,8.8811
hot-symbol-extrema,4,baseline,f9ed90d41e7bff92707a796e4677772351a23e53a6e148cf831a3feb92ae880e,2,1000000,1,36.5557,128692,db5c38a9f7a9a6060d996feab546074359840f34b5ed13fa6a873da74c958575,36.5553,36.5554,36.5553,36.1761,37.3858,35.8881
hot-symbol-extrema,2,current,1003a83830e8b12ae1cb86bdec98af3d649ae54404b59a1466ec31548b149353,2,1000000,1,18.3777,108276,db5c38a9f7a9a6060d996feab546074359840f34b5ed13fa6a873da74c958575,17.7944,17.6692,17.3455,17.8008,18.0905,17.7944
hot-symbol-extrema,2,baseline,f9ed90d41e7bff92707a796e4677772351a23e53a6e148cf831a3feb92ae880e,2,1000000,1,36.6823,107652,db5c38a9f7a9a6060d996feab546074359840f34b5ed13fa6a873da74c958575,36.5819,36.0978,36.7609,36.0659,36.5819,36.8011
hot-symbol-extrema,1,current,1003a83830e8b12ae1cb86bdec98af3d649ae54404b59a1466ec31548b149353,2,1000000,1,34.5945,97656,db5c38a9f7a9a6060d996feab546074359840f34b5ed13fa6a873da74c958575,33.4078,34.4612,33.992,33.039,33.4078,33.3568
hot-symbol-extrema,1,baseline,f9ed90d41e7bff92707a796e4677772351a23e53a6e148cf831a3feb92ae880e,2,1000000,1,34.4095,97836,db5c38a9f7a9a6060d996feab546074359840f34b5ed13fa6a873da74c958575,36.8017,36.8017,36.7799,38.3341,36.3642,37.1784
hot-first-last,default,current,1003a83830e8b12ae1cb86bdec98af3d649ae54404b59a1466ec31548b149353,2,1000000,1,1.9784,366812,de1c7aee90df728f2e380959e7d5f2288b6fdfb6774d1d5c58b4046a002c902c,0.524855,0.689018,0.559135,0.517809,0.524855,0.507565
hot-first-last,default,baseline,f9ed90d41e7bff92707a796e4677772351a23e53a6e148cf831a3feb92ae880e,2,1000000,1,7.10527,374336,de1c7aee90df728f2e380959e7d5f2288b6fdfb6774d1d5c58b4046a002c902c,6.42971,6.42971,6.43052,6.42422,6.42905,6.43955
hot-first-last,16,current,1003a83830e8b12ae1cb86bdec98af3d649ae54404b59a1466ec31548b149353,2,1000000,1,1.51605,243676,de1c7aee90df728f2e380959e7d5f2288b6fdfb6774d1d5c58b4046a002c902c,0.939317,0.840781,0.983577,0.970071,0.939317,0.933048
hot-first-last,16,baseline,f9ed90d41e7bff92707a796e4677772351a23e53a6e148cf831a3feb92ae880e,2,1000000,1,7.02647,251232,de1c7aee90df728f2e380959e7d5f2288b6fdfb6774d1d5c58b4046a002c902c,6.39826,6.41603,6.39586,6.37933,6.42252,6.39826
hot-first-last,8,current,1003a83830e8b12ae1cb86bdec98af3d649ae54404b59a1466ec31548b149353,2,1000000,1,1.46065,161016,de1c7aee90df728f2e380959e7d5f2288b6fdfb6774d1d5c58b4046a002c902c,0.943296,0.983698,0.972621,0.943296,0.937829,0.925688
hot-first-last,8,baseline,f9ed90d41e7bff92707a796e4677772351a23e53a6e148cf831a3feb92ae880e,2,1000000,1,7.05969,169768,de1c7aee90df728f2e380959e7d5f2288b6fdfb6774d1d5c58b4046a002c902c,6.42354,6.4279,6.41946,6.42354,6.42971,6.40577
hot-first-last,4,current,1003a83830e8b12ae1cb86bdec98af3d649ae54404b59a1466ec31548b149353,2,1000000,1,1.86146,120624,de1c7aee90df728f2e380959e7d5f2288b6fdfb6774d1d5c58b4046a002c902c,1.49241,1.48099,1.4726,1.49241,1.5677,1.73147
hot-first-last,4,baseline,f9ed90d41e7bff92707a796e4677772351a23e53a6e148cf831a3feb92ae880e,2,1000000,1,7.18214,128468,de1c7aee90df728f2e380959e7d5f2288b6fdfb6774d1d5c58b4046a002c902c,6.39944,6.39339,6.39944,6.41916,6.38484,6.52574
hot-first-last,2,current,1003a83830e8b12ae1cb86bdec98af3d649ae54404b59a1466ec31548b149353,2,1000000,1,3.45462,108436,de1c7aee90df728f2e380959e7d5f2288b6fdfb6774d1d5c58b4046a002c902c,2.58811,2.73456,2.60387,2.58811,2.58736,2.58496
hot-first-last,2,baseline,f9ed90d41e7bff92707a796e4677772351a23e53a6e148cf831a3feb92ae880e,2,1000000,1,7.08728,108176,de1c7aee90df728f2e380959e7d5f2288b6fdfb6774d1d5c58b4046a002c902c,6.38506,6.40752,6.41113,6.38506,6.38008,6.37048
hot-first-last,1,current,1003a83830e8b12ae1cb86bdec98af3d649ae54404b59a1466ec31548b149353,2,1000000,1,4.69748,98124,de1c7aee90df728f2e380959e7d5f2288b6fdfb6774d1d5c58b4046a002c902c,3.87909,3.87909,3.91771,3.82407,3.78419,4.03123
hot-first-last,1,baseline,f9ed90d41e7bff92707a796e4677772351a23e53a6e148cf831a3feb92ae880e,2,1000000,1,7.09583,97912,de1c7aee90df728f2e380959e7d5f2288b6fdfb6774d1d5c58b4046a002c902c,6.40329,6.42886,6.40117,6.39057,6.43872,6.40329
mixed-distinct-string-values,default,current,1003a83830e8b12ae1cb86bdec98af3d649ae54404b59a1466ec31548b149353,2,1000000,65536,59.2207,531176,834e03a3652cc22a097f0d908c610aef785658fc9bf8878f212fedd25237610c,31.2679,31.2679,30.2094,31.0579,32.0421,32.3115
mixed-distinct-string-values,16,current,1003a83830e8b12ae1cb86bdec98af3d649ae54404b59a1466ec31548b149353,2,1000000,65536,58.0669,408308,834e03a3652cc22a097f0d908c610aef785658fc9bf8878f212fedd25237610c,32.1899,31.8295,32.1899,34.0676,32.4773,32.1172
mixed-distinct-string-values,8,current,1003a83830e8b12ae1cb86bdec98af3d649ae54404b59a1466ec31548b149353,2,1000000,65536,58.3363,324268,834e03a3652cc22a097f0d908c610aef785658fc9bf8878f212fedd25237610c,32.3774,32.3774,30.6909,31.608,32.7485,33.0371
mixed-distinct-string-values,4,current,1003a83830e8b12ae1cb86bdec98af3d649ae54404b59a1466ec31548b149353,2,1000000,65536,59.6659,274896,834e03a3652cc22a097f0d908c610aef785658fc9bf8878f212fedd25237610c,44.9527,44.8663,44.1589,45.8174,44.9527,45.413
mixed-distinct-string-values,2,current,1003a83830e8b12ae1cb86bdec98af3d649ae54404b59a1466ec31548b149353,2,1000000,65536,65.0125,256756,834e03a3652cc22a097f0d908c610aef785658fc9bf8878f212fedd25237610c,51.4016,52.149,52.133,51.1395,51.4016,51.2601
mixed-distinct-string-values,1,current,1003a83830e8b12ae1cb86bdec98af3d649ae54404b59a1466ec31548b149353,2,1000000,65536,27.8119,118680,834e03a3652cc22a097f0d908c610aef785658fc9bf8878f212fedd25237610c,26.7063,26.7063,26.968,26.9271,26.6712,26.6464
mixed-distinct-list-keys,default,current,1003a83830e8b12ae1cb86bdec98af3d649ae54404b59a1466ec31548b149353,2,1000000,4,6.75216,462320,bda38af97f50bcedd7789b55d9625aa5bdb902b2192d7e15629a9ab65afc5d9e,6.85346,6.85346,7.42246,7.19175,6.84535,6.28807
mixed-distinct-list-keys,16,current,1003a83830e8b12ae1cb86bdec98af3d649ae54404b59a1466ec31548b149353,2,1000000,4,7.58198,329572,bda38af97f50bcedd7789b55d9625aa5bdb902b2192d7e15629a9ab65afc5d9e,7.17242,7.26924,7.17242,7.46434,6.47688,6.72735
mixed-distinct-list-keys,8,current,1003a83830e8b12ae1cb86bdec98af3d649ae54404b59a1466ec31548b149353,2,1000000,4,7.41903,214856,bda38af97f50bcedd7789b55d9625aa5bdb902b2192d7e15629a9ab65afc5d9e,7.00859,7.24344,7.45334,6.82764,6.85859,7.00859
mixed-distinct-list-keys,4,current,1003a83830e8b12ae1cb86bdec98af3d649ae54404b59a1466ec31548b149353,2,1000000,4,9.8477,169900,bda38af97f50bcedd7789b55d9625aa5bdb902b2192d7e15629a9ab65afc5d9e,8.50203,9.68508,8.4708,8.82693,8.22869,8.50203
mixed-distinct-list-keys,2,current,1003a83830e8b12ae1cb86bdec98af3d649ae54404b59a1466ec31548b149353,2,1000000,4,34.5208,110740,bda38af97f50bcedd7789b55d9625aa5bdb902b2192d7e15629a9ab65afc5d9e,33.6618,33.7194,33.537,33.6618,33.4603,33.6736
mixed-distinct-list-keys,1,current,1003a83830e8b12ae1cb86bdec98af3d649ae54404b59a1466ec31548b149353,2,1000000,4,39.1396,98156,bda38af97f50bcedd7789b55d9625aa5bdb902b2192d7e15629a9ab65afc5d9e,38.7604,38.7604,38.5786,38.7371,38.7922,38.8154
distinct-list-keys,default,current,1003a83830e8b12ae1cb86bdec98af3d649ae54404b59a1466ec31548b149353,2,1000000,4,3.50549,372968,22ba9bd6ec666041eea9f90edb8e32c5c3c9128b3a28900fc9cf9c171c54d8b1,3.54334,4.40341,3.12147,3.55101,3.50695,3.54334
distinct-list-keys,16,current,1003a83830e8b12ae1cb86bdec98af3d649ae54404b59a1466ec31548b149353,2,1000000,4,2.18033,249688,22ba9bd6ec666041eea9f90edb8e32c5c3c9128b3a28900fc9cf9c171c54d8b1,1.72752,1.72752,1.7065,1.71992,1.75157,1.87675
distinct-list-keys,8,current,1003a83830e8b12ae1cb86bdec98af3d649ae54404b59a1466ec31548b149353,2,1000000,4,2.96067,167936,22ba9bd6ec666041eea9f90edb8e32c5c3c9128b3a28900fc9cf9c171c54d8b1,2.50874,2.59071,2.43754,2.3303,2.50874,2.73506
distinct-list-keys,4,current,1003a83830e8b12ae1cb86bdec98af3d649ae54404b59a1466ec31548b149353,2,1000000,4,4.53703,126652,22ba9bd6ec666041eea9f90edb8e32c5c3c9128b3a28900fc9cf9c171c54d8b1,4.33223,4.36636,4.52643,4.33223,4.304,4.23694
distinct-list-keys,2,current,1003a83830e8b12ae1cb86bdec98af3d649ae54404b59a1466ec31548b149353,2,1000000,4,8.61914,106304,22ba9bd6ec666041eea9f90edb8e32c5c3c9128b3a28900fc9cf9c171c54d8b1,8.3329,8.27419,8.3329,8.54448,8.23354,8.60426
distinct-list-keys,1,current,1003a83830e8b12ae1cb86bdec98af3d649ae54404b59a1466ec31548b149353,2,1000000,4,14.9217,95944,22ba9bd6ec666041eea9f90edb8e32c5c3c9128b3a28900fc9cf9c171c54d8b1,14.6101,14.358,14.6101,14.294,14.6312,15.2592
mixed-distinct-guid-keys,default,current,1003a83830e8b12ae1cb86bdec98af3d649ae54404b59a1466ec31548b149353,2,1000000,4,8.24364,479128,0b242a4715a18e98585d2c495072e013dd56ee015a0185ab603539decca3d4fd,6.31025,6.36537,6.31025,6.40903,5.88059,6.14317
mixed-distinct-guid-keys,default,baseline,f9ed90d41e7bff92707a796e4677772351a23e53a6e148cf831a3feb92ae880e,2,1000000,4,33.3119,468968,0b242a4715a18e98585d2c495072e013dd56ee015a0185ab603539decca3d4fd,31.2683,31.375,31.2683,30.9474,31.3563,31.1215
mixed-distinct-guid-keys,16,current,1003a83830e8b12ae1cb86bdec98af3d649ae54404b59a1466ec31548b149353,2,1000000,4,7.60494,348020,0b242a4715a18e98585d2c495072e013dd56ee015a0185ab603539decca3d4fd,6.5276,5.91042,6.5276,6.63394,6.98815,6.19413
mixed-distinct-guid-keys,16,baseline,f9ed90d41e7bff92707a796e4677772351a23e53a6e148cf831a3feb92ae880e,2,1000000,4,33.0239,320808,0b242a4715a18e98585d2c495072e013dd56ee015a0185ab603539decca3d4fd,31.5628,31.7996,31.8536,31.4886,31.5628,31.2184
mixed-distinct-guid-keys,8,current,1003a83830e8b12ae1cb86bdec98af3d649ae54404b59a1466ec31548b149353,2,1000000,4,7.38673,247816,0b242a4715a18e98585d2c495072e013dd56ee015a0185ab603539decca3d4fd,6.0928,6.0928,6.00991,6.13048,6.03723,6.24427
mixed-distinct-guid-keys,8,baseline,f9ed90d41e7bff92707a796e4677772351a23e53a6e148cf831a3feb92ae880e,2,1000000,4,33.8264,210808,0b242a4715a18e98585d2c495072e013dd56ee015a0185ab603539decca3d4fd,31.3054,31.7151,31.1664,31.1218,31.3054,31.5348
mixed-distinct-guid-keys,4,current,1003a83830e8b12ae1cb86bdec98af3d649ae54404b59a1466ec31548b149353,2,1000000,4,8.37359,196740,0b242a4715a18e98585d2c495072e013dd56ee015a0185ab603539decca3d4fd,7.25415,7.25415,6.79316,7.31076,6.93612,7.42285
mixed-distinct-guid-keys,4,baseline,f9ed90d41e7bff92707a796e4677772351a23e53a6e148cf831a3feb92ae880e,2,1000000,4,33.628,165224,0b242a4715a18e98585d2c495072e013dd56ee015a0185ab603539decca3d4fd,31.3845,31.2915,31.3845,31.4205,31.5277,31.2678
mixed-distinct-guid-keys,2,current,1003a83830e8b12ae1cb86bdec98af3d649ae54404b59a1466ec31548b149353,2,1000000,4,34.0543,137132,0b242a4715a18e98585d2c495072e013dd56ee015a0185ab603539decca3d4fd,32.3134,32.2561,32.5624,32.2672,32.435,32.3134
mixed-distinct-guid-keys,2,baseline,f9ed90d41e7bff92707a796e4677772351a23e53a6e148cf831a3feb92ae880e,2,1000000,4,33.6914,136604,0b242a4715a18e98585d2c495072e013dd56ee015a0185ab603539decca3d4fd,32.2766,32.5049,32.3141,32.0362,32.03,32.2766
mixed-distinct-guid-keys,1,current,1003a83830e8b12ae1cb86bdec98af3d649ae54404b59a1466ec31548b149353,2,1000000,4,38.1202,122740,0b242a4715a18e98585d2c495072e013dd56ee015a0185ab603539decca3d4fd,36.8961,36.8961,36.793,36.9557,36.935,36.7519
mixed-distinct-guid-keys,1,baseline,f9ed90d41e7bff92707a796e4677772351a23e53a6e148cf831a3feb92ae880e,2,1000000,4,38.987,122384,0b242a4715a18e98585d2c495072e013dd56ee015a0185ab603539decca3d4fd,36.8238,36.9675,36.8238,36.6904,36.825,36.663
distinct-guid-keys,default,current,1003a83830e8b12ae1cb86bdec98af3d649ae54404b59a1466ec31548b149353,2,1000000,4,3.8932,399360,d9309af93908251cc2530fcab1577eb47724fdb555fb52140e0cf29d69e3e69d,1.47043,1.48488,1.49838,1.45661,1.47043,1.43051
distinct-guid-keys,default,baseline,f9ed90d41e7bff92707a796e4677772351a23e53a6e148cf831a3feb92ae880e,2,1000000,4,33.1633,476644,d9309af93908251cc2530fcab1577eb47724fdb555fb52140e0cf29d69e3e69d,28.5222,28.5222,28.6645,28.6461,28.099,28.2461
distinct-guid-keys,16,current,1003a83830e8b12ae1cb86bdec98af3d649ae54404b59a1466ec31548b149353,2,1000000,4,2.69334,276520,d9309af93908251cc2530fcab1577eb47724fdb555fb52140e0cf29d69e3e69d,1.30574,1.44473,1.30574,1.3862,1.24919,1.29688
distinct-guid-keys,16,baseline,f9ed90d41e7bff92707a796e4677772351a23e53a6e148cf831a3feb92ae880e,2,1000000,4,29.7524,320856,d9309af93908251cc2530fcab1577eb47724fdb555fb52140e0cf29d69e3e69d,28.6772,28.9866,28.1612,28.7331,28.0266,28.6772
distinct-guid-keys,8,current,1003a83830e8b12ae1cb86bdec98af3d649ae54404b59a1466ec31548b149353,2,1000000,4,3.00404,194116,d9309af93908251cc2530fcab1577eb47724fdb555fb52140e0cf29d69e3e69d,1.74199,1.87639,1.91842,1.74199,1.71653,1.73284
distinct-guid-keys,8,baseline,f9ed90d41e7bff92707a796e4677772351a23e53a6e148cf831a3feb92ae880e,2,1000000,4,29.8262,214568,d9309af93908251cc2530fcab1577eb47724fdb555fb52140e0cf29d69e3e69d,27.9686,28.5485,28.0057,27.7374,27.8866,27.9686
distinct-guid-keys,4,current,1003a83830e8b12ae1cb86bdec98af3d649ae54404b59a1466ec31548b149353,2,1000000,4,4.73443,153284,d9309af93908251cc2530fcab1577eb47724fdb555fb52140e0cf29d69e3e69d,2.85656,2.86379,2.8477,2.85656,2.92921,2.8544
distinct-guid-keys,4,baseline,f9ed90d41e7bff92707a796e4677772351a23e53a6e148cf831a3feb92ae880e,2,1000000,4,29.5131,165340,d9309af93908251cc2530fcab1577eb47724fdb555fb52140e0cf29d69e3e69d,27.8987,27.9316,27.8447,27.8983,28.0404,27.8987
distinct-guid-keys,2,current,1003a83830e8b12ae1cb86bdec98af3d649ae54404b59a1466ec31548b149353,2,1000000,4,6.78034,132768,d9309af93908251cc2530fcab1577eb47724fdb555fb52140e0cf29d69e3e69d,5.40282,5.40282,5.4521,5.37311,5.39046,5.47626
distinct-guid-keys,2,baseline,f9ed90d41e7bff92707a796e4677772351a23e53a6e148cf831a3feb92ae880e,2,1000000,4,29.6837,136596,d9309af93908251cc2530fcab1577eb47724fdb555fb52140e0cf29d69e3e69d,28.387,28.3956,28.387,28.4345,28.3131,28.2906
distinct-guid-keys,1,current,1003a83830e8b12ae1cb86bdec98af3d649ae54404b59a1466ec31548b149353,2,1000000,4,9.67227,116056,d9309af93908251cc2530fcab1577eb47724fdb555fb52140e0cf29d69e3e69d,8.59811,8.98816,8.53804,8.76757,8.59811,8.5421
distinct-guid-keys,1,baseline,f9ed90d41e7bff92707a796e4677772351a23e53a6e148cf831a3feb92ae880e,2,1000000,4,33.4932,122304,d9309af93908251cc2530fcab1577eb47724fdb555fb52140e0cf29d69e3e69d,31.9255,32.1927,31.7873,31.9255,32.2069,31.854
mixed-distinct-string-keys,default,current,1003a83830e8b12ae1cb86bdec98af3d649ae54404b59a1466ec31548b149353,2,1000000,4,7.84305,487468,61232620dcfbf5bc76482baa4c6693ac891191c888c9bc3db3d330a13083b072,3.99634,3.70294,3.76675,3.99634,4.26113,4.01295
mixed-distinct-string-keys,default,baseline,f9ed90d41e7bff92707a796e4677772351a23e53a6e148cf831a3feb92ae880e,2,1000000,4,10.2163,682616,61232620dcfbf5bc76482baa4c6693ac891191c888c9bc3db3d330a13083b072,10.1374,8.48462,10.1374,10.5103,9.90758,11.2625
mixed-distinct-string-keys,16,current,1003a83830e8b12ae1cb86bdec98af3d649ae54404b59a1466ec31548b149353,2,1000000,4,6.38486,336036,61232620dcfbf5bc76482baa4c6693ac891191c888c9bc3db3d330a13083b072,4.19809,4.19809,4.63514,4.01298,4.06034,4.36147
mixed-distinct-string-keys,16,baseline,f9ed90d41e7bff92707a796e4677772351a23e53a6e148cf831a3feb92ae880e,2,1000000,4,9.737,573736,61232620dcfbf5bc76482baa4c6693ac891191c888c9bc3db3d330a13083b072,9.73404,12.783,9.09339,9.73404,11.6343,8.71487
mixed-distinct-string-keys,8,current,1003a83830e8b12ae1cb86bdec98af3d649ae54404b59a1466ec31548b149353,2,1000000,4,7.38497,229188,61232620dcfbf5bc76482baa4c6693ac891191c888c9bc3db3d330a13083b072,5.58209,5.76459,5.78894,5.58066,5.58209,5.46916
mixed-distinct-string-keys,8,baseline,f9ed90d41e7bff92707a796e4677772351a23e53a6e148cf831a3feb92ae880e,2,1000000,4,16.5023,353684,61232620dcfbf5bc76482baa4c6693ac891191c888c9bc3db3d330a13083b072,9.31757,13.8748,11.6008,9.31757,8.91972,8.99558
mixed-distinct-string-keys,4,current,1003a83830e8b12ae1cb86bdec98af3d649ae54404b59a1466ec31548b149353,2,1000000,4,11.2706,171648,61232620dcfbf5bc76482baa4c6693ac891191c888c9bc3db3d330a13083b072,9.11103,9.11103,9.13956,9.09891,9.09798,9.18126
mixed-distinct-string-keys,4,baseline,f9ed90d41e7bff92707a796e4677772351a23e53a6e148cf831a3feb92ae880e,2,1000000,4,15.4494,225028,61232620dcfbf5bc76482baa4c6693ac891191c888c9bc3db3d330a13083b072,13.5995,13.7129,13.6523,13.5089,13.4416,13.5995
mixed-distinct-string-keys,2,current,1003a83830e8b12ae1cb86bdec98af3d649ae54404b59a1466ec31548b149353,2,1000000,4,17.9577,143536,61232620dcfbf5bc76482baa4c6693ac891191c888c9bc3db3d330a13083b072,16.5728,16.6883,16.5728,16.53,16.5514,16.5854
mixed-distinct-string-keys,2,baseline,f9ed90d41e7bff92707a796e4677772351a23e53a6e148cf831a3feb92ae880e,2,1000000,4,27.8705,208828,61232620dcfbf5bc76482baa4c6693ac891191c888c9bc3db3d330a13083b072,25.6296,26.6552,26.0106,25.566,25.6124,25.6296
mixed-distinct-string-keys,1,current,1003a83830e8b12ae1cb86bdec98af3d649ae54404b59a1466ec31548b149353,2,1000000,4,34.2599,128876,61232620dcfbf5bc76482baa4c6693ac891191c888c9bc3db3d330a13083b072,32.7586,32.7969,32.8944,32.7586,32.7325,32.7365
mixed-distinct-string-keys,1,baseline,f9ed90d41e7bff92707a796e4677772351a23e53a6e148cf831a3feb92ae880e,2,1000000,4,45.1348,118068,61232620dcfbf5bc76482baa4c6693ac891191c888c9bc3db3d330a13083b072,45.1732,45.2749,45.1732,45.1403,45.162,45.277
distinct-string-keys,default,current,1003a83830e8b12ae1cb86bdec98af3d649ae54404b59a1466ec31548b149353,2,1000000,4,4.81321,405552,ac3f509a27fd3b0822cc8bdda118b589ce75ecf1593f6ebb10af51c0966a8c22,2.11694,2.23532,2.0696,2.18119,2.03856,2.11694
distinct-string-keys,default,baseline,f9ed90d41e7bff92707a796e4677772351a23e53a6e148cf831a3feb92ae880e,2,1000000,4,8.69082,692108,ac3f509a27fd3b0822cc8bdda118b589ce75ecf1593f6ebb10af51c0966a8c22,7.44161,7.44161,7.27254,8.71549,9.74605,7.22382
distinct-string-keys,16,current,1003a83830e8b12ae1cb86bdec98af3d649ae54404b59a1466ec31548b149353,2,1000000,4,3.62774,282532,ac3f509a27fd3b0822cc8bdda118b589ce75ecf1593f6ebb10af51c0966a8c22,1.99306,2.0651,2.09996,1.95003,1.99306,1.93995
distinct-string-keys,16,baseline,f9ed90d41e7bff92707a796e4677772351a23e53a6e148cf831a3feb92ae880e,2,1000000,4,8.60144,585508,ac3f509a27fd3b0822cc8bdda118b589ce75ecf1593f6ebb10af51c0966a8c22,8.04493,9.34299,8.04493,9.16823,7.98129,7.01563
distinct-string-keys,8,current,1003a83830e8b12ae1cb86bdec98af3d649ae54404b59a1466ec31548b149353,2,1000000,4,3.97352,200428,ac3f509a27fd3b0822cc8bdda118b589ce75ecf1593f6ebb10af51c0966a8c22,2.85194,2.86545,2.71285,2.53939,2.85888,2.85194
distinct-string-keys,8,baseline,f9ed90d41e7bff92707a796e4677772351a23e53a6e148cf831a3feb92ae880e,2,1000000,4,10.7706,354020,ac3f509a27fd3b0822cc8bdda118b589ce75ecf1593f6ebb10af51c0966a8c22,8.06058,8.41366,8.06058,7.7196,7.88738,9.9089
distinct-string-keys,4,current,1003a83830e8b12ae1cb86bdec98af3d649ae54404b59a1466ec31548b149353,2,1000000,4,6.00461,159680,ac3f509a27fd3b0822cc8bdda118b589ce75ecf1593f6ebb10af51c0966a8c22,4.78189,4.82018,4.77081,4.8832,4.78189,4.77034
distinct-string-keys,4,baseline,f9ed90d41e7bff92707a796e4677772351a23e53a6e148cf831a3feb92ae880e,2,1000000,4,14.8144,219124,ac3f509a27fd3b0822cc8bdda118b589ce75ecf1593f6ebb10af51c0966a8c22,11.979,12.142,11.9678,11.979,11.9389,12.1185
distinct-string-keys,2,current,1003a83830e8b12ae1cb86bdec98af3d649ae54404b59a1466ec31548b149353,2,1000000,4,10.5246,139052,ac3f509a27fd3b0822cc8bdda118b589ce75ecf1593f6ebb10af51c0966a8c22,9.27864,9.27864,9.08917,9.11822,9.38369,9.43534
distinct-string-keys,2,baseline,f9ed90d41e7bff92707a796e4677772351a23e53a6e148cf831a3feb92ae880e,2,1000000,4,24.8749,202688,ac3f509a27fd3b0822cc8bdda118b589ce75ecf1593f6ebb10af51c0966a8c22,22.965,23.2401,22.965,22.774,22.895,23.3248
distinct-string-keys,1,current,1003a83830e8b12ae1cb86bdec98af3d649ae54404b59a1466ec31548b149353,2,1000000,4,17.8817,122252,ac3f509a27fd3b0822cc8bdda118b589ce75ecf1593f6ebb10af51c0966a8c22,16.7405,16.771,16.6818,16.7036,16.7405,16.9272
distinct-string-keys,1,baseline,f9ed90d41e7bff92707a796e4677772351a23e53a6e148cf831a3feb92ae880e,2,1000000,4,42.7106,118396,ac3f509a27fd3b0822cc8bdda118b589ce75ecf1593f6ebb10af51c0966a8c22,40.9586,40.9782,40.9142,40.9085,40.9586,40.9746
distinct-string-values,default,current,1003a83830e8b12ae1cb86bdec98af3d649ae54404b59a1466ec31548b149353,2,1000000,65536,6.38633,405800,9b7eb3754cd7ed308bf0f8be7348679914b4acc67b61adcba0d6bfba1217ba81,5.57619,4.50868,4.75127,5.57619,6.05791,6.13691
distinct-string-values,16,current,1003a83830e8b12ae1cb86bdec98af3d649ae54404b59a1466ec31548b149353,2,1000000,65536,6.30552,282756,9b7eb3754cd7ed308bf0f8be7348679914b4acc67b61adcba0d6bfba1217ba81,4.65505,4.74458,4.59855,4.53234,4.6711,4.65505
distinct-string-values,8,current,1003a83830e8b12ae1cb86bdec98af3d649ae54404b59a1466ec31548b149353,2,1000000,65536,9.17245,200812,9b7eb3754cd7ed308bf0f8be7348679914b4acc67b61adcba0d6bfba1217ba81,5.91698,6.00986,5.51605,5.91698,6.11462,5.73016
distinct-string-values,4,current,1003a83830e8b12ae1cb86bdec98af3d649ae54404b59a1466ec31548b149353,2,1000000,65536,11.3954,159464,9b7eb3754cd7ed308bf0f8be7348679914b4acc67b61adcba0d6bfba1217ba81,9.43517,9.44575,9.40174,9.43517,9.44595,9.39476
distinct-string-values,2,current,1003a83830e8b12ae1cb86bdec98af3d649ae54404b59a1466ec31548b149353,2,1000000,65536,17.0474,138888,9b7eb3754cd7ed308bf0f8be7348679914b4acc67b61adcba0d6bfba1217ba81,16.1663,16.1663,15.6204,16.223,15.5454,16.3476
distinct-string-values,1,current,1003a83830e8b12ae1cb86bdec98af3d649ae54404b59a1466ec31548b149353,2,1000000,65536,25.536,122516,9b7eb3754cd7ed308bf0f8be7348679914b4acc67b61adcba0d6bfba1217ba81,22.7224,24.2302,22.7158,22.7224,22.7956,22.3876
symbol-top-bottom,default,current,1003a83830e8b12ae1cb86bdec98af3d649ae54404b59a1466ec31548b149353,2,1000000,65536,6.13454,374776,f8b8ccc418982414bfa68c9de1d005671cf24403b6c459d2f4438324c017bcce,4.04844,4.04434,4.04844,4.11845,3.78695,4.07768
symbol-top-bottom,default,baseline,f9ed90d41e7bff92707a796e4677772351a23e53a6e148cf831a3feb92ae880e,2,1000000,65536,44.5826,393432,f8b8ccc418982414bfa68c9de1d005671cf24403b6c459d2f4438324c017bcce,44.0844,44.8747,44.0844,43.8453,44.0934,43.9834
symbol-top-bottom,16,current,1003a83830e8b12ae1cb86bdec98af3d649ae54404b59a1466ec31548b149353,2,1000000,65536,6.41526,264140,f8b8ccc418982414bfa68c9de1d005671cf24403b6c459d2f4438324c017bcce,5.35388,5.21459,5.35388,5.39723,5.13408,5.48675
symbol-top-bottom,16,baseline,f9ed90d41e7bff92707a796e4677772351a23e53a6e148cf831a3feb92ae880e,2,1000000,65536,46.0483,269644,f8b8ccc418982414bfa68c9de1d005671cf24403b6c459d2f4438324c017bcce,43.8166,45.0659,44.1148,43.5323,43.8166,43.5792
symbol-top-bottom,8,current,1003a83830e8b12ae1cb86bdec98af3d649ae54404b59a1466ec31548b149353,2,1000000,65536,9.08567,183924,f8b8ccc418982414bfa68c9de1d005671cf24403b6c459d2f4438324c017bcce,7.37157,8.13456,7.37157,6.83361,7.12643,7.75963
symbol-top-bottom,8,baseline,f9ed90d41e7bff92707a796e4677772351a23e53a6e148cf831a3feb92ae880e,2,1000000,65536,44.9387,188240,f8b8ccc418982414bfa68c9de1d005671cf24403b6c459d2f4438324c017bcce,43.7981,45.0164,43.9112,43.7869,43.4857,43.7981
symbol-top-bottom,4,current,1003a83830e8b12ae1cb86bdec98af3d649ae54404b59a1466ec31548b149353,2,1000000,65536,16.8873,157380,f8b8ccc418982414bfa68c9de1d005671cf24403b6c459d2f4438324c017bcce,13.5237,13.5899,13.4935,13.5237,13.6894,13.3473
symbol-top-bottom,4,baseline,f9ed90d41e7bff92707a796e4677772351a23e53a6e148cf831a3feb92ae880e,2,1000000,65536,45.2068,147424,f8b8ccc418982414bfa68c9de1d005671cf24403b6c459d2f4438324c017bcce,43.6947,45.0131,43.6947,43.675,43.6576,43.8153
symbol-top-bottom,2,current,1003a83830e8b12ae1cb86bdec98af3d649ae54404b59a1466ec31548b149353,2,1000000,65536,26.0174,137104,f8b8ccc418982414bfa68c9de1d005671cf24403b6c459d2f4438324c017bcce,25.2664,25.2664,25.476,25.3049,23.2673,23.1575
symbol-top-bottom,2,baseline,f9ed90d41e7bff92707a796e4677772351a23e53a6e148cf831a3feb92ae880e,2,1000000,65536,44.802,126624,f8b8ccc418982414bfa68c9de1d005671cf24403b6c459d2f4438324c017bcce,43.7246,44.8081,43.7908,43.7246,43.423,43.41
symbol-top-bottom,1,current,1003a83830e8b12ae1cb86bdec98af3d649ae54404b59a1466ec31548b149353,2,1000000,65536,40.6463,116464,f8b8ccc418982414bfa68c9de1d005671cf24403b6c459d2f4438324c017bcce,39.7605,40.7975,39.7973,39.6302,39.7605,39.5313
symbol-top-bottom,1,baseline,f9ed90d41e7bff92707a796e4677772351a23e53a6e148cf831a3feb92ae880e,2,1000000,65536,44.8164,116256,f8b8ccc418982414bfa68c9de1d005671cf24403b6c459d2f4438324c017bcce,44.311,47.8608,44.311,44.3867,44.2622,44.2592
symbol-extrema,default,current,1003a83830e8b12ae1cb86bdec98af3d649ae54404b59a1466ec31548b149353,2,1000000,65536,5.85419,374740,bd16861e4bfb2bf9eecc83018b5d98157e9101b4c9a8ce57538fd0cacbb691e5,3.5543,3.5543,3.5748,3.51799,3.40056,3.60533
symbol-extrema,default,baseline,f9ed90d41e7bff92707a796e4677772351a23e53a6e148cf831a3feb92ae880e,2,1000000,65536,39.7437,375036,bd16861e4bfb2bf9eecc83018b5d98157e9101b4c9a8ce57538fd0cacbb691e5,39.5253,39.4988,39.5322,40.1872,39.381,39.5253
symbol-extrema,16,current,1003a83830e8b12ae1cb86bdec98af3d649ae54404b59a1466ec31548b149353,2,1000000,65536,5.31708,251524,bd16861e4bfb2bf9eecc83018b5d98157e9101b4c9a8ce57538fd0cacbb691e5,4.486,4.57676,4.557,4.486,4.28716,4.36328
symbol-extrema,16,baseline,f9ed90d41e7bff92707a796e4677772351a23e53a6e148cf831a3feb92ae880e,2,1000000,65536,40.1852,251416,bd16861e4bfb2bf9eecc83018b5d98157e9101b4c9a8ce57538fd0cacbb691e5,39.876,39.7756,39.876,39.9096,40.0227,39.5738
symbol-extrema,8,current,1003a83830e8b12ae1cb86bdec98af3d649ae54404b59a1466ec31548b149353,2,1000000,65536,8.15245,169552,bd16861e4bfb2bf9eecc83018b5d98157e9101b4c9a8ce57538fd0cacbb691e5,6.87281,7.10385,6.59305,6.03839,7.35274,6.87281
symbol-extrema,8,baseline,f9ed90d41e7bff92707a796e4677772351a23e53a6e148cf831a3feb92ae880e,2,1000000,65536,42.7238,169556,bd16861e4bfb2bf9eecc83018b5d98157e9101b4c9a8ce57538fd0cacbb691e5,40.2329,41.7718,40.2329,40.5457,40.0,40.0071
symbol-extrema,4,current,1003a83830e8b12ae1cb86bdec98af3d649ae54404b59a1466ec31548b149353,2,1000000,65536,11.282,128948,bd16861e4bfb2bf9eecc83018b5d98157e9101b4c9a8ce57538fd0cacbb691e5,10.8976,10.9479,11.0039,10.8161,10.8976,10.7278
symbol-extrema,4,baseline,f9ed90d41e7bff92707a796e4677772351a23e53a6e148cf831a3feb92ae880e,2,1000000,65536,39.8108,128948,bd16861e4bfb2bf9eecc83018b5d98157e9101b4c9a8ce57538fd0cacbb691e5,39.5203,39.3335,40.2923,40.0833,39.5203,38.7257
symbol-extrema,2,current,1003a83830e8b12ae1cb86bdec98af3d649ae54404b59a1466ec31548b149353,2,1000000,65536,20.1982,108456,bd16861e4bfb2bf9eecc83018b5d98157e9101b4c9a8ce57538fd0cacbb691e5,19.0356,19.0356,19.2164,19.1217,19.0254,18.926
symbol-extrema,2,baseline,f9ed90d41e7bff92707a796e4677772351a23e53a6e148cf831a3feb92ae880e,2,1000000,65536,42.5426,108440,bd16861e4bfb2bf9eecc83018b5d98157e9101b4c9a8ce57538fd0cacbb691e5,39.7428,39.7428,40.0632,40.3848,38.9697,39.4115
symbol-extrema,1,current,1003a83830e8b12ae1cb86bdec98af3d649ae54404b59a1466ec31548b149353,2,1000000,65536,34.4135,97968,bd16861e4bfb2bf9eecc83018b5d98157e9101b4c9a8ce57538fd0cacbb691e5,33.3166,33.5361,33.1113,33.4358,33.3166,33.1348
symbol-extrema,1,baseline,f9ed90d41e7bff92707a796e4677772351a23e53a6e148cf831a3feb92ae880e,2,1000000,65536,40.8204,97928,bd16861e4bfb2bf9eecc83018b5d98157e9101b4c9a8ce57538fd0cacbb691e5,40.3588,40.3588,39.5189,40.4655,40.198,40.4156
distinct-correlated,default,current,1003a83830e8b12ae1cb86bdec98af3d649ae54404b59a1466ec31548b149353,2,1000000,65536,3.29535,377968,9b7eb3754cd7ed308bf0f8be7348679914b4acc67b61adcba0d6bfba1217ba81,2.07931,2.159,2.06213,2.12174,2.07931,2.06555
distinct-correlated,default,baseline,f9ed90d41e7bff92707a796e4677772351a23e53a6e148cf831a3feb92ae880e,2,1000000,65536,9.07438,732536,9b7eb3754cd7ed308bf0f8be7348679914b4acc67b61adcba0d6bfba1217ba81,10.7676,10.7676,10.2628,15.4782,9.82339,11.5527
distinct-correlated,16,current,1003a83830e8b12ae1cb86bdec98af3d649ae54404b59a1466ec31548b149353,2,1000000,65536,3.22627,253952,9b7eb3754cd7ed308bf0f8be7348679914b4acc67b61adcba0d6bfba1217ba81,2.16498,2.16498,2.10623,2.13257,2.23683,2.42335
distinct-correlated,16,baseline,f9ed90d41e7bff92707a796e4677772351a23e53a6e148cf831a3feb92ae880e,2,1000000,65536,10.4594,574620,9b7eb3754cd7ed308bf0f8be7348679914b4acc67b61adcba0d6bfba1217ba81,9.78042,11.0452,9.78042,11.7006,9.2425,9.75305
distinct-correlated,8,current,1003a83830e8b12ae1cb86bdec98af3d649ae54404b59a1466ec31548b149353,2,1000000,65536,4.31437,177772,9b7eb3754cd7ed308bf0f8be7348679914b4acc67b61adcba0d6bfba1217ba81,2.91264,2.91746,2.85148,2.91264,2.92774,2.80628
distinct-correlated,8,baseline,f9ed90d41e7bff92707a796e4677772351a23e53a6e148cf831a3feb92ae880e,2,1000000,65536,10.3634,314128,9b7eb3754cd7ed308bf0f8be7348679914b4acc67b61adcba0d6bfba1217ba81,8.55283,9.82685,9.47923,8.55283,8.26017,8.38753
distinct-correlated,4,current,1003a83830e8b12ae1cb86bdec98af3d649ae54404b59a1466ec31548b149353,2,1000000,65536,5.87688,138900,9b7eb3754cd7ed308bf0f8be7348679914b4acc67b61adcba0d6bfba1217ba81,3.88561,3.8945,3.88561,4.01848,3.87444,3.88258
distinct-correlated,4,baseline,f9ed90d41e7bff92707a796e4677772351a23e53a6e148cf831a3feb92ae880e,2,1000000,65536,11.7951,195296,9b7eb3754cd7ed308bf0f8be7348679914b4acc67b61adcba0d6bfba1217ba81,9.50877,10.8351,9.54593,9.50877,9.08477,9.08954
distinct-correlated,2,current,1003a83830e8b12ae1cb86bdec98af3d649ae54404b59a1466ec31548b149353,2,1000000,65536,10.4343,121052,9b7eb3754cd7ed308bf0f8be7348679914b4acc67b61adcba0d6bfba1217ba81,6.95891,7.06959,6.95891,6.92899,7.07832,6.90758
distinct-correlated,2,baseline,f9ed90d41e7bff92707a796e4677772351a23e53a6e148cf831a3feb92ae880e,2,1000000,65536,14.0671,189280,9b7eb3754cd7ed308bf0f8be7348679914b4acc67b61adcba0d6bfba1217ba81,12.9441,13.2416,11.7292,12.9833,11.5073,12.9441
distinct-correlated,1,current,1003a83830e8b12ae1cb86bdec98af3d649ae54404b59a1466ec31548b149353,2,1000000,65536,17.5764,122520,9b7eb3754cd7ed308bf0f8be7348679914b4acc67b61adcba0d6bfba1217ba81,14.7803,14.8869,14.7392,14.7803,14.6683,14.9905
distinct-correlated,1,baseline,f9ed90d41e7bff92707a796e4677772351a23e53a6e148cf831a3feb92ae880e,2,1000000,65536,19.4039,122064,9b7eb3754cd7ed308bf0f8be7348679914b4acc67b61adcba0d6bfba1217ba81,16.8874,16.695,17.1056,17.008,16.7553,16.8874
distinct-skew,default,current,1003a83830e8b12ae1cb86bdec98af3d649ae54404b59a1466ec31548b149353,2,1000000,65537,3.48556,447276,34d140f6bf047da72ec0412447092d7f5468f27b737fc9e59c921955aedf4811,2.8987,2.68305,2.65403,2.8987,3.14521,3.38236
distinct-skew,default,baseline,f9ed90d41e7bff92707a796e4677772351a23e53a6e148cf831a3feb92ae880e,2,1000000,65537,17.4594,989260,34d140f6bf047da72ec0412447092d7f5468f27b737fc9e59c921955aedf4811,20.2078,15.3797,23.6716,24.3031,20.2078,14.4085
distinct-skew,16,current,1003a83830e8b12ae1cb86bdec98af3d649ae54404b59a1466ec31548b149353,2,1000000,65537,3.68146,327920,34d140f6bf047da72ec0412447092d7f5468f27b737fc9e59c921955aedf4811,3.14434,2.87639,3.07792,3.14434,3.55018,3.15832
distinct-skew,16,baseline,f9ed90d41e7bff92707a796e4677772351a23e53a6e148cf831a3feb92ae880e,2,1000000,65537,15.4628,712140,34d140f6bf047da72ec0412447092d7f5468f27b737fc9e59c921955aedf4811,13.4016,14.7451,15.2954,13.0223,12.2183,13.4016
distinct-skew,8,current,1003a83830e8b12ae1cb86bdec98af3d649ae54404b59a1466ec31548b149353,2,1000000,65537,5.07841,280904,34d140f6bf047da72ec0412447092d7f5468f27b737fc9e59c921955aedf4811,3.99008,4.03878,4.05144,3.96491,3.99008,3.86257
distinct-skew,8,baseline,f9ed90d41e7bff92707a796e4677772351a23e53a6e148cf831a3feb92ae880e,2,1000000,65537,14.3777,441212,34d140f6bf047da72ec0412447092d7f5468f27b737fc9e59c921955aedf4811,12.7106,14.5927,11.5082,12.7106,11.2663,13.0895
distinct-skew,4,current,1003a83830e8b12ae1cb86bdec98af3d649ae54404b59a1466ec31548b149353,2,1000000,65537,9.25518,211112,34d140f6bf047da72ec0412447092d7f5468f27b737fc9e59c921955aedf4811,7.28115,7.75456,7.88263,7.28115,6.39469,6.35724
distinct-skew,4,baseline,f9ed90d41e7bff92707a796e4677772351a23e53a6e148cf831a3feb92ae880e,2,1000000,65537,17.8565,351548,34d140f6bf047da72ec0412447092d7f5468f27b737fc9e59c921955aedf4811,14.7782,15.0914,14.7506,14.7782,13.8131,15.0561
distinct-skew,2,current,1003a83830e8b12ae1cb86bdec98af3d649ae54404b59a1466ec31548b149353,2,1000000,65537,13.5379,149684,34d140f6bf047da72ec0412447092d7f5468f27b737fc9e59c921955aedf4811,11.0965,11.1544,11.2701,11.0707,10.861,11.0965
distinct-skew,2,baseline,f9ed90d41e7bff92707a796e4677772351a23e53a6e148cf831a3feb92ae880e,2,1000000,65537,22.3314,288068,34d140f6bf047da72ec0412447092d7f5468f27b737fc9e59c921955aedf4811,16.8935,18.9715,16.8935,16.6516,16.4973,17.8077
distinct-skew,1,current,1003a83830e8b12ae1cb86bdec98af3d649ae54404b59a1466ec31548b149353,2,1000000,65537,36.5383,200336,65c9530f85952e51e2e328375168e406e8f1b73d7aa2d83845ac77496ca9365b,32.3638,32.421,32.3197,32.3638,32.1434,32.6752
distinct-skew,1,baseline,f9ed90d41e7bff92707a796e4677772351a23e53a6e148cf831a3feb92ae880e,2,1000000,65537,47.3734,200060,65c9530f85952e51e2e328375168e406e8f1b73d7aa2d83845ac77496ca9365b,42.816,43.3863,42.9122,42.6438,42.1036,42.816
all-null-key,default,current,1003a83830e8b12ae1cb86bdec98af3d649ae54404b59a1466ec31548b149353,2,1000000,1,0.457733,348164,6ba0bd989322c14d9f8f5035cce5167445580360b19874f70123588f5d18cc14,0.305104,0.349155,0.305104,0.301689,0.295588,0.315805
all-null-key,default,baseline,f9ed90d41e7bff92707a796e4677772351a23e53a6e148cf831a3feb92ae880e,2,1000000,1,1.06472,348380,6ba0bd989322c14d9f8f5035cce5167445580360b19874f70123588f5d18cc14,0.853855,0.931846,0.862185,0.853855,0.833023,0.824738
all-null-key,16,current,1003a83830e8b12ae1cb86bdec98af3d649ae54404b59a1466ec31548b149353,2,1000000,1,0.460429,224996,6ba0bd989322c14d9f8f5035cce5167445580360b19874f70123588f5d18cc14,0.389389,0.389389,0.40128,0.408639,0.358347,0.383491
all-null-key,16,baseline,f9ed90d41e7bff92707a796e4677772351a23e53a6e148cf831a3feb92ae880e,2,1000000,1,1.15113,224864,6ba0bd989322c14d9f8f5035cce5167445580360b19874f70123588f5d18cc14,1.02393,1.0471,1.02393,1.13871,1.01001,0.983917
all-null-key,8,current,1003a83830e8b12ae1cb86bdec98af3d649ae54404b59a1466ec31548b149353,2,1000000,1,0.767926,142848,6ba0bd989322c14d9f8f5035cce5167445580360b19874f70123588f5d18cc14,0.616547,0.643974,0.703516,0.609595,0.608522,0.616547
all-null-key,8,baseline,f9ed90d41e7bff92707a796e4677772351a23e53a6e148cf831a3feb92ae880e,2,1000000,1,1.4302,142628,6ba0bd989322c14d9f8f5035cce5167445580360b19874f70123588f5d18cc14,1.28914,1.43933,1.42595,1.05192,0.984645,1.28914
all-null-key,4,current,1003a83830e8b12ae1cb86bdec98af3d649ae54404b59a1466ec31548b149353,2,1000000,1,0.90048,101876,6ba0bd989322c14d9f8f5035cce5167445580360b19874f70123588f5d18cc14,0.840608,0.849025,0.840608,0.836198,0.834236,0.846033
all-null-key,4,baseline,f9ed90d41e7bff92707a796e4677772351a23e53a6e148cf831a3feb92ae880e,2,1000000,1,1.49219,101536,6ba0bd989322c14d9f8f5035cce5167445580360b19874f70123588f5d18cc14,1.44573,1.44076,1.42584,1.45328,1.80902,1.44573
all-null-key,2,current,1003a83830e8b12ae1cb86bdec98af3d649ae54404b59a1466ec31548b149353,2,1000000,1,2.28923,81560,6ba0bd989322c14d9f8f5035cce5167445580360b19874f70123588f5d18cc14,2.19605,2.25569,2.39177,2.19605,1.63995,1.64061
all-null-key,2,baseline,f9ed90d41e7bff92707a796e4677772351a23e53a6e148cf831a3feb92ae880e,2,1000000,1,2.51677,81312,6ba0bd989322c14d9f8f5035cce5167445580360b19874f70123588f5d18cc14,2.46123,2.45688,2.45915,2.49518,2.75654,2.46123
all-null-key,1,current,1003a83830e8b12ae1cb86bdec98af3d649ae54404b59a1466ec31548b149353,2,1000000,1,3.33676,71284,6ba0bd989322c14d9f8f5035cce5167445580360b19874f70123588f5d18cc14,3.26528,3.27739,3.25391,3.26528,3.27139,3.24725
all-null-key,1,baseline,f9ed90d41e7bff92707a796e4677772351a23e53a6e148cf831a3feb92ae880e,2,1000000,1,4.61663,71100,6ba0bd989322c14d9f8f5035cce5167445580360b19874f70123588f5d18cc14,4.55403,4.54499,4.63219,4.63133,4.55403,4.50292
hot-min-descending,default,current,1003a83830e8b12ae1cb86bdec98af3d649ae54404b59a1466ec31548b149353,2,1000000,32769,0.920424,348036,945768a99a38df53236cda69351f9fef91a23d923f3abf3a8049970cfe62ab6e,1.64818,0.945838,1.63105,1.69857,1.72846,1.64818
hot-min-descending,default,baseline,f9ed90d41e7bff92707a796e4677772351a23e53a6e148cf831a3feb92ae880e,2,1000000,32769,8.22635,877080,945768a99a38df53236cda69351f9fef91a23d923f3abf3a8049970cfe62ab6e,10.3967,10.3967,10.7522,8.97714,11.6601,9.26234
hot-min-descending,16,current,1003a83830e8b12ae1cb86bdec98af3d649ae54404b59a1466ec31548b149353,2,1000000,32769,1.26469,225304,945768a99a38df53236cda69351f9fef91a23d923f3abf3a8049970cfe62ab6e,1.94421,1.84684,2.10239,1.92354,2.11053,1.94421
hot-min-descending,16,baseline,f9ed90d41e7bff92707a796e4677772351a23e53a6e148cf831a3feb92ae880e,2,1000000,32769,7.91664,538760,945768a99a38df53236cda69351f9fef91a23d923f3abf3a8049970cfe62ab6e,8.22166,7.88381,10.0548,8.22166,9.24796,7.40973
hot-min-descending,8,current,1003a83830e8b12ae1cb86bdec98af3d649ae54404b59a1466ec31548b149353,2,1000000,32769,2.04729,161552,945768a99a38df53236cda69351f9fef91a23d923f3abf3a8049970cfe62ab6e,0.912322,0.976582,0.927863,0.912322,0.909879,0.898509
hot-min-descending,8,baseline,f9ed90d41e7bff92707a796e4677772351a23e53a6e148cf831a3feb92ae880e,2,1000000,32769,1.47922,257608,945768a99a38df53236cda69351f9fef91a23d923f3abf3a8049970cfe62ab6e,1.7947,1.7947,2.27615,1.78687,1.29061,2.54518
hot-min-descending,4,current,1003a83830e8b12ae1cb86bdec98af3d649ae54404b59a1466ec31548b149353,2,1000000,32769,0.606774,102368,945768a99a38df53236cda69351f9fef91a23d923f3abf3a8049970cfe62ab6e,0.531226,0.531226,0.519362,0.534582,0.86862,0.529343
hot-min-descending,4,baseline,f9ed90d41e7bff92707a796e4677772351a23e53a6e148cf831a3feb92ae880e,2,1000000,32769,1.92079,151556,945768a99a38df53236cda69351f9fef91a23d923f3abf3a8049970cfe62ab6e,1.78914,1.42089,1.96051,1.78914,2.38561,1.3925
hot-min-descending,2,current,1003a83830e8b12ae1cb86bdec98af3d649ae54404b59a1466ec31548b149353,2,1000000,32769,0.84501,81760,945768a99a38df53236cda69351f9fef91a23d923f3abf3a8049970cfe62ab6e,0.783632,0.783632,0.788357,0.783176,0.777971,1.10123
hot-min-descending,2,baseline,f9ed90d41e7bff92707a796e4677772351a23e53a6e148cf831a3feb92ae880e,2,1000000,32769,2.1551,97756,945768a99a38df53236cda69351f9fef91a23d923f3abf3a8049970cfe62ab6e,1.43775,1.87746,1.3384,1.43225,1.67083,1.43775
hot-min-descending,1,current,1003a83830e8b12ae1cb86bdec98af3d649ae54404b59a1466ec31548b149353,2,1000000,32769,1.29068,71476,945768a99a38df53236cda69351f9fef91a23d923f3abf3a8049970cfe62ab6e,1.17425,1.1996,1.17425,1.17309,1.17383,1.17452
hot-min-descending,1,baseline,f9ed90d41e7bff92707a796e4677772351a23e53a6e148cf831a3feb92ae880e,2,1000000,32769,1.98724,71224,945768a99a38df53236cda69351f9fef91a23d923f3abf3a8049970cfe62ab6e,1.89781,1.89933,1.89451,1.88563,1.89781,1.89796
hot-min-ascending,default,current,1003a83830e8b12ae1cb86bdec98af3d649ae54404b59a1466ec31548b149353,2,1000000,32769,1.0172,348280,0d27a2491b3d086a3fefea69ca4e109e00f61956536cc6791192c467a61a68b4,0.856921,0.850866,0.870935,0.856921,0.87233,0.856856
hot-min-ascending,default,baseline,f9ed90d41e7bff92707a796e4677772351a23e53a6e148cf831a3feb92ae880e,2,1000000,32769,8.61974,882712,0d27a2491b3d086a3fefea69ca4e109e00f61956536cc6791192c467a61a68b4,9.95009,9.28077,10.732,9.95009,11.2521,9.32928
hot-min-ascending,16,current,1003a83830e8b12ae1cb86bdec98af3d649ae54404b59a1466ec31548b149353,2,1000000,32769,0.734111,225400,0d27a2491b3d086a3fefea69ca4e109e00f61956536cc6791192c467a61a68b4,0.766571,0.700934,0.766571,0.736093,0.931251,0.788466
hot-min-ascending,16,baseline,f9ed90d41e7bff92707a796e4677772351a23e53a6e148cf831a3feb92ae880e,2,1000000,32769,9.07751,538588,0d27a2491b3d086a3fefea69ca4e109e00f61956536cc6791192c467a61a68b4,8.66542,8.65861,8.66542,9.86851,8.48773,8.66777
hot-min-ascending,8,current,1003a83830e8b12ae1cb86bdec98af3d649ae54404b59a1466ec31548b149353,2,1000000,32769,0.549404,142964,0d27a2491b3d086a3fefea69ca4e109e00f61956536cc6791192c467a61a68b4,0.492703,0.508534,0.433133,0.486555,0.492703,0.633032
hot-min-ascending,8,baseline,f9ed90d41e7bff92707a796e4677772351a23e53a6e148cf831a3feb92ae880e,2,1000000,32769,1.10758,257708,0d27a2491b3d086a3fefea69ca4e109e00f61956536cc6791192c467a61a68b4,1.80286,1.59486,2.1942,1.80286,1.29858,2.43801
hot-min-ascending,4,current,1003a83830e8b12ae1cb86bdec98af3d649ae54404b59a1466ec31548b149353,2,1000000,32769,0.639223,102340,0d27a2491b3d086a3fefea69ca4e109e00f61956536cc6791192c467a61a68b4,0.599162,0.599162,0.743293,0.571852,0.626828,0.586195
hot-min-ascending,4,baseline,f9ed90d41e7bff92707a796e4677772351a23e53a6e148cf831a3feb92ae880e,2,1000000,32769,1.30177,151196,0d27a2491b3d086a3fefea69ca4e109e00f61956536cc6791192c467a61a68b4,1.06474,0.91987,1.27825,1.06474,1.55885,0.877699
hot-min-ascending,2,current,1003a83830e8b12ae1cb86bdec98af3d649ae54404b59a1466ec31548b149353,2,1000000,32769,1.03564,81548,0d27a2491b3d086a3fefea69ca4e109e00f61956536cc6791192c467a61a68b4,1.03248,0.965458,1.09188,1.03558,1.02659,1.03248
hot-min-ascending,2,baseline,f9ed90d41e7bff92707a796e4677772351a23e53a6e148cf831a3feb92ae880e,2,1000000,32769,1.50684,97856,0d27a2491b3d086a3fefea69ca4e109e00f61956536cc6791192c467a61a68b4,1.36765,1.48405,1.20726,1.30864,1.62344,1.36765
hot-min-ascending,1,current,1003a83830e8b12ae1cb86bdec98af3d649ae54404b59a1466ec31548b149353,2,1000000,32769,1.86054,70784,0d27a2491b3d086a3fefea69ca4e109e00f61956536cc6791192c467a61a68b4,1.78354,1.80415,1.78539,1.78198,1.78291,1.78354
hot-min-ascending,1,baseline,f9ed90d41e7bff92707a796e4677772351a23e53a6e148cf831a3feb92ae880e,2,1000000,32769,2.06486,71280,0d27a2491b3d086a3fefea69ca4e109e00f61956536cc6791192c467a61a68b4,1.89488,1.90784,1.89211,1.89488,1.90093,1.89387
nonnull,default,current,1003a83830e8b12ae1cb86bdec98af3d649ae54404b59a1466ec31548b149353,2,1000000,65536,3.14658,370752,37029694adc4216655775cf92fb184871eb4c04cc53f24d59c7cb8e89b05a218,0.874103,1.42566,0.874103,0.872914,0.840663,0.939361
nonnull,default,baseline,f9ed90d41e7bff92707a796e4677772351a23e53a6e148cf831a3feb92ae880e,2,1000000,65536,6.40073,747844,37029694adc4216655775cf92fb184871eb4c04cc53f24d59c7cb8e89b05a218,7.58751,7.58751,8.22045,6.3514,7.46727,10.2103
nonnull,16,current,1003a83830e8b12ae1cb86bdec98af3d649ae54404b59a1466ec31548b149353,2,1000000,65536,2.75882,247948,37029694adc4216655775cf92fb184871eb4c04cc53f24d59c7cb8e89b05a218,1.25077,1.44868,1.22308,1.29761,1.22468,1.25077
nonnull,16,baseline,f9ed90d41e7bff92707a796e4677772351a23e53a6e148cf831a3feb92ae880e,2,1000000,65536,8.30559,575716,37029694adc4216655775cf92fb184871eb4c04cc53f24d59c7cb8e89b05a218,8.41041,8.41041,8.4463,8.62413,8.40587,7.81987
nonnull,8,current,1003a83830e8b12ae1cb86bdec98af3d649ae54404b59a1466ec31548b149353,2,1000000,65536,3.41113,165456,37029694adc4216655775cf92fb184871eb4c04cc53f24d59c7cb8e89b05a218,2.23125,2.29409,2.16999,2.23125,2.22333,2.26861
nonnull,8,baseline,f9ed90d41e7bff92707a796e4677772351a23e53a6e148cf831a3feb92ae880e,2,1000000,65536,2.823,257572,37029694adc4216655775cf92fb184871eb4c04cc53f24d59c7cb8e89b05a218,2.35221,2.56276,2.30565,2.35221,2.34389,3.18817
nonnull,4,current,1003a83830e8b12ae1cb86bdec98af3d649ae54404b59a1466ec31548b149353,2,1000000,65536,2.29305,120756,37029694adc4216655775cf92fb184871eb4c04cc53f24d59c7cb8e89b05a218,1.21337,1.242,1.20441,1.21204,1.21337,1.21489
nonnull,4,baseline,f9ed90d41e7bff92707a796e4677772351a23e53a6e148cf831a3feb92ae880e,2,1000000,65536,2.49027,151264,37029694adc4216655775cf92fb184871eb4c04cc53f24d59c7cb8e89b05a218,2.1281,1.95624,2.40286,2.1281,2.58885,1.91797
nonnull,2,current,1003a83830e8b12ae1cb86bdec98af3d649ae54404b59a1466ec31548b149353,2,1000000,65536,2.49878,95704,37029694adc4216655775cf92fb184871eb4c04cc53f24d59c7cb8e89b05a218,2.21053,3.60692,2.38683,2.19195,2.21053,2.19287
nonnull,2,baseline,f9ed90d41e7bff92707a796e4677772351a23e53a6e148cf831a3feb92ae880e,2,1000000,65536,3.39655,97908,37029694adc4216655775cf92fb184871eb4c04cc53f24d59c7cb8e89b05a218,3.06122,3.26478,2.81553,2.80297,3.15705,3.06122
nonnull,1,current,1003a83830e8b12ae1cb86bdec98af3d649ae54404b59a1466ec31548b149353,2,1000000,65536,3.22125,71256,37029694adc4216655775cf92fb184871eb4c04cc53f24d59c7cb8e89b05a218,3.06331,3.04369,3.06331,3.11684,3.09618,3.0064
nonnull,1,baseline,f9ed90d41e7bff92707a796e4677772351a23e53a6e148cf831a3feb92ae880e,2,1000000,65536,5.00797,70964,37029694adc4216655775cf92fb184871eb4c04cc53f24d59c7cb8e89b05a218,4.54254,4.68005,4.51614,4.61832,4.54254,4.49143
unique-keys,default,current,1003a83830e8b12ae1cb86bdec98af3d649ae54404b59a1466ec31548b149353,2,1000000,1000000,11.3381,413240,8b42cbc90df24689fd21364ab1959a903614e6dc2e030c592d294fe2a84bde68,1.73209,5.35805,1.76479,1.68509,1.73209,1.71217
unique-keys,default,baseline,f9ed90d41e7bff92707a796e4677772351a23e53a6e148cf831a3feb92ae880e,2,1000000,1000000,12.4491,962800,8b42cbc90df24689fd21364ab1959a903614e6dc2e030c592d294fe2a84bde68,11.0086,10.9798,10.0725,11.6623,11.0086,13.0198
unique-keys,16,current,1003a83830e8b12ae1cb86bdec98af3d649ae54404b59a1466ec31548b149353,2,1000000,1000000,6.3016,290700,8b42cbc90df24689fd21364ab1959a903614e6dc2e030c592d294fe2a84bde68,1.88143,3.39532,1.99129,1.88143,1.84226,1.84109
unique-keys,16,baseline,f9ed90d41e7bff92707a796e4677772351a23e53a6e148cf831a3feb92ae880e,2,1000000,1000000,11.8857,596160,8b42cbc90df24689fd21364ab1959a903614e6dc2e030c592d294fe2a84bde68,10.6303,10.6564,10.6303,10.7573,9.90503,10.1239
unique-keys,8,current,1003a83830e8b12ae1cb86bdec98af3d649ae54404b59a1466ec31548b149353,2,1000000,1000000,5.82791,208528,8b42cbc90df24689fd21364ab1959a903614e6dc2e030c592d294fe2a84bde68,2.73198,4.27215,3.00027,2.73198,2.63347,2.63566
unique-keys,8,baseline,f9ed90d41e7bff92707a796e4677772351a23e53a6e148cf831a3feb92ae880e,2,1000000,1000000,14.7041,333380,8b42cbc90df24689fd21364ab1959a903614e6dc2e030c592d294fe2a84bde68,13.2508,14.7721,13.288,13.2508,13.2422,12.982
unique-keys,4,current,1003a83830e8b12ae1cb86bdec98af3d649ae54404b59a1466ec31548b149353,2,1000000,1000000,7.11016,167712,8b42cbc90df24689fd21364ab1959a903614e6dc2e030c592d294fe2a84bde68,4.05321,5.09842,4.42503,4.05321,3.91744,3.92355
unique-keys,4,baseline,f9ed90d41e7bff92707a796e4677772351a23e53a6e148cf831a3feb92ae880e,2,1000000,1000000,24.7197,218916,8b42cbc90df24689fd21364ab1959a903614e6dc2e030c592d294fe2a84bde68,22.2002,23.9214,22.4294,22.2002,22.0387,21.8625
unique-keys,2,current,1003a83830e8b12ae1cb86bdec98af3d649ae54404b59a1466ec31548b149353,2,1000000,1000000,9.9795,147380,8b42cbc90df24689fd21364ab1959a903614e6dc2e030c592d294fe2a84bde68,6.98945,7.47582,6.78154,6.69073,6.98945,7.32405
unique-keys,2,baseline,f9ed90d41e7bff92707a796e4677772351a23e53a6e148cf831a3feb92ae880e,2,1000000,1000000,43.9082,201896,8b42cbc90df24689fd21364ab1959a903614e6dc2e030c592d294fe2a84bde68,40.4074,41.726,40.1454,39.4468,40.4074,42.0355
unique-keys,1,current,1003a83830e8b12ae1cb86bdec98af3d649ae54404b59a1466ec31548b149353,2,1000000,1000000,10.109,136808,8b42cbc90df24689fd21364ab1959a903614e6dc2e030c592d294fe2a84bde68,6.76729,7.70642,6.76729,6.72166,6.81468,6.66101
unique-keys,1,baseline,f9ed90d41e7bff92707a796e4677772351a23e53a6e148cf831a3feb92ae880e,2,1000000,1000000,31.7378,136528,8b42cbc90df24689fd21364ab1959a903614e6dc2e030c592d294fe2a84bde68,28.3488,28.5918,28.355,28.2726,28.3488,28.3255
list-key,default,current,1003a83830e8b12ae1cb86bdec98af3d649ae54404b59a1466ec31548b149353,2,1000000,4,3.60166,372964,30dedc4a21526a9e9e4b2981d9e3631d2208c425da7c2f52df422e9022799cb3,2.76222,2.73845,2.72298,2.76222,2.81395,2.8411
list-key,default,baseline,f9ed90d41e7bff92707a796e4677772351a23e53a6e148cf831a3feb92ae880e,2,1000000,4,28.6409,379116,30dedc4a21526a9e9e4b2981d9e3631d2208c425da7c2f52df422e9022799cb3,27.6754,27.7449,27.6754,27.5109,27.679,27.6367
list-key,16,current,1003a83830e8b12ae1cb86bdec98af3d649ae54404b59a1466ec31548b149353,2,1000000,4,3.5098,249676,30dedc4a21526a9e9e4b2981d9e3631d2208c425da7c2f52df422e9022799cb3,2.99824,3.06721,2.95435,3.04046,2.99824,2.93803
list-key,16,baseline,f9ed90d41e7bff92707a796e4677772351a23e53a6e148cf831a3feb92ae880e,2,1000000,4,28.6869,255860,30dedc4a21526a9e9e4b2981d9e3631d2208c425da7c2f52df422e9022799cb3,27.7824,27.7824,27.645,27.9939,27.8176,27.5406
list-key,8,current,1003a83830e8b12ae1cb86bdec98af3d649ae54404b59a1466ec31548b149353,2,1000000,4,4.31066,167924,30dedc4a21526a9e9e4b2981d9e3631d2208c425da7c2f52df422e9022799cb3,3.63171,3.98783,3.78595,3.48594,3.34136,3.63171
list-key,8,baseline,f9ed90d41e7bff92707a796e4677772351a23e53a6e148cf831a3feb92ae880e,2,1000000,4,28.5767,173620,30dedc4a21526a9e9e4b2981d9e3631d2208c425da7c2f52df422e9022799cb3,27.6002,27.6293,27.6002,27.5455,27.5994,27.9577
list-key,4,current,1003a83830e8b12ae1cb86bdec98af3d649ae54404b59a1466ec31548b149353,2,1000000,4,6.12192,126616,30dedc4a21526a9e9e4b2981d9e3631d2208c425da7c2f52df422e9022799cb3,5.41346,5.42903,5.38443,5.41346,5.37186,5.41591
list-key,4,baseline,f9ed90d41e7bff92707a796e4677772351a23e53a6e148cf831a3feb92ae880e,2,1000000,4,28.9412,132636,30dedc4a21526a9e9e4b2981d9e3631d2208c425da7c2f52df422e9022799cb3,28.0665,28.0665,28.1059,29.1557,27.9162,27.8823
list-key,2,current,1003a83830e8b12ae1cb86bdec98af3d649ae54404b59a1466ec31548b149353,2,1000000,4,9.87848,106144,30dedc4a21526a9e9e4b2981d9e3631d2208c425da7c2f52df422e9022799cb3,9.35463,9.35463,9.46713,9.35383,9.31574,9.40565
list-key,2,baseline,f9ed90d41e7bff92707a796e4677772351a23e53a6e148cf831a3feb92ae880e,2,1000000,4,28.6511,112268,30dedc4a21526a9e9e4b2981d9e3631d2208c425da7c2f52df422e9022799cb3,27.7233,27.7292,27.9649,27.7035,27.6953,27.7233
list-key,1,current,1003a83830e8b12ae1cb86bdec98af3d649ae54404b59a1466ec31548b149353,2,1000000,4,17.4859,101996,30dedc4a21526a9e9e4b2981d9e3631d2208c425da7c2f52df422e9022799cb3,16.4535,16.5703,16.3557,16.3272,16.4535,16.5531
list-key,1,baseline,f9ed90d41e7bff92707a796e4677772351a23e53a6e148cf831a3feb92ae880e,2,1000000,4,28.6646,101836,30dedc4a21526a9e9e4b2981d9e3631d2208c425da7c2f52df422e9022799cb3,27.6491,27.9673,27.9288,27.5281,27.644,27.6491
guid-key,default,current,1003a83830e8b12ae1cb86bdec98af3d649ae54404b59a1466ec31548b149353,2,1000000,4,6.29287,399880,a668c7d333b9223cc6de56bfb525fc6aca0f62d59b8b3847add3387053d3ebf2,2.4193,2.44852,2.4193,2.39186,2.4363,2.38271
guid-key,default,baseline,f9ed90d41e7bff92707a796e4677772351a23e53a6e148cf831a3feb92ae880e,2,1000000,4,12.238,399396,a668c7d333b9223cc6de56bfb525fc6aca0f62d59b8b3847add3387053d3ebf2,10.5296,10.5796,10.3655,10.5917,10.5296,10.42
guid-key,16,current,1003a83830e8b12ae1cb86bdec98af3d649ae54404b59a1466ec31548b149353,2,1000000,4,4.36779,276316,a668c7d333b9223cc6de56bfb525fc6aca0f62d59b8b3847add3387053d3ebf2,2.49245,2.40441,2.49245,2.56111,2.4863,2.67681
guid-key,16,baseline,f9ed90d41e7bff92707a796e4677772351a23e53a6e148cf831a3feb92ae880e,2,1000000,4,12.3149,276344,a668c7d333b9223cc6de56bfb525fc6aca0f62d59b8b3847add3387053d3ebf2,10.6907,10.7198,10.6907,10.6231,10.6709,10.7088
guid-key,8,current,1003a83830e8b12ae1cb86bdec98af3d649ae54404b59a1466ec31548b149353,2,1000000,4,4.11737,194312,a668c7d333b9223cc6de56bfb525fc6aca0f62d59b8b3847add3387053d3ebf2,3.1572,2.829,3.13334,3.24515,3.18764,3.1572
guid-key,8,baseline,f9ed90d41e7bff92707a796e4677772351a23e53a6e148cf831a3feb92ae880e,2,1000000,4,12.2829,194664,a668c7d333b9223cc6de56bfb525fc6aca0f62d59b8b3847add3387053d3ebf2,10.5133,10.4909,10.5595,10.5809,10.4334,10.5133
guid-key,4,current,1003a83830e8b12ae1cb86bdec98af3d649ae54404b59a1466ec31548b149353,2,1000000,4,5.23701,153588,a668c7d333b9223cc6de56bfb525fc6aca0f62d59b8b3847add3387053d3ebf2,3.88525,3.94526,3.8736,3.87745,3.88525,3.92857
guid-key,4,baseline,f9ed90d41e7bff92707a796e4677772351a23e53a6e148cf831a3feb92ae880e,2,1000000,4,12.6018,153072,a668c7d333b9223cc6de56bfb525fc6aca0f62d59b8b3847add3387053d3ebf2,10.9615,10.9775,10.9615,10.9275,10.9197,10.9697
guid-key,2,current,1003a83830e8b12ae1cb86bdec98af3d649ae54404b59a1466ec31548b149353,2,1000000,4,7.92789,133040,a668c7d333b9223cc6de56bfb525fc6aca0f62d59b8b3847add3387053d3ebf2,6.37708,6.37708,6.49247,6.36249,6.39208,6.34174
guid-key,2,baseline,f9ed90d41e7bff92707a796e4677772351a23e53a6e148cf831a3feb92ae880e,2,1000000,4,12.1282,132660,a668c7d333b9223cc6de56bfb525fc6aca0f62d59b8b3847add3387053d3ebf2,10.6529,10.3661,10.6529,10.4589,11.5613,10.8085
guid-key,1,current,1003a83830e8b12ae1cb86bdec98af3d649ae54404b59a1466ec31548b149353,2,1000000,4,11.9861,122708,a668c7d333b9223cc6de56bfb525fc6aca0f62d59b8b3847add3387053d3ebf2,10.6609,10.2563,13.9532,13.8676,10.6609,10.305
guid-key,1,baseline,f9ed90d41e7bff92707a796e4677772351a23e53a6e148cf831a3feb92ae880e,2,1000000,4,12.2227,122752,a668c7d333b9223cc6de56bfb525fc6aca0f62d59b8b3847add3387053d3ebf2,10.5166,10.4315,10.5166,10.6456,10.4653,11.0585
hot-top-ascending,default,current,1003a83830e8b12ae1cb86bdec98af3d649ae54404b59a1466ec31548b149353,2,1000000,1,1.02154,348556,ab79207dda9ab4fca52a174ffd0453069fce61e5e2a685500719451adb7c222c,0.709564,0.77386,0.741918,0.693303,0.696095,0.709564
hot-top-ascending,default,baseline,f9ed90d41e7bff92707a796e4677772351a23e53a6e148cf831a3feb92ae880e,2,1000000,1,6.49138,364560,ab79207dda9ab4fca52a174ffd0453069fce61e5e2a685500719451adb7c222c,5.37463,5.46948,5.3693,5.36189,5.43588,5.37463
hot-top-ascending,16,current,1003a83830e8b12ae1cb86bdec98af3d649ae54404b59a1466ec31548b149353,2,1000000,1,1.12856,225320,ab79207dda9ab4fca52a174ffd0453069fce61e5e2a685500719451adb7c222c,0.763049,0.903153,0.763049,0.810472,0.761664,0.736016
hot-top-ascending,16,baseline,f9ed90d41e7bff92707a796e4677772351a23e53a6e148cf831a3feb92ae880e,2,1000000,1,6.60741,241768,ab79207dda9ab4fca52a174ffd0453069fce61e5e2a685500719451adb7c222c,5.46717,5.40581,5.37185,5.51559,5.46717,5.47475
hot-top-ascending,8,current,1003a83830e8b12ae1cb86bdec98af3d649ae54404b59a1466ec31548b149353,2,1000000,1,1.44801,143212,ab79207dda9ab4fca52a174ffd0453069fce61e5e2a685500719451adb7c222c,1.34047,1.31049,1.34047,1.35136,1.36845,1.31261
hot-top-ascending,8,baseline,f9ed90d41e7bff92707a796e4677772351a23e53a6e148cf831a3feb92ae880e,2,1000000,1,6.53261,159432,ab79207dda9ab4fca52a174ffd0453069fce61e5e2a685500719451adb7c222c,5.37697,5.36844,5.40278,5.32645,5.37697,5.41419
hot-top-ascending,4,current,1003a83830e8b12ae1cb86bdec98af3d649ae54404b59a1466ec31548b149353,2,1000000,1,1.95997,102280,ab79207dda9ab4fca52a174ffd0453069fce61e5e2a685500719451adb7c222c,1.87674,1.86391,1.87674,1.87073,1.99875,1.92671
hot-top-ascending,4,baseline,f9ed90d41e7bff92707a796e4677772351a23e53a6e148cf831a3feb92ae880e,2,1000000,1,6.43816,118680,ab79207dda9ab4fca52a174ffd0453069fce61e5e2a685500719451adb7c222c,5.45601,5.45147,5.46447,5.44353,5.45601,5.45678
hot-top-ascending,2,current,1003a83830e8b12ae1cb86bdec98af3d649ae54404b59a1466ec31548b149353,2,1000000,1,6.2911,98224,ab79207dda9ab4fca52a174ffd0453069fce61e5e2a685500719451adb7c222c,4.11724,4.14184,3.87372,4.11724,4.31928,4.10329
hot-top-ascending,2,baseline,f9ed90d41e7bff92707a796e4677772351a23e53a6e148cf831a3feb92ae880e,2,1000000,1,6.50204,98188,ab79207dda9ab4fca52a174ffd0453069fce61e5e2a685500719451adb7c222c,5.40962,5.45631,5.39542,5.43741,5.39009,5.40962
hot-top-ascending,1,current,1003a83830e8b12ae1cb86bdec98af3d649ae54404b59a1466ec31548b149353,2,1000000,1,6.4159,87836,ab79207dda9ab4fca52a174ffd0453069fce61e5e2a685500719451adb7c222c,5.38995,5.41261,5.37344,5.36096,5.41025,5.38995
hot-top-ascending,1,baseline,f9ed90d41e7bff92707a796e4677772351a23e53a6e148cf831a3feb92ae880e,2,1000000,1,6.43096,87672,ab79207dda9ab4fca52a174ffd0453069fce61e5e2a685500719451adb7c222c,5.38656,5.3973,5.42124,5.37378,5.38656,5.38002
few-groups-indexed,default,current,1003a83830e8b12ae1cb86bdec98af3d649ae54404b59a1466ec31548b149353,2,1000000,7,2.39552,365028,8c33a6dcf0d3b3a7fa0707f4c6875198e02283d54ed3cd8b601dabd37c1b6089,0.552251,0.73564,0.581221,0.552251,0.508612,0.511941
few-groups-indexed,default,baseline,f9ed90d41e7bff92707a796e4677772351a23e53a6e148cf831a3feb92ae880e,2,1000000,7,5.97938,366488,8c33a6dcf0d3b3a7fa0707f4c6875198e02283d54ed3cd8b601dabd37c1b6089,4.56004,4.56004,4.51061,4.68047,4.69011,4.4699
few-groups-indexed,16,current,1003a83830e8b12ae1cb86bdec98af3d649ae54404b59a1466ec31548b149353,2,1000000,7,1.96191,241600,8c33a6dcf0d3b3a7fa0707f4c6875198e02283d54ed3cd8b601dabd37c1b6089,0.559137,0.68664,0.547553,0.559137,0.558475,0.56469
few-groups-indexed,16,baseline,f9ed90d41e7bff92707a796e4677772351a23e53a6e148cf831a3feb92ae880e,2,1000000,7,6.01618,243732,8c33a6dcf0d3b3a7fa0707f4c6875198e02283d54ed3cd8b601dabd37c1b6089,4.34745,4.34745,4.42045,4.35516,4.29704,4.31179
few-groups-indexed,8,current,1003a83830e8b12ae1cb86bdec98af3d649ae54404b59a1466ec31548b149353,2,1000000,7,1.85696,159852,8c33a6dcf0d3b3a7fa0707f4c6875198e02283d54ed3cd8b601dabd37c1b6089,0.900485,0.933023,0.919189,0.900485,0.895434,0.886568
few-groups-indexed,8,baseline,f9ed90d41e7bff92707a796e4677772351a23e53a6e148cf831a3feb92ae880e,2,1000000,7,6.01417,161364,8c33a6dcf0d3b3a7fa0707f4c6875198e02283d54ed3cd8b601dabd37c1b6089,4.53674,4.48174,4.57924,4.58125,4.53674,4.52984
few-groups-indexed,4,current,1003a83830e8b12ae1cb86bdec98af3d649ae54404b59a1466ec31548b149353,2,1000000,7,2.21448,118440,8c33a6dcf0d3b3a7fa0707f4c6875198e02283d54ed3cd8b601dabd37c1b6089,1.1877,1.23212,1.17177,1.19299,1.1877,1.1849
few-groups-indexed,4,baseline,f9ed90d41e7bff92707a796e4677772351a23e53a6e148cf831a3feb92ae880e,2,1000000,7,5.96232,120560,8c33a6dcf0d3b3a7fa0707f4c6875198e02283d54ed3cd8b601dabd37c1b6089,4.56055,4.48096,4.44925,4.57433,4.56055,4.61184
few-groups-indexed,2,current,1003a83830e8b12ae1cb86bdec98af3d649ae54404b59a1466ec31548b149353,2,1000000,7,2.99341,100252,8c33a6dcf0d3b3a7fa0707f4c6875198e02283d54ed3cd8b601dabd37c1b6089,1.84696,1.89805,1.81344,1.93045,1.84696,1.76672
few-groups-indexed,2,baseline,f9ed90d41e7bff92707a796e4677772351a23e53a6e148cf831a3feb92ae880e,2,1000000,7,6.06117,99732,8c33a6dcf0d3b3a7fa0707f4c6875198e02283d54ed3cd8b601dabd37c1b6089,4.36927,4.36927,4.3381,4.35263,4.41569,4.44638
few-groups-indexed,1,current,1003a83830e8b12ae1cb86bdec98af3d649ae54404b59a1466ec31548b149353,2,1000000,7,3.39713,90180,8c33a6dcf0d3b3a7fa0707f4c6875198e02283d54ed3cd8b601dabd37c1b6089,2.0637,2.10741,2.05043,2.05266,2.0637,2.06402
few-groups-indexed,1,baseline,f9ed90d41e7bff92707a796e4677772351a23e53a6e148cf831a3feb92ae880e,2,1000000,7,5.98107,89536,8c33a6dcf0d3b3a7fa0707f4c6875198e02283d54ed3cd8b601dabd37c1b6089,4.57103,4.56051,4.56286,4.57103,4.68809,4.61153
extrema-descending,default,current,1003a83830e8b12ae1cb86bdec98af3d649ae54404b59a1466ec31548b149353,2,1000000,65536,1.13766,348376,8823eccd39d81882e79aa8268b5693e0450abcc2f497bddd42ab748b6822269f,0.816589,0.876699,0.848771,0.816589,0.777394,0.788987
extrema-descending,default,baseline,f9ed90d41e7bff92707a796e4677772351a23e53a6e148cf831a3feb92ae880e,2,1000000,65536,4.76794,794668,8823eccd39d81882e79aa8268b5693e0450abcc2f497bddd42ab748b6822269f,6.37629,5.80907,6.37629,4.98151,6.81568,8.122
extrema-descending,16,current,1003a83830e8b12ae1cb86bdec98af3d649ae54404b59a1466ec31548b149353,2,1000000,65536,1.33349,225112,8823eccd39d81882e79aa8268b5693e0450abcc2f497bddd42ab748b6822269f,1.19614,1.12551,1.22311,1.22111,1.19614,1.15616
extrema-descending,16,baseline,f9ed90d41e7bff92707a796e4677772351a23e53a6e148cf831a3feb92ae880e,2,1000000,65536,3.93306,528376,8823eccd39d81882e79aa8268b5693e0450abcc2f497bddd42ab748b6822269f,4.56768,4.56768,5.33345,4.29052,4.32643,5.60786
extrema-descending,8,current,1003a83830e8b12ae1cb86bdec98af3d649ae54404b59a1466ec31548b149353,2,1000000,65536,2.27525,143000,8823eccd39d81882e79aa8268b5693e0450abcc2f497bddd42ab748b6822269f,2.19676,2.13194,2.19676,2.22537,2.14961,2.31506
extrema-descending,8,baseline,f9ed90d41e7bff92707a796e4677772351a23e53a6e148cf831a3feb92ae880e,2,1000000,65536,3.20526,300680,8823eccd39d81882e79aa8268b5693e0450abcc2f497bddd42ab748b6822269f,3.13362,3.38777,2.92513,4.04059,3.13362,2.85756
extrema-descending,4,current,1003a83830e8b12ae1cb86bdec98af3d649ae54404b59a1466ec31548b149353,2,1000000,65536,2.33886,102084,8823eccd39d81882e79aa8268b5693e0450abcc2f497bddd42ab748b6822269f,1.16895,2.18299,2.11783,1.16175,1.16895,1.15033
extrema-descending,4,baseline,f9ed90d41e7bff92707a796e4677772351a23e53a6e148cf831a3feb92ae880e,2,1000000,65536,2.51378,169476,8823eccd39d81882e79aa8268b5693e0450abcc2f497bddd42ab748b6822269f,2.92969,2.53246,3.60994,2.92969,3.03057,2.92097
extrema-descending,2,current,1003a83830e8b12ae1cb86bdec98af3d649ae54404b59a1466ec31548b149353,2,1000000,65536,1.91099,81796,8823eccd39d81882e79aa8268b5693e0450abcc2f497bddd42ab748b6822269f,1.72005,1.72899,1.73318,1.72005,1.71537,1.71603
extrema-descending,2,baseline,f9ed90d41e7bff92707a796e4677772351a23e53a6e148cf831a3feb92ae880e,2,1000000,65536,3.04569,103900,8823eccd39d81882e79aa8268b5693e0450abcc2f497bddd42ab748b6822269f,2.44734,2.62224,2.39139,2.04737,2.44734,2.50671
extrema-descending,1,current,1003a83830e8b12ae1cb86bdec98af3d649ae54404b59a1466ec31548b149353,2,1000000,65536,3.31361,71296,8823eccd39d81882e79aa8268b5693e0450abcc2f497bddd42ab748b6822269f,2.64595,3.13381,2.66266,2.64425,2.64595,2.63639
extrema-descending,1,baseline,f9ed90d41e7bff92707a796e4677772351a23e53a6e148cf831a3feb92ae880e,2,1000000,65536,3.46807,71256,8823eccd39d81882e79aa8268b5693e0450abcc2f497bddd42ab748b6822269f,3.21664,3.16703,3.21405,3.21664,3.29577,3.28579
extrema-ascending,default,current,1003a83830e8b12ae1cb86bdec98af3d649ae54404b59a1466ec31548b149353,2,1000000,65536,1.13806,347868,2dfbe4fb4b5669af75ae073129cf442aa0e870d4d5975f719c17dd7f443af7b2,0.991834,0.977533,0.991834,0.986269,1.04293,0.993183
extrema-ascending,default,baseline,f9ed90d41e7bff92707a796e4677772351a23e53a6e148cf831a3feb92ae880e,2,1000000,65536,4.34774,801064,2dfbe4fb4b5669af75ae073129cf442aa0e870d4d5975f719c17dd7f443af7b2,6.30394,5.82879,6.49927,5.70493,6.30394,7.27933
extrema-ascending,16,current,1003a83830e8b12ae1cb86bdec98af3d649ae54404b59a1466ec31548b149353,2,1000000,65536,1.26869,225320,2dfbe4fb4b5669af75ae073129cf442aa0e870d4d5975f719c17dd7f443af7b2,1.12224,1.08836,1.12224,1.11278,1.19573,1.18912
extrema-ascending,16,baseline,f9ed90d41e7bff92707a796e4677772351a23e53a6e148cf831a3feb92ae880e,2,1000000,65536,3.96972,528156,2dfbe4fb4b5669af75ae073129cf442aa0e870d4d5975f719c17dd7f443af7b2,4.50175,4.50175,5.40857,4.12894,3.96625,5.41964
extrema-ascending,8,current,1003a83830e8b12ae1cb86bdec98af3d649ae54404b59a1466ec31548b149353,2,1000000,65536,1.59597,142724,2dfbe4fb4b5669af75ae073129cf442aa0e870d4d5975f719c17dd7f443af7b2,1.47052,1.56037,1.55307,1.43397,1.43584,1.47052
extrema-ascending,8,baseline,f9ed90d41e7bff92707a796e4677772351a23e53a6e148cf831a3feb92ae880e,2,1000000,65536,2.82407,300580,2dfbe4fb4b5669af75ae073129cf442aa0e870d4d5975f719c17dd7f443af7b2,3.21948,3.21948,2.84604,3.94367,3.29391,2.83153
extrema-ascending,4,current,1003a83830e8b12ae1cb86bdec98af3d649ae54404b59a1466ec31548b149353,2,1000000,65536,1.30307,102168,2dfbe4fb4b5669af75ae073129cf442aa0e870d4d5975f719c17dd7f443af7b2,1.18048,1.18048,1.16223,1.43786,1.19018,1.16553
extrema-ascending,4,baseline,f9ed90d41e7bff92707a796e4677772351a23e53a6e148cf831a3feb92ae880e,2,1000000,65536,3.05204,169720,2dfbe4fb4b5669af75ae073129cf442aa0e870d4d5975f719c17dd7f443af7b2,2.89582,2.89582,3.4683,2.78136,3.32961,2.84558
extrema-ascending,2,current,1003a83830e8b12ae1cb86bdec98af3d649ae54404b59a1466ec31548b149353,2,1000000,65536,2.02395,81536,2dfbe4fb4b5669af75ae073129cf442aa0e870d4d5975f719c17dd7f443af7b2,1.72425,1.72295,1.72972,1.72425,1.72246,1.72836
extrema-ascending,2,baseline,f9ed90d41e7bff92707a796e4677772351a23e53a6e148cf831a3feb92ae880e,2,1000000,65536,2.37752,103788,2dfbe4fb4b5669af75ae073129cf442aa0e870d4d5975f719c17dd7f443af7b2,2.43922,2.49866,2.44072,2.1612,2.43922,2.14545
extrema-ascending,1,current,1003a83830e8b12ae1cb86bdec98af3d649ae54404b59a1466ec31548b149353,2,1000000,65536,2.84876,70768,2dfbe4fb4b5669af75ae073129cf442aa0e870d4d5975f719c17dd7f443af7b2,2.6506,2.67357,2.6506,2.62636,2.6327,2.65242
extrema-ascending,1,baseline,f9ed90d41e7bff92707a796e4677772351a23e53a6e148cf831a3feb92ae880e,2,1000000,65536,3.72952,71028,2dfbe4fb4b5669af75ae073129cf442aa0e870d4d5975f719c17dd7f443af7b2,3.53015,3.41495,3.55336,3.53515,3.42557,3.53015
wide-top-bottom,default,current,1003a83830e8b12ae1cb86bdec98af3d649ae54404b59a1466ec31548b149353,2,1000000,65536,5.73091,516700,466bba3961b2f9f6a09783b562968e8e65a7414c1bb7fcf054557ef3725e9a3d,4.00581,3.99339,3.99914,4.00581,4.88978,4.1478
wide-top-bottom,default,baseline,f9ed90d41e7bff92707a796e4677772351a23e53a6e148cf831a3feb92ae880e,2,1000000,65536,34.3055,462760,466bba3961b2f9f6a09783b562968e8e65a7414c1bb7fcf054557ef3725e9a3d,32.4085,34.8649,32.4085,31.3798,32.8018,32.1995
wide-top-bottom,16,current,1003a83830e8b12ae1cb86bdec98af3d649ae54404b59a1466ec31548b149353,2,1000000,65536,6.8097,420080,466bba3961b2f9f6a09783b562968e8e65a7414c1bb7fcf054557ef3725e9a3d,5.29651,5.02695,5.29651,5.47951,5.08193,5.66828
wide-top-bottom,16,baseline,f9ed90d41e7bff92707a796e4677772351a23e53a6e148cf831a3feb92ae880e,2,1000000,65536,35.1798,339284,466bba3961b2f9f6a09783b562968e8e65a7414c1bb7fcf054557ef3725e9a3d,32.5018,34.2069,32.5018,32.5743,32.1489,32.1403
wide-top-bottom,8,current,1003a83830e8b12ae1cb86bdec98af3d649ae54404b59a1466ec31548b149353,2,1000000,65536,7.61747,341928,466bba3961b2f9f6a09783b562968e8e65a7414c1bb7fcf054557ef3725e9a3d,6.85939,6.87724,6.84064,6.98384,6.85313,6.85939
wide-top-bottom,8,baseline,f9ed90d41e7bff92707a796e4677772351a23e53a6e148cf831a3feb92ae880e,2,1000000,65536,34.3376,258096,466bba3961b2f9f6a09783b562968e8e65a7414c1bb7fcf054557ef3725e9a3d,31.383,33.6975,32.0854,31.0831,31.383,31.2647
wide-top-bottom,4,current,1003a83830e8b12ae1cb86bdec98af3d649ae54404b59a1466ec31548b149353,2,1000000,65536,14.1295,225224,466bba3961b2f9f6a09783b562968e8e65a7414c1bb7fcf054557ef3725e9a3d,12.0473,12.055,12.0473,12.8436,11.8865,11.2803
wide-top-bottom,4,baseline,f9ed90d41e7bff92707a796e4677772351a23e53a6e148cf831a3feb92ae880e,2,1000000,65536,36.95,216460,466bba3961b2f9f6a09783b562968e8e65a7414c1bb7fcf054557ef3725e9a3d,32.4707,35.084,32.8854,32.3999,32.4707,31.6923
wide-top-bottom,2,current,1003a83830e8b12ae1cb86bdec98af3d649ae54404b59a1466ec31548b149353,2,1000000,65536,25.7063,212544,466bba3961b2f9f6a09783b562968e8e65a7414c1bb7fcf054557ef3725e9a3d,21.4238,20.309,21.8223,22.2112,19.818,21.4238
wide-top-bottom,2,baseline,f9ed90d41e7bff92707a796e4677772351a23e53a6e148cf831a3feb92ae880e,2,1000000,65536,34.1592,195976,466bba3961b2f9f6a09783b562968e8e65a7414c1bb7fcf054557ef3725e9a3d,31.5954,33.6461,31.8772,31.4085,31.3677,31.5954
wide-top-bottom,1,current,1003a83830e8b12ae1cb86bdec98af3d649ae54404b59a1466ec31548b149353,2,1000000,65536,34.4335,185960,466bba3961b2f9f6a09783b562968e8e65a7414c1bb7fcf054557ef3725e9a3d,31.1848,33.312,31.3001,31.1111,31.1848,31.0507
wide-top-bottom,1,baseline,f9ed90d41e7bff92707a796e4677772351a23e53a6e148cf831a3feb92ae880e,2,1000000,65536,34.6592,185900,466bba3961b2f9f6a09783b562968e8e65a7414c1bb7fcf054557ef3725e9a3d,31.5003,33.4585,31.9272,31.2772,31.192,31.5003
wide-mode,default,current,1003a83830e8b12ae1cb86bdec98af3d649ae54404b59a1466ec31548b149353,2,1000000,65536,8.24282,397332,5be0b38a6df4fc7db0b5513daa478fd6c5ceecc77f9753ec0110ee4d866db233,5.62216,6.11269,5.62216,8.56363,5.47021,4.93423
wide-mode,default,baseline,f9ed90d41e7bff92707a796e4677772351a23e53a6e148cf831a3feb92ae880e,2,1000000,65536,16.9505,395068,5be0b38a6df4fc7db0b5513daa478fd6c5ceecc77f9753ec0110ee4d866db233,14.9622,15.0858,15.1169,14.8456,14.6744,14.9622
wide-mode,16,current,1003a83830e8b12ae1cb86bdec98af3d649ae54404b59a1466ec31548b149353,2,1000000,65536,5.42177,274688,5be0b38a6df4fc7db0b5513daa478fd6c5ceecc77f9753ec0110ee4d866db233,3.78208,3.75469,3.78208,3.57943,4.00661,3.94034
wide-mode,16,baseline,f9ed90d41e7bff92707a796e4677772351a23e53a6e148cf831a3feb92ae880e,2,1000000,65536,15.2564,272024,5be0b38a6df4fc7db0b5513daa478fd6c5ceecc77f9753ec0110ee4d866db233,14.2123,14.0401,14.1877,14.3564,14.2123,14.6024
wide-mode,8,current,1003a83830e8b12ae1cb86bdec98af3d649ae54404b59a1466ec31548b149353,2,1000000,65536,5.74942,192284,5be0b38a6df4fc7db0b5513daa478fd6c5ceecc77f9753ec0110ee4d866db233,4.51779,4.51779,4.55669,4.66575,4.30717,4.16922
wide-mode,8,baseline,f9ed90d41e7bff92707a796e4677772351a23e53a6e148cf831a3feb92ae880e,2,1000000,65536,15.4623,190444,5be0b38a6df4fc7db0b5513daa478fd6c5ceecc77f9753ec0110ee4d866db233,15.1289,15.6058,15.44,15.1289,14.99,14.5182
wide-mode,4,current,1003a83830e8b12ae1cb86bdec98af3d649ae54404b59a1466ec31548b149353,2,1000000,65536,7.82692,151456,5be0b38a6df4fc7db0b5513daa478fd6c5ceecc77f9753ec0110ee4d866db233,7.02921,7.38798,7.35736,7.00798,6.74074,7.02921
wide-mode,4,baseline,f9ed90d41e7bff92707a796e4677772351a23e53a6e148cf831a3feb92ae880e,2,1000000,65536,16.7449,149344,5be0b38a6df4fc7db0b5513daa478fd6c5ceecc77f9753ec0110ee4d866db233,14.8806,15.8093,14.8806,14.6538,14.6593,16.1569
wide-mode,2,current,1003a83830e8b12ae1cb86bdec98af3d649ae54404b59a1466ec31548b149353,2,1000000,65536,11.5964,128920,5be0b38a6df4fc7db0b5513daa478fd6c5ceecc77f9753ec0110ee4d866db233,12.2629,11.0695,12.2629,12.5821,12.3014,12.0888
wide-mode,2,baseline,f9ed90d41e7bff92707a796e4677772351a23e53a6e148cf831a3feb92ae880e,2,1000000,65536,16.261,128736,5be0b38a6df4fc7db0b5513daa478fd6c5ceecc77f9753ec0110ee4d866db233,16.1532,16.0866,16.1532,15.2626,17.0636,16.1789
wide-mode,1,current,1003a83830e8b12ae1cb86bdec98af3d649ae54404b59a1466ec31548b149353,2,1000000,65536,17.0749,118416,5be0b38a6df4fc7db0b5513daa478fd6c5ceecc77f9753ec0110ee4d866db233,16.505,16.1791,17.1173,16.0151,16.505,21.0218
wide-mode,1,baseline,f9ed90d41e7bff92707a796e4677772351a23e53a6e148cf831a3feb92ae880e,2,1000000,65536,16.9147,118608,5be0b38a6df4fc7db0b5513daa478fd6c5ceecc77f9753ec0110ee4d866db233,15.4688,16.2231,16.2533,15.4688,15.3261,14.6161
extrema-timestamp,default,current,1003a83830e8b12ae1cb86bdec98af3d649ae54404b59a1466ec31548b149353,2,1000000,65536,2.64016,406020,21b125cdb444576cc6c38fb471f631df4998150b30e1dc016a2b034fd4665bd6,0.969572,1.14552,0.943047,0.969572,0.946609,0.972825
extrema-timestamp,default,baseline,f9ed90d41e7bff92707a796e4677772351a23e53a6e148cf831a3feb92ae880e,2,1000000,65536,7.64854,831812,21b125cdb444576cc6c38fb471f631df4998150b30e1dc016a2b034fd4665bd6,7.52515,7.52515,7.98263,6.48786,6.55996,9.4945
extrema-timestamp,16,current,1003a83830e8b12ae1cb86bdec98af3d649ae54404b59a1466ec31548b149353,2,1000000,65536,2.30066,282412,21b125cdb444576cc6c38fb471f631df4998150b30e1dc016a2b034fd4665bd6,1.306,1.33188,1.22981,1.22365,1.306,1.34471
extrema-timestamp,16,baseline,f9ed90d41e7bff92707a796e4677772351a23e53a6e148cf831a3feb92ae880e,2,1000000,65536,7.70814,610856,21b125cdb444576cc6c38fb471f631df4998150b30e1dc016a2b034fd4665bd6,8.13165,8.13165,8.88062,7.82586,8.09387,8.19981
extrema-timestamp,8,current,1003a83830e8b12ae1cb86bdec98af3d649ae54404b59a1466ec31548b149353,2,1000000,65536,2.99039,200596,21b125cdb444576cc6c38fb471f631df4998150b30e1dc016a2b034fd4665bd6,1.99491,1.99491,1.91265,1.95106,2.06851,2.00351
extrema-timestamp,8,baseline,f9ed90d41e7bff92707a796e4677772351a23e53a6e148cf831a3feb92ae880e,2,1000000,65536,3.82235,348260,21b125cdb444576cc6c38fb471f631df4998150b30e1dc016a2b034fd4665bd6,4.1629,4.48857,3.64207,4.98965,4.1629,3.15957
extrema-timestamp,4,current,1003a83830e8b12ae1cb86bdec98af3d649ae54404b59a1466ec31548b149353,2,1000000,65536,2.35415,159060,21b125cdb444576cc6c38fb471f631df4998150b30e1dc016a2b034fd4665bd6,1.34149,1.34149,1.31446,1.73672,1.42961,1.3348
extrema-timestamp,4,baseline,f9ed90d41e7bff92707a796e4677772351a23e53a6e148cf831a3feb92ae880e,2,1000000,65536,3.57648,217104,21b125cdb444576cc6c38fb471f631df4998150b30e1dc016a2b034fd4665bd6,2.32631,3.35621,3.19222,2.06749,2.32631,2.17042
extrema-timestamp,2,current,1003a83830e8b12ae1cb86bdec98af3d649ae54404b59a1466ec31548b149353,2,1000000,65536,2.32123,128664,21b125cdb444576cc6c38fb471f631df4998150b30e1dc016a2b034fd4665bd6,1.95401,2.00067,1.95401,1.9569,1.94122,1.94467
extrema-timestamp,2,baseline,f9ed90d41e7bff92707a796e4677772351a23e53a6e148cf831a3feb92ae880e,2,1000000,65536,2.99709,151452,21b125cdb444576cc6c38fb471f631df4998150b30e1dc016a2b034fd4665bd6,2.85235,3.02598,2.85235,2.52351,2.94161,2.64677
extrema-timestamp,1,current,1003a83830e8b12ae1cb86bdec98af3d649ae54404b59a1466ec31548b149353,2,1000000,65536,3.54841,118380,21b125cdb444576cc6c38fb471f631df4998150b30e1dc016a2b034fd4665bd6,3.22706,3.30265,3.38161,3.22706,3.10823,3.16154
extrema-timestamp,1,baseline,f9ed90d41e7bff92707a796e4677772351a23e53a6e148cf831a3feb92ae880e,2,1000000,65536,4.46084,118656,21b125cdb444576cc6c38fb471f631df4998150b30e1dc016a2b034fd4665bd6,3.82812,4.05508,3.78407,3.82812,3.81277,3.88881
extrema-date,default,current,1003a83830e8b12ae1cb86bdec98af3d649ae54404b59a1466ec31548b149353,2,1000000,65536,1.41779,381108,e8a7e2e5f899bc199263d97c5a3b87323c649f9cc0f41e4a2fe651c770e7ddd6,1.08279,1.13672,1.06005,1.09398,1.08279,1.03402
extrema-date,default,baseline,f9ed90d41e7bff92707a796e4677772351a23e53a6e148cf831a3feb92ae880e,2,1000000,65536,4.53009,821560,e8a7e2e5f899bc199263d97c5a3b87323c649f9cc0f41e4a2fe651c770e7ddd6,6.61732,5.39975,6.61732,4.47156,8.28866,7.95528
extrema-date,16,current,1003a83830e8b12ae1cb86bdec98af3d649ae54404b59a1466ec31548b149353,2,1000000,65536,1.54416,257932,e8a7e2e5f899bc199263d97c5a3b87323c649f9cc0f41e4a2fe651c770e7ddd6,1.30598,1.25815,1.2327,1.30598,1.31616,1.32874
extrema-date,16,baseline,f9ed90d41e7bff92707a796e4677772351a23e53a6e148cf831a3feb92ae880e,2,1000000,65536,4.15215,554828,e8a7e2e5f899bc199263d97c5a3b87323c649f9cc0f41e4a2fe651c770e7ddd6,5.07625,4.84019,5.11903,5.07625,4.42777,5.34205
extrema-date,8,current,1003a83830e8b12ae1cb86bdec98af3d649ae54404b59a1466ec31548b149353,2,1000000,65536,2.08133,175916,e8a7e2e5f899bc199263d97c5a3b87323c649f9cc0f41e4a2fe651c770e7ddd6,2.04679,2.09458,2.04679,2.10148,1.4522,1.43356
extrema-date,8,baseline,f9ed90d41e7bff92707a796e4677772351a23e53a6e148cf831a3feb92ae880e,2,1000000,65536,3.1173,333464,e8a7e2e5f899bc199263d97c5a3b87323c649f9cc0f41e4a2fe651c770e7ddd6,3.26633,3.42377,3.03842,3.69165,3.26633,3.05931
extrema-date,4,current,1003a83830e8b12ae1cb86bdec98af3d649ae54404b59a1466ec31548b149353,2,1000000,65536,1.44761,134696,e8a7e2e5f899bc199263d97c5a3b87323c649f9cc0f41e4a2fe651c770e7ddd6,1.26555,1.35878,1.32086,1.26029,1.24636,1.26555
extrema-date,4,baseline,f9ed90d41e7bff92707a796e4677772351a23e53a6e148cf831a3feb92ae880e,2,1000000,65536,2.28491,202724,e8a7e2e5f899bc199263d97c5a3b87323c649f9cc0f41e4a2fe651c770e7ddd6,2.32814,2.40801,2.6817,1.93417,2.32814,2.03767
extrema-date,2,current,1003a83830e8b12ae1cb86bdec98af3d649ae54404b59a1466ec31548b149353,2,1000000,65536,2.06032,114316,e8a7e2e5f899bc199263d97c5a3b87323c649f9cc0f41e4a2fe651c770e7ddd6,1.83369,1.86057,1.83201,1.83369,1.81411,3.29941
extrema-date,2,baseline,f9ed90d41e7bff92707a796e4677772351a23e53a6e148cf831a3feb92ae880e,2,1000000,65536,2.95273,136604,e8a7e2e5f899bc199263d97c5a3b87323c649f9cc0f41e4a2fe651c770e7ddd6,2.82735,2.82735,2.83599,2.52023,2.90211,2.47315
extrema-date,1,current,1003a83830e8b12ae1cb86bdec98af3d649ae54404b59a1466ec31548b149353,2,1000000,65536,3.05031,104056,e8a7e2e5f899bc199263d97c5a3b87323c649f9cc0f41e4a2fe651c770e7ddd6,2.75919,2.75919,2.72437,3.07964,2.815,2.73202
extrema-date,1,baseline,f9ed90d41e7bff92707a796e4677772351a23e53a6e148cf831a3feb92ae880e,2,1000000,65536,4.13681,103636,e8a7e2e5f899bc199263d97c5a3b87323c649f9cc0f41e4a2fe651c770e7ddd6,3.79154,4.13825,3.87141,3.72041,3.69948,3.79154
wide-extrema,default,current,1003a83830e8b12ae1cb86bdec98af3d649ae54404b59a1466ec31548b149353,2,1000000,65536,6.60295,397596,b02ca6967d31a92dee708b618aedbd72ee0bd35f695dd388fa2b1f32316356cc,4.60456,4.93922,4.60456,4.56534,4.44005,4.8713
wide-extrema,default,baseline,f9ed90d41e7bff92707a796e4677772351a23e53a6e148cf831a3feb92ae880e,2,1000000,65536,26.465,403236,b02ca6967d31a92dee708b618aedbd72ee0bd35f695dd388fa2b1f32316356cc,25.152,25.5739,25.6244,25.1084,25.0472,25.152
wide-extrema,16,current,1003a83830e8b12ae1cb86bdec98af3d649ae54404b59a1466ec31548b149353,2,1000000,65536,7.01715,274860,b02ca6967d31a92dee708b618aedbd72ee0bd35f695dd388fa2b1f32316356cc,5.25593,5.60455,5.0526,5.15158,5.25593,5.27667
wide-extrema,16,baseline,f9ed90d41e7bff92707a796e4677772351a23e53a6e148cf831a3feb92ae880e,2,1000000,65536,26.1856,280332,b02ca6967d31a92dee708b618aedbd72ee0bd35f695dd388fa2b1f32316356cc,25.3439,25.3439,25.8886,25.2157,25.4924,25.1027
wide-extrema,8,current,1003a83830e8b12ae1cb86bdec98af3d649ae54404b59a1466ec31548b149353,2,1000000,65536,9.23312,192632,b02ca6967d31a92dee708b618aedbd72ee0bd35f695dd388fa2b1f32316356cc,6.49302,7.84356,6.40417,6.76497,6.39534,6.49302
wide-extrema,8,baseline,f9ed90d41e7bff92707a796e4677772351a23e53a6e148cf831a3feb92ae880e,2,1000000,65536,26.4974,198308,b02ca6967d31a92dee708b618aedbd72ee0bd35f695dd388fa2b1f32316356cc,25.2846,26.0664,25.7158,25.2083,25.2009,25.2846
wide-extrema,4,current,1003a83830e8b12ae1cb86bdec98af3d649ae54404b59a1466ec31548b149353,2,1000000,65536,11.4452,151564,b02ca6967d31a92dee708b618aedbd72ee0bd35f695dd388fa2b1f32316356cc,9.65175,9.98836,9.74752,9.57449,9.65175,9.61265
wide-extrema,4,baseline,f9ed90d41e7bff92707a796e4677772351a23e53a6e148cf831a3feb92ae880e,2,1000000,65536,26.2311,157168,b02ca6967d31a92dee708b618aedbd72ee0bd35f695dd388fa2b1f32316356cc,25.5615,25.5615,25.4081,25.355,26.0583,25.5955
wide-extrema,2,current,1003a83830e8b12ae1cb86bdec98af3d649ae54404b59a1466ec31548b149353,2,1000000,65536,16.2268,137092,b02ca6967d31a92dee708b618aedbd72ee0bd35f695dd388fa2b1f32316356cc,15.481,15.8752,15.1917,15.481,15.1139,15.637
wide-extrema,2,baseline,f9ed90d41e7bff92707a796e4677772351a23e53a6e148cf831a3feb92ae880e,2,1000000,65536,26.1071,136856,b02ca6967d31a92dee708b618aedbd72ee0bd35f695dd388fa2b1f32316356cc,25.5539,25.158,25.5711,25.5539,25.3769,25.6306
wide-extrema,1,current,1003a83830e8b12ae1cb86bdec98af3d649ae54404b59a1466ec31548b149353,2,1000000,65536,25.1943,126620,b02ca6967d31a92dee708b618aedbd72ee0bd35f695dd388fa2b1f32316356cc,23.9332,23.9057,23.6616,23.9332,24.2428,24.1563
wide-extrema,1,baseline,f9ed90d41e7bff92707a796e4677772351a23e53a6e148cf831a3feb92ae880e,2,1000000,65536,26.7717,126796,b02ca6967d31a92dee708b618aedbd72ee0bd35f695dd388fa2b1f32316356cc,26.1743,26.4975,26.0652,26.1743,25.2807,28.7196
string-indexed,default,current,1003a83830e8b12ae1cb86bdec98af3d649ae54404b59a1466ec31548b149353,2,1000000,4,6.92726,405756,8f60991140aec2ac36e339f8e555b4179d074f0fe79eed44b7d684500c38245e,2.93071,2.9425,2.91388,3.0131,2.93071,2.91825
string-indexed,default,baseline,f9ed90d41e7bff92707a796e4677772351a23e53a6e148cf831a3feb92ae880e,2,1000000,4,17.2369,399084,8f60991140aec2ac36e339f8e555b4179d074f0fe79eed44b7d684500c38245e,15.5833,15.557,18.286,15.9415,15.5351,15.5833
string-indexed,16,current,1003a83830e8b12ae1cb86bdec98af3d649ae54404b59a1466ec31548b149353,2,1000000,4,5.41444,282468,8f60991140aec2ac36e339f8e555b4179d074f0fe79eed44b7d684500c38245e,3.26589,3.25887,3.26551,3.41359,3.34822,3.26589
string-indexed,16,baseline,f9ed90d41e7bff92707a796e4677772351a23e53a6e148cf831a3feb92ae880e,2,1000000,4,17.4448,276348,8f60991140aec2ac36e339f8e555b4179d074f0fe79eed44b7d684500c38245e,15.934,15.934,15.993,15.8923,15.9368,15.809
string-indexed,8,current,1003a83830e8b12ae1cb86bdec98af3d649ae54404b59a1466ec31548b149353,2,1000000,4,5.6511,200012,8f60991140aec2ac36e339f8e555b4179d074f0fe79eed44b7d684500c38245e,4.43644,4.3721,4.51291,4.43644,4.82823,4.30426
string-indexed,8,baseline,f9ed90d41e7bff92707a796e4677772351a23e53a6e148cf831a3feb92ae880e,2,1000000,4,17.2795,194508,8f60991140aec2ac36e339f8e555b4179d074f0fe79eed44b7d684500c38245e,15.9005,15.7137,15.7601,15.9044,16.1314,15.9005
string-indexed,4,current,1003a83830e8b12ae1cb86bdec98af3d649ae54404b59a1466ec31548b149353,2,1000000,4,7.43158,159988,8f60991140aec2ac36e339f8e555b4179d074f0fe79eed44b7d684500c38245e,5.64048,5.64048,5.58553,5.57244,5.68151,5.72017
string-indexed,4,baseline,f9ed90d41e7bff92707a796e4677772351a23e53a6e148cf831a3feb92ae880e,2,1000000,4,17.6045,153544,8f60991140aec2ac36e339f8e555b4179d074f0fe79eed44b7d684500c38245e,16.922,16.5058,17.092,16.8997,16.922,18.3285
string-indexed,2,current,1003a83830e8b12ae1cb86bdec98af3d649ae54404b59a1466ec31548b149353,2,1000000,4,11.2604,139188,8f60991140aec2ac36e339f8e555b4179d074f0fe79eed44b7d684500c38245e,10.2885,9.71021,10.366,10.3383,9.67559,10.2885
string-indexed,2,baseline,f9ed90d41e7bff92707a796e4677772351a23e53a6e148cf831a3feb92ae880e,2,1000000,4,18.3036,132560,8f60991140aec2ac36e339f8e555b4179d074f0fe79eed44b7d684500c38245e,15.8557,16.2784,15.7652,15.9921,15.8557,15.7603
string-indexed,1,current,1003a83830e8b12ae1cb86bdec98af3d649ae54404b59a1466ec31548b149353,2,1000000,4,17.8832,122496,8f60991140aec2ac36e339f8e555b4179d074f0fe79eed44b7d684500c38245e,16.2289,16.2352,16.2447,16.0592,16.2289,16.2034
string-indexed,1,baseline,f9ed90d41e7bff92707a796e4677772351a23e53a6e148cf831a3feb92ae880e,2,1000000,4,17.3024,122500,8f60991140aec2ac36e339f8e555b4179d074f0fe79eed44b7d684500c38245e,16.0069,17.1535,16.0837,16.0069,15.8346,15.93
string-key,default,current,1003a83830e8b12ae1cb86bdec98af3d649ae54404b59a1466ec31548b149353,2,1000000,4,7.10256,405548,09cd04e65ed6be6cf5faedcd46662a9984066e100cb4d6d6cf76f790225543a9,2.9287,3.53599,3.76834,2.78376,2.9287,2.68576
string-key,default,baseline,f9ed90d41e7bff92707a796e4677772351a23e53a6e148cf831a3feb92ae880e,2,1000000,4,7.62725,622992,09cd04e65ed6be6cf5faedcd46662a9984066e100cb4d6d6cf76f790225543a9,8.49716,9.16789,6.63065,9.95459,8.49716,7.42256
string-key,16,current,1003a83830e8b12ae1cb86bdec98af3d649ae54404b59a1466ec31548b149353,2,1000000,4,3.8401,282616,09cd04e65ed6be6cf5faedcd46662a9984066e100cb4d6d6cf76f790225543a9,1.76062,1.82637,1.73925,1.76062,1.69242,1.78724
string-key,16,baseline,f9ed90d41e7bff92707a796e4677772351a23e53a6e148cf831a3feb92ae880e,2,1000000,4,6.75785,559200,09cd04e65ed6be6cf5faedcd46662a9984066e100cb4d6d6cf76f790225543a9,7.19752,7.19752,7.33987,7.00543,7.42734,6.46499
string-key,8,current,1003a83830e8b12ae1cb86bdec98af3d649ae54404b59a1466ec31548b149353,2,1000000,4,4.27529,200008,09cd04e65ed6be6cf5faedcd46662a9984066e100cb4d6d6cf76f790225543a9,2.68372,2.68372,2.79775,2.74722,2.58757,2.64435
string-key,8,baseline,f9ed90d41e7bff92707a796e4677772351a23e53a6e148cf831a3feb92ae880e,2,1000000,4,6.92244,331848,09cd04e65ed6be6cf5faedcd46662a9984066e100cb4d6d6cf76f790225543a9,6.84057,6.97216,6.85345,6.19181,6.84057,5.88183
string-key,4,current,1003a83830e8b12ae1cb86bdec98af3d649ae54404b59a1466ec31548b149353,2,1000000,4,5.33978,159516,09cd04e65ed6be6cf5faedcd46662a9984066e100cb4d6d6cf76f790225543a9,4.01938,4.67966,4.01938,3.97844,4.15374,3.99161
string-key,4,baseline,f9ed90d41e7bff92707a796e4677772351a23e53a6e148cf831a3feb92ae880e,2,1000000,4,12.9118,220708,09cd04e65ed6be6cf5faedcd46662a9984066e100cb4d6d6cf76f790225543a9,8.85097,9.05827,8.85097,8.50076,9.19669,8.51305
string-key,2,current,1003a83830e8b12ae1cb86bdec98af3d649ae54404b59a1466ec31548b149353,2,1000000,4,9.32846,138808,09cd04e65ed6be6cf5faedcd46662a9984066e100cb4d6d6cf76f790225543a9,8.04631,8.46552,7.77614,8.92612,7.84565,8.04631
string-key,2,baseline,f9ed90d41e7bff92707a796e4677772351a23e53a6e148cf831a3feb92ae880e,2,1000000,4,18.6747,204288,09cd04e65ed6be6cf5faedcd46662a9984066e100cb4d6d6cf76f790225543a9,17.0944,23.1744,17.0944,18.1073,16.8772,16.8951
string-key,1,current,1003a83830e8b12ae1cb86bdec98af3d649ae54404b59a1466ec31548b149353,2,1000000,4,13.6654,122284,09cd04e65ed6be6cf5faedcd46662a9984066e100cb4d6d6cf76f790225543a9,12.4629,12.44,12.5906,12.521,12.4629,12.4286
string-key,1,baseline,f9ed90d41e7bff92707a796e4677772351a23e53a6e148cf831a3feb92ae880e,2,1000000,4,25.2604,101984,09cd04e65ed6be6cf5faedcd46662a9984066e100cb4d6d6cf76f790225543a9,25.4506,24.1622,24.6993,25.5798,25.4506,27.5942
symbol-key,default,current,1003a83830e8b12ae1cb86bdec98af3d649ae54404b59a1466ec31548b149353,2,1000000,4,0.602288,364796,f4f0cd4a2b69b2ea50a501980d32272f8f90ca85d2e6c4191191f90689bb19db,0.244925,0.329207,0.245295,0.244925,0.226753,0.227
symbol-key,default,baseline,f9ed90d41e7bff92707a796e4677772351a23e53a6e148cf831a3feb92ae880e,2,1000000,4,0.637399,364280,f4f0cd4a2b69b2ea50a501980d32272f8f90ca85d2e6c4191191f90689bb19db,0.28981,0.489123,0.295135,0.289266,0.28981,0.268166
symbol-key,16,current,1003a83830e8b12ae1cb86bdec98af3d649ae54404b59a1466ec31548b149353,2,1000000,4,0.463049,241644,f4f0cd4a2b69b2ea50a501980d32272f8f90ca85d2e6c4191191f90689bb19db,0.194295,0.241786,0.205797,0.194295,0.180756,0.175281
symbol-key,16,baseline,f9ed90d41e7bff92707a796e4677772351a23e53a6e148cf831a3feb92ae880e,2,1000000,4,0.553113,241480,f4f0cd4a2b69b2ea50a501980d32272f8f90ca85d2e6c4191191f90689bb19db,0.270062,0.351969,0.28795,0.270062,0.268161,0.250564
symbol-key,8,current,1003a83830e8b12ae1cb86bdec98af3d649ae54404b59a1466ec31548b149353,2,1000000,4,0.452578,159300,f4f0cd4a2b69b2ea50a501980d32272f8f90ca85d2e6c4191191f90689bb19db,0.269699,0.320602,0.285417,0.269479,0.269699,0.261796
symbol-key,8,baseline,f9ed90d41e7bff92707a796e4677772351a23e53a6e148cf831a3feb92ae880e,2,1000000,4,0.468192,159224,f4f0cd4a2b69b2ea50a501980d32272f8f90ca85d2e6c4191191f90689bb19db,0.332787,0.356951,0.358477,0.314095,0.332787,0.313284
symbol-key,4,current,1003a83830e8b12ae1cb86bdec98af3d649ae54404b59a1466ec31548b149353,2,1000000,4,0.680858,118720,f4f0cd4a2b69b2ea50a501980d32272f8f90ca85d2e6c4191191f90689bb19db,0.518259,0.57201,0.511184,0.518259,0.52621,0.51355
symbol-key,4,baseline,f9ed90d41e7bff92707a796e4677772351a23e53a6e148cf831a3feb92ae880e,2,1000000,4,0.578837,118440,f4f0cd4a2b69b2ea50a501980d32272f8f90ca85d2e6c4191191f90689bb19db,0.45528,0.527465,0.47163,0.450659,0.451896,0.45528
symbol-key,2,current,1003a83830e8b12ae1cb86bdec98af3d649ae54404b59a1466ec31548b149353,2,1000000,4,1.06701,97912,f4f0cd4a2b69b2ea50a501980d32272f8f90ca85d2e6c4191191f90689bb19db,0.85474,1.30524,0.940661,0.85474,0.637559,0.544542
symbol-key,2,baseline,f9ed90d41e7bff92707a796e4677772351a23e53a6e148cf831a3feb92ae880e,2,1000000,4,0.646787,97572,f4f0cd4a2b69b2ea50a501980d32272f8f90ca85d2e6c4191191f90689bb19db,0.527431,0.588763,0.527431,0.515822,0.505286,0.562006
symbol-key,1,current,1003a83830e8b12ae1cb86bdec98af3d649ae54404b59a1466ec31548b149353,2,1000000,4,1.26836,87564,f4f0cd4a2b69b2ea50a501980d32272f8f90ca85d2e6c4191191f90689bb19db,1.06603,1.21338,1.07342,1.06603,1.0397,1.05689
symbol-key,1,baseline,f9ed90d41e7bff92707a796e4677772351a23e53a6e148cf831a3feb92ae880e,2,1000000,4,1.20587,87360,f4f0cd4a2b69b2ea50a501980d32272f8f90ca85d2e6c4191191f90689bb19db,1.24551,1.21952,1.11115,1.24551,1.41,1.42464
float-indexed,default,current,1003a83830e8b12ae1cb86bdec98af3d649ae54404b59a1466ec31548b149353,2,1000000,65536,5.71736,374780,8254dd5b7c07aa3f6b65b862ba1f87f9e25680cc1eb068c06cea381991733c2f,2.71596,2.84275,2.68173,2.76103,2.70167,2.71596
float-indexed,default,baseline,f9ed90d41e7bff92707a796e4677772351a23e53a6e148cf831a3feb92ae880e,2,1000000,65536,16.7687,375288,8254dd5b7c07aa3f6b65b862ba1f87f9e25680cc1eb068c06cea381991733c2f,15.0729,15.1967,15.1694,14.9661,14.9676,15.0729
float-indexed,16,current,1003a83830e8b12ae1cb86bdec98af3d649ae54404b59a1466ec31548b149353,2,1000000,65536,5.42875,252044,8254dd5b7c07aa3f6b65b862ba1f87f9e25680cc1eb068c06cea381991733c2f,3.90144,4.13925,3.59585,3.90144,4.19531,3.53731
float-indexed,16,baseline,f9ed90d41e7bff92707a796e4677772351a23e53a6e148cf831a3feb92ae880e,2,1000000,65536,17.6986,251992,8254dd5b7c07aa3f6b65b862ba1f87f9e25680cc1eb068c06cea381991733c2f,15.1762,15.2292,15.1355,15.4098,15.1762,15.1504
float-indexed,8,current,1003a83830e8b12ae1cb86bdec98af3d649ae54404b59a1466ec31548b149353,2,1000000,65536,5.79562,170052,8254dd5b7c07aa3f6b65b862ba1f87f9e25680cc1eb068c06cea381991733c2f,4.9976,4.86785,4.9976,4.86614,5.18719,5.02087
float-indexed,8,baseline,f9ed90d41e7bff92707a796e4677772351a23e53a6e148cf831a3feb92ae880e,2,1000000,65536,16.5424,169812,8254dd5b7c07aa3f6b65b862ba1f87f9e25680cc1eb068c06cea381991733c2f,14.4495,14.4675,14.3321,14.3661,14.5592,14.4495
float-indexed,4,current,1003a83830e8b12ae1cb86bdec98af3d649ae54404b59a1466ec31548b149353,2,1000000,65536,9.48208,129024,8254dd5b7c07aa3f6b65b862ba1f87f9e25680cc1eb068c06cea381991733c2f,7.71641,8.65463,7.77231,7.71641,7.68746,7.71219
float-indexed,4,baseline,f9ed90d41e7bff92707a796e4677772351a23e53a6e148cf831a3feb92ae880e,2,1000000,65536,16.4394,128796,8254dd5b7c07aa3f6b65b862ba1f87f9e25680cc1eb068c06cea381991733c2f,14.763,14.763,14.7361,14.7252,20.3118,15.0222
float-indexed,2,current,1003a83830e8b12ae1cb86bdec98af3d649ae54404b59a1466ec31548b149353,2,1000000,65536,14.4314,108468,8254dd5b7c07aa3f6b65b862ba1f87f9e25680cc1eb068c06cea381991733c2f,13.1091,13.2206,13.0807,13.0911,13.1091,13.1978
float-indexed,2,baseline,f9ed90d41e7bff92707a796e4677772351a23e53a6e148cf831a3feb92ae880e,2,1000000,65536,17.8942,108196,8254dd5b7c07aa3f6b65b862ba1f87f9e25680cc1eb068c06cea381991733c2f,15.9897,16.4316,15.9897,15.6279,15.8169,16.4519
float-indexed,1,current,1003a83830e8b12ae1cb86bdec98af3d649ae54404b59a1466ec31548b149353,2,1000000,65536,18.0583,98176,8254dd5b7c07aa3f6b65b862ba1f87f9e25680cc1eb068c06cea381991733c2f,16.1153,16.2038,16.0278,16.1153,16.2474,16.112
float-indexed,1,baseline,f9ed90d41e7bff92707a796e4677772351a23e53a6e148cf831a3feb92ae880e,2,1000000,65536,19.7565,97844,8254dd5b7c07aa3f6b65b862ba1f87f9e25680cc1eb068c06cea381991733c2f,17.4703,17.8682,17.3565,17.4703,17.4896,17.3423
float-key,default,current,1003a83830e8b12ae1cb86bdec98af3d649ae54404b59a1466ec31548b149353,2,1000000,65536,4.99421,375236,67815070ec5e825828d32b5e6b3a37db6aa89f046b6f7390a537494ae110c572,2.20774,2.30044,2.20615,2.23098,2.19488,2.20774
float-key,default,baseline,f9ed90d41e7bff92707a796e4677772351a23e53a6e148cf831a3feb92ae880e,2,1000000,65536,3.68635,820076,67815070ec5e825828d32b5e6b3a37db6aa89f046b6f7390a537494ae110c572,5.88659,5.88659,5.91781,4.84445,5.76627,6.4552
float-key,16,current,1003a83830e8b12ae1cb86bdec98af3d649ae54404b59a1466ec31548b149353,2,1000000,65536,4.55272,251748,67815070ec5e825828d32b5e6b3a37db6aa89f046b6f7390a537494ae110c572,2.96884,2.98373,2.96884,2.79894,2.96415,2.9967
float-key,16,baseline,f9ed90d41e7bff92707a796e4677772351a23e53a6e148cf831a3feb92ae880e,2,1000000,65536,5.11303,579668,67815070ec5e825828d32b5e6b3a37db6aa89f046b6f7390a537494ae110c572,5.59802,6.01701,5.59802,6.00734,5.09017,4.12866
float-key,8,current,1003a83830e8b12ae1cb86bdec98af3d649ae54404b59a1466ec31548b149353,2,1000000,65536,6.08028,319424,67815070ec5e825828d32b5e6b3a37db6aa89f046b6f7390a537494ae110c572,3.91171,4.88546,4.09903,3.69479,3.91171,3.63757
float-key,8,baseline,f9ed90d41e7bff92707a796e4677772351a23e53a6e148cf831a3feb92ae880e,2,1000000,65536,6.56727,325612,67815070ec5e825828d32b5e6b3a37db6aa89f046b6f7390a537494ae110c572,4.57498,6.18172,5.22858,4.57498,4.11639,3.96875
float-key,4,current,1003a83830e8b12ae1cb86bdec98af3d649ae54404b59a1466ec31548b149353,2,1000000,65536,8.78086,200756,67815070ec5e825828d32b5e6b3a37db6aa89f046b6f7390a537494ae110c572,5.49428,6.74622,6.24309,5.49428,5.48385,5.46267
float-key,4,baseline,f9ed90d41e7bff92707a796e4677772351a23e53a6e148cf831a3feb92ae880e,2,1000000,65536,9.96683,247656,67815070ec5e825828d32b5e6b3a37db6aa89f046b6f7390a537494ae110c572,5.59638,8.69769,5.87656,5.59638,5.51773,5.48086
float-key,2,current,1003a83830e8b12ae1cb86bdec98af3d649ae54404b59a1466ec31548b149353,2,1000000,65536,12.9391,194624,67815070ec5e825828d32b5e6b3a37db6aa89f046b6f7390a537494ae110c572,9.9374,9.95463,9.9374,9.54921,9.92494,10.763
float-key,2,baseline,f9ed90d41e7bff92707a796e4677772351a23e53a6e148cf831a3feb92ae880e,2,1000000,65536,12.677,196296,67815070ec5e825828d32b5e6b3a37db6aa89f046b6f7390a537494ae110c572,10.5752,10.1394,10.1658,11.1325,10.5752,10.9875
float-key,1,current,1003a83830e8b12ae1cb86bdec98af3d649ae54404b59a1466ec31548b149353,2,1000000,65536,13.6853,92048,67815070ec5e825828d32b5e6b3a37db6aa89f046b6f7390a537494ae110c572,11.8817,11.9209,11.8795,11.7827,11.8817,12.7169
float-key,1,baseline,f9ed90d41e7bff92707a796e4677772351a23e53a6e148cf831a3feb92ae880e,2,1000000,65536,17.4989,83404,67815070ec5e825828d32b5e6b3a37db6aa89f046b6f7390a537494ae110c572,17.1283,17.0706,17.1793,17.1995,17.1283,16.9091
skew-indexed,default,current,1003a83830e8b12ae1cb86bdec98af3d649ae54404b59a1466ec31548b149353,2,1000000,65537,10.6083,374860,0a108eae43b1b94c348cc8775f32deb19b3fcdf8d52e3c1aea1dccf4affc60a7,4.71337,3.48005,4.71337,5.25899,5.2556,3.49474
skew-indexed,default,baseline,f9ed90d41e7bff92707a796e4677772351a23e53a6e148cf831a3feb92ae880e,2,1000000,65537,9.57011,372496,0a108eae43b1b94c348cc8775f32deb19b3fcdf8d52e3c1aea1dccf4affc60a7,8.19677,8.47789,8.19677,8.28334,8.09515,8.0018
skew-indexed,16,current,1003a83830e8b12ae1cb86bdec98af3d649ae54404b59a1466ec31548b149353,2,1000000,65537,5.51971,251916,0a108eae43b1b94c348cc8775f32deb19b3fcdf8d52e3c1aea1dccf4affc60a7,3.04306,3.12064,2.91116,3.2276,3.04306,2.79712
skew-indexed,16,baseline,f9ed90d41e7bff92707a796e4677772351a23e53a6e148cf831a3feb92ae880e,2,1000000,65537,9.69318,249656,0a108eae43b1b94c348cc8775f32deb19b3fcdf8d52e3c1aea1dccf4affc60a7,8.23569,8.2341,8.24975,9.71793,8.23569,8.14515
skew-indexed,8,current,1003a83830e8b12ae1cb86bdec98af3d649ae54404b59a1466ec31548b149353,2,1000000,65537,5.78151,169640,0a108eae43b1b94c348cc8775f32deb19b3fcdf8d52e3c1aea1dccf4affc60a7,3.38648,3.38648,3.27362,3.3721,3.47111,3.57654
skew-indexed,8,baseline,f9ed90d41e7bff92707a796e4677772351a23e53a6e148cf831a3feb92ae880e,2,1000000,65537,9.44513,167736,0a108eae43b1b94c348cc8775f32deb19b3fcdf8d52e3c1aea1dccf4affc60a7,8.07484,8.12815,8.08814,7.9734,8.07484,7.97231
skew-indexed,4,current,1003a83830e8b12ae1cb86bdec98af3d649ae54404b59a1466ec31548b149353,2,1000000,65537,8.53092,129080,0a108eae43b1b94c348cc8775f32deb19b3fcdf8d52e3c1aea1dccf4affc60a7,5.24752,5.26827,5.15887,5.16768,5.32253,5.24752
skew-indexed,4,baseline,f9ed90d41e7bff92707a796e4677772351a23e53a6e148cf831a3feb92ae880e,2,1000000,65537,9.45465,127092,0a108eae43b1b94c348cc8775f32deb19b3fcdf8d52e3c1aea1dccf4affc60a7,8.1159,8.1159,8.05085,8.01915,8.20779,8.37463
skew-indexed,2,current,1003a83830e8b12ae1cb86bdec98af3d649ae54404b59a1466ec31548b149353,2,1000000,65537,10.1543,106392,0a108eae43b1b94c348cc8775f32deb19b3fcdf8d52e3c1aea1dccf4affc60a7,7.67812,8.38077,7.74939,7.42459,7.52561,7.67812
skew-indexed,2,baseline,f9ed90d41e7bff92707a796e4677772351a23e53a6e148cf831a3feb92ae880e,2,1000000,65537,9.75891,106148,0a108eae43b1b94c348cc8775f32deb19b3fcdf8d52e3c1aea1dccf4affc60a7,7.98767,8.095,8.18517,7.98767,7.97167,7.96691
skew-indexed,1,current,1003a83830e8b12ae1cb86bdec98af3d649ae54404b59a1466ec31548b149353,2,1000000,65537,11.2461,95936,0a108eae43b1b94c348cc8775f32deb19b3fcdf8d52e3c1aea1dccf4affc60a7,9.56156,9.68513,9.55278,9.56156,9.43881,9.74646
skew-indexed,1,baseline,f9ed90d41e7bff92707a796e4677772351a23e53a6e148cf831a3feb92ae880e,2,1000000,65537,11.4574,96060,0a108eae43b1b94c348cc8775f32deb19b3fcdf8d52e3c1aea1dccf4affc60a7,9.91648,9.90991,10.4988,9.91648,9.79085,9.96663
skew,default,current,1003a83830e8b12ae1cb86bdec98af3d649ae54404b59a1466ec31548b149353,2,1000000,65537,3.08262,368152,2fda006d290f4d1ca6efe9f1a4b3d0e68f9072a6159bfb30e323d87e16fca0ac,0.725358,0.932801,0.751743,0.667414,0.713873,0.725358
skew,default,baseline,f9ed90d41e7bff92707a796e4677772351a23e53a6e148cf831a3feb92ae880e,2,1000000,65537,15.9606,858380,2fda006d290f4d1ca6efe9f1a4b3d0e68f9072a6159bfb30e323d87e16fca0ac,15.9715,15.1968,16.035,15.6615,17.5592,15.9715
skew,16,current,1003a83830e8b12ae1cb86bdec98af3d649ae54404b59a1466ec31548b149353,2,1000000,65537,2.75485,245836,2fda006d290f4d1ca6efe9f1a4b3d0e68f9072a6159bfb30e323d87e16fca0ac,0.905748,1.19899,0.988912,0.858472,0.905748,0.901816
skew,16,baseline,f9ed90d41e7bff92707a796e4677772351a23e53a6e148cf831a3feb92ae880e,2,1000000,65537,4.83814,348224,9493dd1efb9b30127aa0aa3416330a7cfc92c30c1dcf11a3fbbbd573487efcf2,4.99499,4.87338,4.7825,6.18561,4.99499,5.75221
skew,8,current,1003a83830e8b12ae1cb86bdec98af3d649ae54404b59a1466ec31548b149353,2,1000000,65537,2.29984,161892,9493dd1efb9b30127aa0aa3416330a7cfc92c30c1dcf11a3fbbbd573487efcf2,1.21501,1.26668,1.21501,1.15703,1.21473,1.22606
skew,8,baseline,f9ed90d41e7bff92707a796e4677772351a23e53a6e148cf831a3feb92ae880e,2,1000000,65537,3.02396,200744,9493dd1efb9b30127aa0aa3416330a7cfc92c30c1dcf11a3fbbbd573487efcf2,3.34912,3.34912,2.86285,3.5871,2.79196,3.35507
skew,4,current,1003a83830e8b12ae1cb86bdec98af3d649ae54404b59a1466ec31548b149353,2,1000000,65537,1.74497,116412,9493dd1efb9b30127aa0aa3416330a7cfc92c30c1dcf11a3fbbbd573487efcf2,0.701036,0.750907,0.701784,0.693906,0.701036,0.696733
skew,4,baseline,f9ed90d41e7bff92707a796e4677772351a23e53a6e148cf831a3feb92ae880e,2,1000000,65537,1.90793,126640,9493dd1efb9b30127aa0aa3416330a7cfc92c30c1dcf11a3fbbbd573487efcf2,2.15646,2.5183,1.88115,2.68351,1.82705,2.15646
skew,2,current,1003a83830e8b12ae1cb86bdec98af3d649ae54404b59a1466ec31548b149353,2,1000000,65537,1.20375,81528,9493dd1efb9b30127aa0aa3416330a7cfc92c30c1dcf11a3fbbbd573487efcf2,1.03178,1.08381,1.04424,1.02949,1.03178,1.02893
skew,2,baseline,f9ed90d41e7bff92707a796e4677772351a23e53a6e148cf831a3feb92ae880e,2,1000000,65537,3.08191,95908,9493dd1efb9b30127aa0aa3416330a7cfc92c30c1dcf11a3fbbbd573487efcf2,2.7627,2.91693,2.85481,2.7627,2.67948,2.58055
skew,1,current,1003a83830e8b12ae1cb86bdec98af3d649ae54404b59a1466ec31548b149353,2,1000000,65537,1.77172,71180,9493dd1efb9b30127aa0aa3416330a7cfc92c30c1dcf11a3fbbbd573487efcf2,1.49999,1.58452,1.52148,1.49999,1.49295,1.49935
skew,1,baseline,f9ed90d41e7bff92707a796e4677772351a23e53a6e148cf831a3feb92ae880e,2,1000000,65537,4.20997,71560,9493dd1efb9b30127aa0aa3416330a7cfc92c30c1dcf11a3fbbbd573487efcf2,4.18159,4.18159,4.74942,4.16383,4.17254,4.35291
clustered,default,current,1003a83830e8b12ae1cb86bdec98af3d649ae54404b59a1466ec31548b149353,2,1000000,125000,2.66175,369116,9226fbbc34dc78a0eb0d9731b6075244eb0d8c9daf05af27419f638bf9d95c9c,0.651319,0.767395,0.612002,0.651319,0.705555,0.601086
clustered,default,baseline,f9ed90d41e7bff92707a796e4677772351a23e53a6e148cf831a3feb92ae880e,2,1000000,125000,3.77912,534824,9226fbbc34dc78a0eb0d9731b6075244eb0d8c9daf05af27419f638bf9d95c9c,4.94647,4.22916,4.94647,5.65494,4.8107,5.0472
clustered,16,current,1003a83830e8b12ae1cb86bdec98af3d649ae54404b59a1466ec31548b149353,2,1000000,125000,2.5471,245372,9226fbbc34dc78a0eb0d9731b6075244eb0d8c9daf05af27419f638bf9d95c9c,0.730307,0.730307,0.715768,0.74333,0.743894,0.718554
clustered,16,baseline,f9ed90d41e7bff92707a796e4677772351a23e53a6e148cf831a3feb92ae880e,2,1000000,125000,3.07933,348252,9226fbbc34dc78a0eb0d9731b6075244eb0d8c9daf05af27419f638bf9d95c9c,4.02383,4.412,3.01299,4.52053,3.38778,4.02383
clustered,8,current,1003a83830e8b12ae1cb86bdec98af3d649ae54404b59a1466ec31548b149353,2,1000000,125000,2.37559,163448,9226fbbc34dc78a0eb0d9731b6075244eb0d8c9daf05af27419f638bf9d95c9c,1.15424,1.30155,1.30895,1.03326,0.993231,1.15424
clustered,8,baseline,f9ed90d41e7bff92707a796e4677772351a23e53a6e148cf831a3feb92ae880e,2,1000000,125000,2.14469,200532,9226fbbc34dc78a0eb0d9731b6075244eb0d8c9daf05af27419f638bf9d95c9c,2.24196,2.24196,1.87522,2.80015,1.8073,2.29779
clustered,4,current,1003a83830e8b12ae1cb86bdec98af3d649ae54404b59a1466ec31548b149353,2,1000000,125000,2.61763,118260,9226fbbc34dc78a0eb0d9731b6075244eb0d8c9daf05af27419f638bf9d95c9c,1.35913,1.6162,1.46666,1.35913,1.05312,0.810637
clustered,4,baseline,f9ed90d41e7bff92707a796e4677772351a23e53a6e148cf831a3feb92ae880e,2,1000000,125000,1.93285,126640,9226fbbc34dc78a0eb0d9731b6075244eb0d8c9daf05af27419f638bf9d95c9c,1.77048,1.83137,1.57425,1.96346,1.54635,1.77048
clustered,2,current,1003a83830e8b12ae1cb86bdec98af3d649ae54404b59a1466ec31548b149353,2,1000000,125000,1.60285,81852,9226fbbc34dc78a0eb0d9731b6075244eb0d8c9daf05af27419f638bf9d95c9c,1.37731,1.46751,1.37731,1.37074,1.37483,1.39262
clustered,2,baseline,f9ed90d41e7bff92707a796e4677772351a23e53a6e148cf831a3feb92ae880e,2,1000000,125000,3.79227,95900,9226fbbc34dc78a0eb0d9731b6075244eb0d8c9daf05af27419f638bf9d95c9c,2.71856,3.22328,3.91129,2.71856,2.57844,2.43948
clustered,1,current,1003a83830e8b12ae1cb86bdec98af3d649ae54404b59a1466ec31548b149353,2,1000000,125000,1.81658,71212,9226fbbc34dc78a0eb0d9731b6075244eb0d8c9daf05af27419f638bf9d95c9c,1.62605,1.76019,1.62605,1.59724,1.6082,1.69116
clustered,1,baseline,f9ed90d41e7bff92707a796e4677772351a23e53a6e148cf831a3feb92ae880e,2,1000000,125000,4.12992,70700,9226fbbc34dc78a0eb0d9731b6075244eb0d8c9daf05af27419f638bf9d95c9c,4.06086,4.09184,4.06086,4.00956,3.95091,4.14468
sparse,default,current,1003a83830e8b12ae1cb86bdec98af3d649ae54404b59a1466ec31548b149353,2,1000000,65536,6.59978,766916,01972ab0fd51c783c88722805ff688e4e3cedb929ff314dc14dcdc03d2d1c1c8,5.52047,5.83573,4.9401,6.64103,5.27614,5.52047
sparse,default,baseline,f9ed90d41e7bff92707a796e4677772351a23e53a6e148cf831a3feb92ae880e,2,1000000,65536,5.80998,770492,01972ab0fd51c783c88722805ff688e4e3cedb929ff314dc14dcdc03d2d1c1c8,5.97472,5.97472,5.59318,6.98849,5.80551,6.92121
sparse,16,current,1003a83830e8b12ae1cb86bdec98af3d649ae54404b59a1466ec31548b149353,2,1000000,65536,5.92215,475540,01972ab0fd51c783c88722805ff688e4e3cedb929ff314dc14dcdc03d2d1c1c8,5.64545,5.64545,5.98932,5.18609,5.6249,7.01903
sparse,16,baseline,f9ed90d41e7bff92707a796e4677772351a23e53a6e148cf831a3feb92ae880e,2,1000000,65536,6.59412,470908,01972ab0fd51c783c88722805ff688e4e3cedb929ff314dc14dcdc03d2d1c1c8,6.67176,6.32125,6.67176,6.02987,6.73316,7.57169
sparse,8,current,1003a83830e8b12ae1cb86bdec98af3d649ae54404b59a1466ec31548b149353,2,1000000,65536,8.51001,319560,01972ab0fd51c783c88722805ff688e4e3cedb929ff314dc14dcdc03d2d1c1c8,7.86008,7.86008,8.29283,7.68204,7.87987,7.69049
sparse,8,baseline,f9ed90d41e7bff92707a796e4677772351a23e53a6e148cf831a3feb92ae880e,2,1000000,65536,9.62928,319664,01972ab0fd51c783c88722805ff688e4e3cedb929ff314dc14dcdc03d2d1c1c8,9.1387,9.403,9.37777,8.11032,8.53899,9.1387
sparse,4,current,1003a83830e8b12ae1cb86bdec98af3d649ae54404b59a1466ec31548b149353,2,1000000,65536,14.5727,188120,01972ab0fd51c783c88722805ff688e4e3cedb929ff314dc14dcdc03d2d1c1c8,13.3995,13.7705,13.7107,13.152,13.3995,13.3732
sparse,4,baseline,f9ed90d41e7bff92707a796e4677772351a23e53a6e148cf831a3feb92ae880e,2,1000000,65536,14.6574,188148,01972ab0fd51c783c88722805ff688e4e3cedb929ff314dc14dcdc03d2d1c1c8,14.2319,14.299,14.2319,13.7065,14.4784,14.0367
sparse,2,current,1003a83830e8b12ae1cb86bdec98af3d649ae54404b59a1466ec31548b149353,2,1000000,65536,26.1094,136888,01972ab0fd51c783c88722805ff688e4e3cedb929ff314dc14dcdc03d2d1c1c8,24.9,24.8887,24.9671,24.9,25.1876,24.8638
sparse,2,baseline,f9ed90d41e7bff92707a796e4677772351a23e53a6e148cf831a3feb92ae880e,2,1000000,65536,27.1138,136792,01972ab0fd51c783c88722805ff688e4e3cedb929ff314dc14dcdc03d2d1c1c8,25.875,25.9227,25.875,25.8803,25.8443,25.6108
sparse,1,current,1003a83830e8b12ae1cb86bdec98af3d649ae54404b59a1466ec31548b149353,2,1000000,65536,50.7418,128928,01972ab0fd51c783c88722805ff688e4e3cedb929ff314dc14dcdc03d2d1c1c8,48.1325,48.1729,48.0503,48.1325,48.4093,47.779
sparse,1,baseline,f9ed90d41e7bff92707a796e4677772351a23e53a6e148cf831a3feb92ae880e,2,1000000,65536,52.427,128384,01972ab0fd51c783c88722805ff688e4e3cedb929ff314dc14dcdc03d2d1c1c8,49.0826,48.8574,49.2559,48.8095,49.119,49.0826
selected-indexed,default,current,1003a83830e8b12ae1cb86bdec98af3d649ae54404b59a1466ec31548b149353,2,1000000,166200,4.72004,379104,90c0fe8a409b8a932d9521b00fde89bd3f5abbec914a2364ae0ca74974a480c3,3.39838,3.99615,3.28053,3.3796,3.39838,3.43611
selected-indexed,default,baseline,f9ed90d41e7bff92707a796e4677772351a23e53a6e148cf831a3feb92ae880e,2,1000000,166200,8.09682,379088,90c0fe8a409b8a932d9521b00fde89bd3f5abbec914a2364ae0ca74974a480c3,6.98613,7.48775,6.90391,6.78211,7.8709,6.98613
selected-indexed,16,current,1003a83830e8b12ae1cb86bdec98af3d649ae54404b59a1466ec31548b149353,2,1000000,166200,4.74086,255788,90c0fe8a409b8a932d9521b00fde89bd3f5abbec914a2364ae0ca74974a480c3,3.58029,4.01492,3.68687,3.58029,3.3677,3.37214
selected-indexed,16,baseline,f9ed90d41e7bff92707a796e4677772351a23e53a6e148cf831a3feb92ae880e,2,1000000,166200,7.98095,255652,90c0fe8a409b8a932d9521b00fde89bd3f5abbec914a2364ae0ca74974a480c3,6.84929,7.33704,6.84929,7.36089,6.76739,6.78281
selected-indexed,8,current,1003a83830e8b12ae1cb86bdec98af3d649ae54404b59a1466ec31548b149353,2,1000000,166200,5.0736,173896,90c0fe8a409b8a932d9521b00fde89bd3f5abbec914a2364ae0ca74974a480c3,4.24202,4.72839,4.24202,3.95818,4.39201,4.09363
selected-indexed,8,baseline,f9ed90d41e7bff92707a796e4677772351a23e53a6e148cf831a3feb92ae880e,2,1000000,166200,8.30556,174180,90c0fe8a409b8a932d9521b00fde89bd3f5abbec914a2364ae0ca74974a480c3,7.0829,7.76715,7.20897,6.97738,7.08208,7.0829
selected-indexed,4,current,1003a83830e8b12ae1cb86bdec98af3d649ae54404b59a1466ec31548b149353,2,1000000,166200,6.25852,133024,90c0fe8a409b8a932d9521b00fde89bd3f5abbec914a2364ae0ca74974a480c3,5.69107,6.01558,5.02669,5.74792,5.69107,4.91047
selected-indexed,4,baseline,f9ed90d41e7bff92707a796e4677772351a23e53a6e148cf831a3feb92ae880e,2,1000000,166200,8.51019,133056,90c0fe8a409b8a932d9521b00fde89bd3f5abbec914a2364ae0ca74974a480c3,7.2953,7.68198,7.2953,7.27383,7.15291,7.43618
selected-indexed,2,current,1003a83830e8b12ae1cb86bdec98af3d649ae54404b59a1466ec31548b149353,2,1000000,166200,8.04807,112212,90c0fe8a409b8a932d9521b00fde89bd3f5abbec914a2364ae0ca74974a480c3,6.81745,7.13226,7.02485,6.81745,6.79999,6.67339
selected-indexed,2,baseline,f9ed90d41e7bff92707a796e4677772351a23e53a6e148cf831a3feb92ae880e,2,1000000,166200,9.14508,112560,90c0fe8a409b8a932d9521b00fde89bd3f5abbec914a2364ae0ca74974a480c3,8.13637,8.84,7.90278,8.08371,8.13637,8.46842
selected-indexed,1,current,1003a83830e8b12ae1cb86bdec98af3d649ae54404b59a1466ec31548b149353,2,1000000,166200,8.47689,102228,90c0fe8a409b8a932d9521b00fde89bd3f5abbec914a2364ae0ca74974a480c3,7.17894,7.57556,6.96495,7.17894,7.07462,7.37246
selected-indexed,1,baseline,f9ed90d41e7bff92707a796e4677772351a23e53a6e148cf831a3feb92ae880e,2,1000000,166200,10.516,102228,90c0fe8a409b8a932d9521b00fde89bd3f5abbec914a2364ae0ca74974a480c3,9.45375,9.73797,9.28764,9.45375,8.93462,9.61504
selected,default,current,1003a83830e8b12ae1cb86bdec98af3d649ae54404b59a1466ec31548b149353,2,1000000,65536,1.34957,358900,8522e3c9de155d55f5248f18156623a96083744742ecf5754c6432bd416e0da2,0.967615,1.00588,0.950659,0.858469,0.967615,1.04619
selected,default,baseline,f9ed90d41e7bff92707a796e4677772351a23e53a6e148cf831a3feb92ae880e,2,1000000,65536,2.49479,399456,8522e3c9de155d55f5248f18156623a96083744742ecf5754c6432bd416e0da2,2.57681,2.53811,2.57681,2.43092,3.54165,2.68204
selected,16,current,1003a83830e8b12ae1cb86bdec98af3d649ae54404b59a1466ec31548b149353,2,1000000,65536,1.32136,235024,8522e3c9de155d55f5248f18156623a96083744742ecf5754c6432bd416e0da2,0.992912,1.01261,0.992912,0.964559,0.998022,0.984845
selected,16,baseline,f9ed90d41e7bff92707a796e4677772351a23e53a6e148cf831a3feb92ae880e,2,1000000,65536,2.25417,296896,8522e3c9de155d55f5248f18156623a96083744742ecf5754c6432bd416e0da2,2.64517,2.91343,2.85459,2.49826,2.51755,2.64517
selected,8,current,1003a83830e8b12ae1cb86bdec98af3d649ae54404b59a1466ec31548b149353,2,1000000,65536,1.4187,153984,8522e3c9de155d55f5248f18156623a96083744742ecf5754c6432bd416e0da2,1.16448,1.17725,1.15757,1.16448,1.15414,1.1737
selected,8,baseline,f9ed90d41e7bff92707a796e4677772351a23e53a6e148cf831a3feb92ae880e,2,1000000,65536,2.49937,223036,8522e3c9de155d55f5248f18156623a96083744742ecf5754c6432bd416e0da2,2.58257,2.57337,2.58257,2.67377,2.66252,2.38679
selected,4,current,1003a83830e8b12ae1cb86bdec98af3d649ae54404b59a1466ec31548b149353,2,1000000,65536,2.09059,112592,8522e3c9de155d55f5248f18156623a96083744742ecf5754c6432bd416e0da2,1.72623,1.68352,1.72623,1.80194,1.75437,1.69275
selected,4,baseline,f9ed90d41e7bff92707a796e4677772351a23e53a6e148cf831a3feb92ae880e,2,1000000,65536,3.14204,150844,8522e3c9de155d55f5248f18156623a96083744742ecf5754c6432bd416e0da2,2.65103,2.74288,2.51961,2.38819,2.76447,2.65103
selected,2,current,1003a83830e8b12ae1cb86bdec98af3d649ae54404b59a1466ec31548b149353,2,1000000,65536,3.41594,91800,8522e3c9de155d55f5248f18156623a96083744742ecf5754c6432bd416e0da2,2.99503,3.06141,3.0032,2.99503,2.24804,2.32387
selected,2,baseline,f9ed90d41e7bff92707a796e4677772351a23e53a6e148cf831a3feb92ae880e,2,1000000,65536,3.60234,102320,8522e3c9de155d55f5248f18156623a96083744742ecf5754c6432bd416e0da2,3.39645,3.39645,3.48756,3.26686,3.58612,3.38779
selected,1,current,1003a83830e8b12ae1cb86bdec98af3d649ae54404b59a1466ec31548b149353,2,1000000,65536,3.83971,71552,8522e3c9de155d55f5248f18156623a96083744742ecf5754c6432bd416e0da2,3.4662,3.4662,3.62687,3.53078,3.39727,3.38004
selected,1,baseline,f9ed90d41e7bff92707a796e4677772351a23e53a6e148cf831a3feb92ae880e,2,1000000,65536,5.45002,71256,8522e3c9de155d55f5248f18156623a96083744742ecf5754c6432bd416e0da2,5.01581,4.98943,5.15456,5.04322,5.01581,4.98757
composite,default,current,1003a83830e8b12ae1cb86bdec98af3d649ae54404b59a1466ec31548b149353,2,1000000,458752,8.09947,407732,89e28455f2fc78110cb132870bf7c66b4c81609c003a643a742f2a50c43ee976,2.11917,3.94643,2.26656,2.11917,1.99519,1.98939
composite,default,baseline,f9ed90d41e7bff92707a796e4677772351a23e53a6e148cf831a3feb92ae880e,2,1000000,458752,15.85,628680,89e28455f2fc78110cb132870bf7c66b4c81609c003a643a742f2a50c43ee976,13.9814,15.5142,13.9814,11.1318,16.7959,13.8996
composite,16,current,1003a83830e8b12ae1cb86bdec98af3d649ae54404b59a1466ec31548b149353,2,1000000,458752,5.83202,284568,89e28455f2fc78110cb132870bf7c66b4c81609c003a643a742f2a50c43ee976,2.8223,4.00263,2.97901,2.8223,2.70173,2.60765
composite,16,baseline,f9ed90d41e7bff92707a796e4677772351a23e53a6e148cf831a3feb92ae880e,2,1000000,458752,14.438,406924,89e28455f2fc78110cb132870bf7c66b4c81609c003a643a742f2a50c43ee976,13.3232,12.9816,11.9986,13.3232,13.923,13.3808
composite,8,current,1003a83830e8b12ae1cb86bdec98af3d649ae54404b59a1466ec31548b149353,2,1000000,458752,6.5492,202568,89e28455f2fc78110cb132870bf7c66b4c81609c003a643a742f2a50c43ee976,3.59671,4.96585,3.99719,3.59671,3.38557,3.40401
composite,8,baseline,f9ed90d41e7bff92707a796e4677772351a23e53a6e148cf831a3feb92ae880e,2,1000000,458752,18.3378,288672,89e28455f2fc78110cb132870bf7c66b4c81609c003a643a742f2a50c43ee976,12.7104,14.865,15.1505,12.7104,12.1275,11.4221
composite,4,current,1003a83830e8b12ae1cb86bdec98af3d649ae54404b59a1466ec31548b149353,2,1000000,458752,10.2996,161792,89e28455f2fc78110cb132870bf7c66b4c81609c003a643a742f2a50c43ee976,7.25574,8.21523,7.25574,7.30225,6.19413,6.00061
composite,4,baseline,f9ed90d41e7bff92707a796e4677772351a23e53a6e148cf831a3feb92ae880e,2,1000000,458752,18.9278,198428,89e28455f2fc78110cb132870bf7c66b4c81609c003a643a742f2a50c43ee976,14.4514,14.2482,14.0889,15.0735,14.4514,14.5895
composite,2,current,1003a83830e8b12ae1cb86bdec98af3d649ae54404b59a1466ec31548b149353,2,1000000,458752,12.0937,140944,89e28455f2fc78110cb132870bf7c66b4c81609c003a643a742f2a50c43ee976,9.94601,9.98792,9.96081,9.94601,9.92929,9.87944
composite,2,baseline,f9ed90d41e7bff92707a796e4677772351a23e53a6e148cf831a3feb92ae880e,2,1000000,458752,20.7051,153304,89e28455f2fc78110cb132870bf7c66b4c81609c003a643a742f2a50c43ee976,17.9414,17.9414,17.1428,18.3119,18.286,17.7039
composite,1,current,1003a83830e8b12ae1cb86bdec98af3d649ae54404b59a1466ec31548b149353,2,1000000,458752,15.2645,137112,89e28455f2fc78110cb132870bf7c66b4c81609c003a643a742f2a50c43ee976,11.4023,11.6423,11.3483,11.4023,11.2532,11.9461
composite,1,baseline,f9ed90d41e7bff92707a796e4677772351a23e53a6e148cf831a3feb92ae880e,2,1000000,458752,28.1179,130424,89e28455f2fc78110cb132870bf7c66b4c81609c003a643a742f2a50c43ee976,24.7237,25.2433,24.3534,24.7237,24.7757,24.1725
distinct,default,current,1003a83830e8b12ae1cb86bdec98af3d649ae54404b59a1466ec31548b149353,2,1000000,65536,4.54016,541212,67457a1d5b29926989e3244d85a4cf3b2f8a21363195d6a2759f4bbe298cb663,4.51697,3.63494,4.51697,4.64513,3.90292,4.95391
distinct,default,baseline,f9ed90d41e7bff92707a796e4677772351a23e53a6e148cf831a3feb92ae880e,2,1000000,65536,21.5251,871496,67457a1d5b29926989e3244d85a4cf3b2f8a21363195d6a2759f4bbe298cb663,12.7154,18.2358,13.0839,11.7321,12.7154,11.8332
distinct,16,current,1003a83830e8b12ae1cb86bdec98af3d649ae54404b59a1466ec31548b149353,2,1000000,65536,5.10982,413820,67457a1d5b29926989e3244d85a4cf3b2f8a21363195d6a2759f4bbe298cb663,4.79417,5.00398,4.79417,4.15206,4.90262,4.78954
distinct,16,baseline,f9ed90d41e7bff92707a796e4677772351a23e53a6e148cf831a3feb92ae880e,2,1000000,65536,11.8043,574304,67457a1d5b29926989e3244d85a4cf3b2f8a21363195d6a2759f4bbe298cb663,14.1603,14.1603,13.7117,15.1974,16.6525,12.4917
distinct,8,current,1003a83830e8b12ae1cb86bdec98af3d649ae54404b59a1466ec31548b149353,2,1000000,65536,6.94185,325932,67457a1d5b29926989e3244d85a4cf3b2f8a21363195d6a2759f4bbe298cb663,5.89978,5.88237,5.89978,5.84314,6.50505,6.84647
distinct,8,baseline,f9ed90d41e7bff92707a796e4677772351a23e53a6e148cf831a3feb92ae880e,2,1000000,65536,14.5872,318328,67457a1d5b29926989e3244d85a4cf3b2f8a21363195d6a2759f4bbe298cb663,10.983,13.3426,11.1413,10.7994,10.983,10.8002
distinct,4,current,1003a83830e8b12ae1cb86bdec98af3d649ae54404b59a1466ec31548b149353,2,1000000,65536,12.3263,200596,67457a1d5b29926989e3244d85a4cf3b2f8a21363195d6a2759f4bbe298cb663,8.63684,9.68538,8.84069,8.60392,8.58203,8.63684
distinct,4,baseline,f9ed90d41e7bff92707a796e4677772351a23e53a6e148cf831a3feb92ae880e,2,1000000,65536,16.4544,189456,67457a1d5b29926989e3244d85a4cf3b2f8a21363195d6a2759f4bbe298cb663,14.1693,14.475,14.1693,13.6898,14.1902,13.7325
distinct,2,current,1003a83830e8b12ae1cb86bdec98af3d649ae54404b59a1466ec31548b149353,2,1000000,65536,20.641,151460,67457a1d5b29926989e3244d85a4cf3b2f8a21363195d6a2759f4bbe298cb663,18.0085,18.0085,18.3607,22.5797,17.726,17.013
distinct,2,baseline,f9ed90d41e7bff92707a796e4677772351a23e53a6e148cf831a3feb92ae880e,2,1000000,65536,25.3826,197708,67457a1d5b29926989e3244d85a4cf3b2f8a21363195d6a2759f4bbe298cb663,22.0173,20.4909,22.8686,22.6652,20.2675,22.0173
distinct,1,current,1003a83830e8b12ae1cb86bdec98af3d649ae54404b59a1466ec31548b149353,2,1000000,65536,51.8757,202328,67457a1d5b29926989e3244d85a4cf3b2f8a21363195d6a2759f4bbe298cb663,46.6439,45.7679,46.9184,53.921,46.5784,46.6439
distinct,1,baseline,f9ed90d41e7bff92707a796e4677772351a23e53a6e148cf831a3feb92ae880e,2,1000000,65536,60.1221,202120,67457a1d5b29926989e3244d85a4cf3b2f8a21363195d6a2759f4bbe298cb663,65.0266,61.8933,65.3039,67.1745,63.4775,65.0266
mixed,default,current,1003a83830e8b12ae1cb86bdec98af3d649ae54404b59a1466ec31548b149353,2,1000000,65536,5.62206,375296,88f62d709a6c9e8fd94118a587ce18e4e3b0188981ffac364e434f9756015ca4,2.39691,3.59433,2.33875,2.35587,2.42959,2.39691
mixed,default,baseline,f9ed90d41e7bff92707a796e4677772351a23e53a6e148cf831a3feb92ae880e,2,1000000,65536,9.91131,375016,88f62d709a6c9e8fd94118a587ce18e4e3b0188981ffac364e434f9756015ca4,8.76293,8.90196,8.45999,8.76293,8.94383,8.40338
mixed,16,current,1003a83830e8b12ae1cb86bdec98af3d649ae54404b59a1466ec31548b149353,2,1000000,65536,5.81738,251552,88f62d709a6c9e8fd94118a587ce18e4e3b0188981ffac364e434f9756015ca4,3.18613,3.63062,3.11166,3.26821,3.02465,3.18613
mixed,16,baseline,f9ed90d41e7bff92707a796e4677772351a23e53a6e148cf831a3feb92ae880e,2,1000000,65536,10.6374,251460,88f62d709a6c9e8fd94118a587ce18e4e3b0188981ffac364e434f9756015ca4,9.53252,9.59082,9.21742,9.53252,8.90805,9.88826
mixed,8,current,1003a83830e8b12ae1cb86bdec98af3d649ae54404b59a1466ec31548b149353,2,1000000,65536,6.56724,169420,88f62d709a6c9e8fd94118a587ce18e4e3b0188981ffac364e434f9756015ca4,4.19372,5.28892,5.3063,4.1132,4.19372,3.80469
mixed,8,baseline,f9ed90d41e7bff92707a796e4677772351a23e53a6e148cf831a3feb92ae880e,2,1000000,65536,9.89705,169684,88f62d709a6c9e8fd94118a587ce18e4e3b0188981ffac364e434f9756015ca4,8.16653,8.66157,8.16653,8.14384,8.03247,8.24166
mixed,4,current,1003a83830e8b12ae1cb86bdec98af3d649ae54404b59a1466ec31548b149353,2,1000000,65536,6.68952,128996,88f62d709a6c9e8fd94118a587ce18e4e3b0188981ffac364e434f9756015ca4,5.59224,5.72922,5.51411,5.9169,5.5473,5.59224
mixed,4,baseline,f9ed90d41e7bff92707a796e4677772351a23e53a6e148cf831a3feb92ae880e,2,1000000,65536,10.0216,128984,88f62d709a6c9e8fd94118a587ce18e4e3b0188981ffac364e434f9756015ca4,8.5155,8.97608,9.03149,8.5155,8.44275,8.48087
mixed,2,current,1003a83830e8b12ae1cb86bdec98af3d649ae54404b59a1466ec31548b149353,2,1000000,65536,10.249,108460,88f62d709a6c9e8fd94118a587ce18e4e3b0188981ffac364e434f9756015ca4,8.63315,8.63315,8.74266,8.33704,8.78502,8.15964
mixed,2,baseline,f9ed90d41e7bff92707a796e4677772351a23e53a6e148cf831a3feb92ae880e,2,1000000,65536,12.464,108192,88f62d709a6c9e8fd94118a587ce18e4e3b0188981ffac364e434f9756015ca4,9.90548,12.1083,11.3857,9.48726,9.90548,9.53676
mixed,1,current,1003a83830e8b12ae1cb86bdec98af3d649ae54404b59a1466ec31548b149353,2,1000000,65536,11.9352,97956,88f62d709a6c9e8fd94118a587ce18e4e3b0188981ffac364e434f9756015ca4,10.4561,10.6928,10.4632,10.4561,10.0538,10.3292
mixed,1,baseline,f9ed90d41e7bff92707a796e4677772351a23e53a6e148cf831a3feb92ae880e,2,1000000,65536,13.0948,98208,88f62d709a6c9e8fd94118a587ce18e4e3b0188981ffac364e434f9756015ca4,11.4894,11.8809,11.4894,11.6445,11.2959,11.1359
first-last,default,current,1003a83830e8b12ae1cb86bdec98af3d649ae54404b59a1466ec31548b149353,2,1000000,65536,4.84119,374996,abe8fdad86ed848fb271761af768db6a441a0d0a35552758f7baf58991b5d51c,1.73831,2.9239,1.73831,1.73196,1.77345,1.64261
first-last,default,baseline,f9ed90d41e7bff92707a796e4677772351a23e53a6e148cf831a3feb92ae880e,2,1000000,65536,10.9762,368868,abe8fdad86ed848fb271761af768db6a441a0d0a35552758f7baf58991b5d51c,9.79223,9.85424,9.67403,9.59329,10.0393,9.79223
first-last,16,current,1003a83830e8b12ae1cb86bdec98af3d649ae54404b59a1466ec31548b149353,2,1000000,65536,4.2632,252024,abe8fdad86ed848fb271761af768db6a441a0d0a35552758f7baf58991b5d51c,2.29957,2.70859,2.29957,2.13695,2.42436,2.11422
first-last,16,baseline,f9ed90d41e7bff92707a796e4677772351a23e53a6e148cf831a3feb92ae880e,2,1000000,65536,11.5219,245820,abe8fdad86ed848fb271761af768db6a441a0d0a35552758f7baf58991b5d51c,9.7397,10.2264,9.52568,9.7397,9.59296,10.1261
first-last,8,current,1003a83830e8b12ae1cb86bdec98af3d649ae54404b59a1466ec31548b149353,2,1000000,65536,4.00039,169756,abe8fdad86ed848fb271761af768db6a441a0d0a35552758f7baf58991b5d51c,2.80826,2.75559,2.85507,2.62721,2.83073,2.80826
first-last,8,baseline,f9ed90d41e7bff92707a796e4677772351a23e53a6e148cf831a3feb92ae880e,2,1000000,65536,11.1008,163672,abe8fdad86ed848fb271761af768db6a441a0d0a35552758f7baf58991b5d51c,9.89955,10.0775,9.89955,10.1077,9.7359,9.53899
first-last,4,current,1003a83830e8b12ae1cb86bdec98af3d649ae54404b59a1466ec31548b149353,2,1000000,65536,5.00619,128608,abe8fdad86ed848fb271761af768db6a441a0d0a35552758f7baf58991b5d51c,3.89115,3.92095,3.89115,3.90688,3.87792,3.7814
first-last,4,baseline,f9ed90d41e7bff92707a796e4677772351a23e53a6e148cf831a3feb92ae880e,2,1000000,65536,11.0356,122364,abe8fdad86ed848fb271761af768db6a441a0d0a35552758f7baf58991b5d51c,9.73837,9.86271,10.166,9.63435,9.73837,9.60889
first-last,2,current,1003a83830e8b12ae1cb86bdec98af3d649ae54404b59a1466ec31548b149353,2,1000000,65536,8.70963,102096,abe8fdad86ed848fb271761af768db6a441a0d0a35552758f7baf58991b5d51c,4.93795,5.06517,5.1684,4.85304,4.74799,4.93795
first-last,2,baseline,f9ed90d41e7bff92707a796e4677772351a23e53a6e148cf831a3feb92ae880e,2,1000000,65536,11.2701,101828,abe8fdad86ed848fb271761af768db6a441a0d0a35552758f7baf58991b5d51c,10.174,10.174,9.70986,10.1779,10.528,9.57707
first-last,1,current,1003a83830e8b12ae1cb86bdec98af3d649ae54404b59a1466ec31548b149353,2,1000000,65536,6.60903,91808,abe8fdad86ed848fb271761af768db6a441a0d0a35552758f7baf58991b5d51c,5.21215,5.55195,5.21215,5.11864,5.468,5.10579
first-last,1,baseline,f9ed90d41e7bff92707a796e4677772351a23e53a6e148cf831a3feb92ae880e,2,1000000,65536,11.0288,91508,abe8fdad86ed848fb271761af768db6a441a0d0a35552758f7baf58991b5d51c,9.85053,9.92692,9.9003,9.39089,9.85053,9.46867
top-bottom,default,current,1003a83830e8b12ae1cb86bdec98af3d649ae54404b59a1466ec31548b149353,2,1000000,65536,7.31707,380932,74a7c372ed0f9913a9decfb2db436f7a96b0248f39c0b065fc40b7130ff4b0fc,4.43491,4.22939,4.43491,5.34729,4.18389,4.47728
top-bottom,default,baseline,f9ed90d41e7bff92707a796e4677772351a23e53a6e148cf831a3feb92ae880e,2,1000000,65536,10.3461,381408,74a7c372ed0f9913a9decfb2db436f7a96b0248f39c0b065fc40b7130ff4b0fc,8.87715,9.37676,8.87715,9.29447,8.83777,8.86471
top-bottom,16,current,1003a83830e8b12ae1cb86bdec98af3d649ae54404b59a1466ec31548b149353,2,1000000,65536,6.87216,258184,74a7c372ed0f9913a9decfb2db436f7a96b0248f39c0b065fc40b7130ff4b0fc,5.07571,5.15529,4.87027,5.80514,5.07571,4.71413
top-bottom,16,baseline,f9ed90d41e7bff92707a796e4677772351a23e53a6e148cf831a3feb92ae880e,2,1000000,65536,10.2523,257508,74a7c372ed0f9913a9decfb2db436f7a96b0248f39c0b065fc40b7130ff4b0fc,8.92543,10.0475,9.29022,8.75729,8.90672,8.92543
top-bottom,8,current,1003a83830e8b12ae1cb86bdec98af3d649ae54404b59a1466ec31548b149353,2,1000000,65536,8.09414,175568,74a7c372ed0f9913a9decfb2db436f7a96b0248f39c0b065fc40b7130ff4b0fc,6.24956,6.72716,6.24956,6.52159,5.72037,5.71026
top-bottom,8,baseline,f9ed90d41e7bff92707a796e4677772351a23e53a6e148cf831a3feb92ae880e,2,1000000,65536,10.3731,176196,74a7c372ed0f9913a9decfb2db436f7a96b0248f39c0b065fc40b7130ff4b0fc,8.72913,10.3173,8.92493,8.38063,8.72913,8.49426
top-bottom,4,current,1003a83830e8b12ae1cb86bdec98af3d649ae54404b59a1466ec31548b149353,2,1000000,65536,9.02819,135136,74a7c372ed0f9913a9decfb2db436f7a96b0248f39c0b065fc40b7130ff4b0fc,8.36305,8.36305,8.57733,8.65868,7.81342,7.99408
top-bottom,4,baseline,f9ed90d41e7bff92707a796e4677772351a23e53a6e148cf831a3feb92ae880e,2,1000000,65536,10.7378,135380,74a7c372ed0f9913a9decfb2db436f7a96b0248f39c0b065fc40b7130ff4b0fc,9.24068,10.6762,9.46029,8.84124,8.85347,9.24068
top-bottom,2,current,1003a83830e8b12ae1cb86bdec98af3d649ae54404b59a1466ec31548b149353,2,1000000,65536,12.0289,114456,74a7c372ed0f9913a9decfb2db436f7a96b0248f39c0b065fc40b7130ff4b0fc,11.4129,11.4777,11.1685,11.4129,11.7297,10.7369
top-bottom,2,baseline,f9ed90d41e7bff92707a796e4677772351a23e53a6e148cf831a3feb92ae880e,2,1000000,65536,12.0317,114380,74a7c372ed0f9913a9decfb2db436f7a96b0248f39c0b065fc40b7130ff4b0fc,11.9175,11.9191,11.9977,11.9175,11.4684,10.9422
top-bottom,1,current,1003a83830e8b12ae1cb86bdec98af3d649ae54404b59a1466ec31548b149353,2,1000000,65536,16.0986,104320,74a7c372ed0f9913a9decfb2db436f7a96b0248f39c0b065fc40b7130ff4b0fc,15.6211,16.3058,15.9047,15.6211,15.341,14.3958
top-bottom,1,baseline,f9ed90d41e7bff92707a796e4677772351a23e53a6e148cf831a3feb92ae880e,2,1000000,65536,16.155,104076,74a7c372ed0f9913a9decfb2db436f7a96b0248f39c0b065fc40b7130ff4b0fc,14.8611,15.819,15.0866,14.8611,14.7592,14.8558
mode,default,current,1003a83830e8b12ae1cb86bdec98af3d649ae54404b59a1466ec31548b149353,2,1000000,65536,5.71451,374572,079dae3cfbf4364a968d4cd8d501466115acff0d63e052acf45f638867a9e471,2.23944,3.48196,2.31784,2.0973,2.23944,2.13492
mode,default,baseline,f9ed90d41e7bff92707a796e4677772351a23e53a6e148cf831a3feb92ae880e,2,1000000,65536,8.01364,368424,079dae3cfbf4364a968d4cd8d501466115acff0d63e052acf45f638867a9e471,6.94528,6.88762,6.95285,6.75859,6.94528,7.02072
mode,16,current,1003a83830e8b12ae1cb86bdec98af3d649ae54404b59a1466ec31548b149353,2,1000000,65536,4.60352,251608,079dae3cfbf4364a968d4cd8d501466115acff0d63e052acf45f638867a9e471,3.0729,3.31049,3.0729,3.28142,2.84551,2.88455
mode,16,baseline,f9ed90d41e7bff92707a796e4677772351a23e53a6e148cf831a3feb92ae880e,2,1000000,65536,8.51642,245244,079dae3cfbf4364a968d4cd8d501466115acff0d63e052acf45f638867a9e471,7.34901,7.35795,6.51482,7.55824,6.74686,7.34901
mode,8,current,1003a83830e8b12ae1cb86bdec98af3d649ae54404b59a1466ec31548b149353,2,1000000,65536,6.25398,170096,079dae3cfbf4364a968d4cd8d501466115acff0d63e052acf45f638867a9e471,4.64923,5.07012,4.77405,4.64923,4.43385,4.43518
mode,8,baseline,f9ed90d41e7bff92707a796e4677772351a23e53a6e148cf831a3feb92ae880e,2,1000000,65536,8.05897,163768,079dae3cfbf4364a968d4cd8d501466115acff0d63e052acf45f638867a9e471,6.95263,7.10525,7.08464,6.67489,6.95263,6.69127
mode,4,current,1003a83830e8b12ae1cb86bdec98af3d649ae54404b59a1466ec31548b149353,2,1000000,65536,7.63022,129128,079dae3cfbf4364a968d4cd8d501466115acff0d63e052acf45f638867a9e471,6.32469,6.32469,6.57744,6.69177,5.89438,6.18471
mode,4,baseline,f9ed90d41e7bff92707a796e4677772351a23e53a6e148cf831a3feb92ae880e,2,1000000,65536,8.78904,122552,079dae3cfbf4364a968d4cd8d501466115acff0d63e052acf45f638867a9e471,7.28926,7.40124,7.36071,7.24954,7.28926,7.08548
mode,2,current,1003a83830e8b12ae1cb86bdec98af3d649ae54404b59a1466ec31548b149353,2,1000000,65536,10.5736,102024,079dae3cfbf4364a968d4cd8d501466115acff0d63e052acf45f638867a9e471,9.27414,9.38319,9.29343,8.58878,9.27414,8.91766
mode,2,baseline,f9ed90d41e7bff92707a796e4677772351a23e53a6e148cf831a3feb92ae880e,2,1000000,65536,10.7935,101828,079dae3cfbf4364a968d4cd8d501466115acff0d63e052acf45f638867a9e471,9.9706,10.4738,9.56113,9.64168,9.9706,10.0277
mode,1,current,1003a83830e8b12ae1cb86bdec98af3d649ae54404b59a1466ec31548b149353,2,1000000,65536,14.309,91860,079dae3cfbf4364a968d4cd8d501466115acff0d63e052acf45f638867a9e471,13.6757,14.329,12.5551,13.6362,13.6757,13.966
mode,1,baseline,f9ed90d41e7bff92707a796e4677772351a23e53a6e148cf831a3feb92ae880e,2,1000000,65536,15.4251,91780,079dae3cfbf4364a968d4cd8d501466115acff0d63e052acf45f638867a9e471,14.3276,15.0839,14.1373,14.3276,13.9689,14.6474
quantile,default,current,1003a83830e8b12ae1cb86bdec98af3d649ae54404b59a1466ec31548b149353,2,1000000,65536,5.07145,375288,96a79df3576987f2fa9ad0dff274338b7a859ebe99538ac3fa57ad32179b7165,1.91313,3.2638,1.90899,1.91313,1.90819,2.01198
quantile,default,baseline,f9ed90d41e7bff92707a796e4677772351a23e53a6e148cf831a3feb92ae880e,2,1000000,65536,7.26129,375124,96a79df3576987f2fa9ad0dff274338b7a859ebe99538ac3fa57ad32179b7165,6.11016,6.43682,5.66927,6.11016,6.16337,6.04624
quantile,16,current,1003a83830e8b12ae1cb86bdec98af3d649ae54404b59a1466ec31548b149353,2,1000000,65536,4.32685,251504,96a79df3576987f2fa9ad0dff274338b7a859ebe99538ac3fa57ad32179b7165,2.54399,2.98285,2.68353,2.54399,2.4026,2.37656
quantile,16,baseline,f9ed90d41e7bff92707a796e4677772351a23e53a6e148cf831a3feb92ae880e,2,1000000,65536,7.62052,251608,96a79df3576987f2fa9ad0dff274338b7a859ebe99538ac3fa57ad32179b7165,6.36227,6.94519,6.36871,6.19867,6.1241,6.36227
quantile,8,current,1003a83830e8b12ae1cb86bdec98af3d649ae54404b59a1466ec31548b149353,2,1000000,65536,4.13021,169920,96a79df3576987f2fa9ad0dff274338b7a859ebe99538ac3fa57ad32179b7165,3.32266,3.32678,3.37387,3.1921,3.17036,3.32266
quantile,8,baseline,f9ed90d41e7bff92707a796e4677772351a23e53a6e148cf831a3feb92ae880e,2,1000000,65536,7.37716,169436,96a79df3576987f2fa9ad0dff274338b7a859ebe99538ac3fa57ad32179b7165,6.08637,6.17483,6.08637,6.25368,5.66742,5.60655
quantile,4,current,1003a83830e8b12ae1cb86bdec98af3d649ae54404b59a1466ec31548b149353,2,1000000,65536,6.80635,128988,96a79df3576987f2fa9ad0dff274338b7a859ebe99538ac3fa57ad32179b7165,4.82602,5.08931,4.80275,4.82021,4.84662,4.82602
quantile,4,baseline,f9ed90d41e7bff92707a796e4677772351a23e53a6e148cf831a3feb92ae880e,2,1000000,65536,7.26203,129144,96a79df3576987f2fa9ad0dff274338b7a859ebe99538ac3fa57ad32179b7165,6.12741,6.12741,6.27726,6.39966,6.05127,6.03018
quantile,2,current,1003a83830e8b12ae1cb86bdec98af3d649ae54404b59a1466ec31548b149353,2,1000000,65536,8.68974,108604,96a79df3576987f2fa9ad0dff274338b7a859ebe99538ac3fa57ad32179b7165,7.29838,7.36488,7.29838,7.34771,7.20357,7.01206
quantile,2,baseline,f9ed90d41e7bff92707a796e4677772351a23e53a6e148cf831a3feb92ae880e,2,1000000,65536,8.39108,108716,96a79df3576987f2fa9ad0dff274338b7a859ebe99538ac3fa57ad32179b7165,7.0466,7.28552,7.0466,6.83345,6.89185,7.0853
quantile,1,current,1003a83830e8b12ae1cb86bdec98af3d649ae54404b59a1466ec31548b149353,2,1000000,65536,11.3865,98192,96a79df3576987f2fa9ad0dff274338b7a859ebe99538ac3fa57ad32179b7165,9.40562,9.52272,9.28828,9.40562,9.69792,9.16433
quantile,1,baseline,f9ed90d41e7bff92707a796e4677772351a23e53a6e148cf831a3feb92ae880e,2,1000000,65536,10.6932,98148,96a79df3576987f2fa9ad0dff274338b7a859ebe99538ac3fa57ad32179b7165,9.02098,9.55469,9.09483,8.89676,9.02098,8.92256
median,default,current,1003a83830e8b12ae1cb86bdec98af3d649ae54404b59a1466ec31548b149353,2,1000000,65536,5.3917,374764,315c2bcea545f0cbf21d3803a7f79fb249382fba46b012cf56b181d933d7337d,2.15328,3.31445,2.32564,2.15328,2.05407,2.10179
median,default,baseline,f9ed90d41e7bff92707a796e4677772351a23e53a6e148cf831a3feb92ae880e,2,1000000,65536,7.50485,374324,315c2bcea545f0cbf21d3803a7f79fb249382fba46b012cf56b181d933d7337d,7.67243,9.89522,7.67243,8.80414,6.33963,5.81914
median,16,current,1003a83830e8b12ae1cb86bdec98af3d649ae54404b59a1466ec31548b149353,2,1000000,65536,4.20977,251756,315c2bcea545f0cbf21d3803a7f79fb249382fba46b012cf56b181d933d7337d,2.70634,3.11541,2.70634,2.54216,2.73107,2.64816
median,16,baseline,f9ed90d41e7bff92707a796e4677772351a23e53a6e148cf831a3feb92ae880e,2,1000000,65536,7.45873,251404,315c2bcea545f0cbf21d3803a7f79fb249382fba46b012cf56b181d933d7337d,6.1368,6.65073,6.64796,6.06524,6.1368,6.08354
median,8,current,1003a83830e8b12ae1cb86bdec98af3d649ae54404b59a1466ec31548b149353,2,1000000,65536,3.95813,169108,315c2bcea545f0cbf21d3803a7f79fb249382fba46b012cf56b181d933d7337d,2.96109,2.78687,2.64981,2.96109,3.55632,4.36741
median,8,baseline,f9ed90d41e7bff92707a796e4677772351a23e53a6e148cf831a3feb92ae880e,2,1000000,65536,6.94981,170180,315c2bcea545f0cbf21d3803a7f79fb249382fba46b012cf56b181d933d7337d,6.14112,6.42135,5.97819,6.15376,6.14112,5.80425
median,4,current,1003a83830e8b12ae1cb86bdec98af3d649ae54404b59a1466ec31548b149353,2,1000000,65536,5.97627,128796,315c2bcea545f0cbf21d3803a7f79fb249382fba46b012cf56b181d933d7337d,4.79373,5.0143,4.7026,4.79373,4.93503,4.69965
median,4,baseline,f9ed90d41e7bff92707a796e4677772351a23e53a6e148cf831a3feb92ae880e,2,1000000,65536,7.96551,128936,315c2bcea545f0cbf21d3803a7f79fb249382fba46b012cf56b181d933d7337d,6.30041,6.65859,6.54584,6.24646,6.05916,6.30041
median,2,current,1003a83830e8b12ae1cb86bdec98af3d649ae54404b59a1466ec31548b149353,2,1000000,65536,9.04538,108368,315c2bcea545f0cbf21d3803a7f79fb249382fba46b012cf56b181d933d7337d,7.49081,8.48638,8.13322,7.49081,6.91149,6.67129
median,2,baseline,f9ed90d41e7bff92707a796e4677772351a23e53a6e148cf831a3feb92ae880e,2,1000000,65536,8.39062,108440,315c2bcea545f0cbf21d3803a7f79fb249382fba46b012cf56b181d933d7337d,6.94624,7.16878,6.85249,7.75199,6.94624,6.87107
median,1,current,1003a83830e8b12ae1cb86bdec98af3d649ae54404b59a1466ec31548b149353,2,1000000,65536,10.6128,97976,315c2bcea545f0cbf21d3803a7f79fb249382fba46b012cf56b181d933d7337d,8.97765,10.6125,13.2593,8.78251,8.97765,8.83906
median,1,baseline,f9ed90d41e7bff92707a796e4677772351a23e53a6e148cf831a3feb92ae880e,2,1000000,65536,12.3794,97716,315c2bcea545f0cbf21d3803a7f79fb249382fba46b012cf56b181d933d7337d,8.54634,11.0634,10.5691,8.51077,8.54634,8.49308
product,default,current,1003a83830e8b12ae1cb86bdec98af3d649ae54404b59a1466ec31548b149353,2,1000000,65536,4.61432,370192,05fe562cb8d0b362f52c0f2a54e5d5ab5914be8889a4c4a09cfef0e7b4573be2,2.19956,3.34138,2.19956,2.0964,2.14004,2.35633
product,default,baseline,f9ed90d41e7bff92707a796e4677772351a23e53a6e148cf831a3feb92ae880e,2,1000000,65536,5.39619,751920,05fe562cb8d0b362f52c0f2a54e5d5ab5914be8889a4c4a09cfef0e7b4573be2,7.97594,5.84541,8.47614,6.043,8.16667,7.97594
product,16,current,1003a83830e8b12ae1cb86bdec98af3d649ae54404b59a1466ec31548b149353,2,1000000,65536,2.90349,247528,05fe562cb8d0b362f52c0f2a54e5d5ab5914be8889a4c4a09cfef0e7b4573be2,1.01769,1.10676,1.0528,1.01769,0.983338,0.958732
product,16,baseline,f9ed90d41e7bff92707a796e4677772351a23e53a6e148cf831a3feb92ae880e,2,1000000,65536,8.62584,487244,05fe562cb8d0b362f52c0f2a54e5d5ab5914be8889a4c4a09cfef0e7b4573be2,15.6653,16.8481,19.0319,13.2754,15.6653,12.0426
product,8,current,1003a83830e8b12ae1cb86bdec98af3d649ae54404b59a1466ec31548b149353,2,1000000,65536,2.53157,165572,05fe562cb8d0b362f52c0f2a54e5d5ab5914be8889a4c4a09cfef0e7b4573be2,1.40885,1.48147,1.38906,1.37972,1.40885,1.41288
product,8,baseline,f9ed90d41e7bff92707a796e4677772351a23e53a6e148cf831a3feb92ae880e,2,1000000,65536,3.08916,257756,05fe562cb8d0b362f52c0f2a54e5d5ab5914be8889a4c4a09cfef0e7b4573be2,3.32658,3.32658,3.61701,3.19641,2.72728,3.61852
product,4,current,1003a83830e8b12ae1cb86bdec98af3d649ae54404b59a1466ec31548b149353,2,1000000,65536,0.900089,102292,05fe562cb8d0b362f52c0f2a54e5d5ab5914be8889a4c4a09cfef0e7b4573be2,0.75735,0.75735,0.754286,0.735153,0.802852,0.870894
product,4,baseline,f9ed90d41e7bff92707a796e4677772351a23e53a6e148cf831a3feb92ae880e,2,1000000,65536,2.81324,151016,05fe562cb8d0b362f52c0f2a54e5d5ab5914be8889a4c4a09cfef0e7b4573be2,2.22481,2.22481,2.5689,2.23757,1.94867,1.26052
product,2,current,1003a83830e8b12ae1cb86bdec98af3d649ae54404b59a1466ec31548b149353,2,1000000,65536,2.5407,81560,05fe562cb8d0b362f52c0f2a54e5d5ab5914be8889a4c4a09cfef0e7b4573be2,2.31084,2.35822,2.32251,2.31084,1.3139,1.11585
product,2,baseline,f9ed90d41e7bff92707a796e4677772351a23e53a6e148cf831a3feb92ae880e,2,1000000,65536,3.63577,97892,05fe562cb8d0b362f52c0f2a54e5d5ab5914be8889a4c4a09cfef0e7b4573be2,3.16219,3.16219,2.86985,2.90323,3.4749,3.16238
product,1,current,1003a83830e8b12ae1cb86bdec98af3d649ae54404b59a1466ec31548b149353,2,1000000,65536,2.05807,71448,05fe562cb8d0b362f52c0f2a54e5d5ab5914be8889a4c4a09cfef0e7b4573be2,1.80061,1.79145,1.78954,1.82787,1.83201,1.80061
product,1,baseline,f9ed90d41e7bff92707a796e4677772351a23e53a6e148cf831a3feb92ae880e,2,1000000,65536,2.94287,70748,05fe562cb8d0b362f52c0f2a54e5d5ab5914be8889a4c4a09cfef0e7b4573be2,2.65909,2.77733,2.65909,2.65893,2.62079,2.72095
truth,default,current,1003a83830e8b12ae1cb86bdec98af3d649ae54404b59a1466ec31548b149353,2,1000000,65536,3.61002,370928,11d9f81debed2ffce7195bff361d2a6ba11cfaefa8a80b7c103e03b96dd7f669,1.00395,1.04987,1.00395,0.992519,0.978776,1.01371
truth,default,baseline,f9ed90d41e7bff92707a796e4677772351a23e53a6e148cf831a3feb92ae880e,2,1000000,65536,9.02567,786488,11d9f81debed2ffce7195bff361d2a6ba11cfaefa8a80b7c103e03b96dd7f669,8.33102,8.72828,8.33102,7.38787,6.4665,10.4689
truth,16,current,1003a83830e8b12ae1cb86bdec98af3d649ae54404b59a1466ec31548b149353,2,1000000,65536,3.10732,247376,11d9f81debed2ffce7195bff361d2a6ba11cfaefa8a80b7c103e03b96dd7f669,1.36169,1.44631,1.36169,1.35435,1.32204,1.45592
truth,16,baseline,f9ed90d41e7bff92707a796e4677772351a23e53a6e148cf831a3feb92ae880e,2,1000000,65536,8.68395,574940,11d9f81debed2ffce7195bff361d2a6ba11cfaefa8a80b7c103e03b96dd7f669,8.54061,8.54061,9.56166,8.21552,8.61424,8.49799
truth,8,current,1003a83830e8b12ae1cb86bdec98af3d649ae54404b59a1466ec31548b149353,2,1000000,65536,3.65623,165288,11d9f81debed2ffce7195bff361d2a6ba11cfaefa8a80b7c103e03b96dd7f669,1.97501,1.86423,2.00315,1.93528,1.97501,1.97752
truth,8,baseline,f9ed90d41e7bff92707a796e4677772351a23e53a6e148cf831a3feb92ae880e,2,1000000,65536,3.85719,300756,11d9f81debed2ffce7195bff361d2a6ba11cfaefa8a80b7c103e03b96dd7f669,4.26723,4.26723,3.90693,5.13002,4.68352,3.72796
truth,4,current,1003a83830e8b12ae1cb86bdec98af3d649ae54404b59a1466ec31548b149353,2,1000000,65536,4.0922,124656,11d9f81debed2ffce7195bff361d2a6ba11cfaefa8a80b7c103e03b96dd7f669,1.72791,1.43997,1.43815,1.72791,3.02267,1.87266
truth,4,baseline,f9ed90d41e7bff92707a796e4677772351a23e53a6e148cf831a3feb92ae880e,2,1000000,65536,4.31672,168960,11d9f81debed2ffce7195bff361d2a6ba11cfaefa8a80b7c103e03b96dd7f669,2.97258,3.07636,3.19667,2.45715,2.97258,2.69311
truth,2,current,1003a83830e8b12ae1cb86bdec98af3d649ae54404b59a1466ec31548b149353,2,1000000,65536,3.75654,93916,11d9f81debed2ffce7195bff361d2a6ba11cfaefa8a80b7c103e03b96dd7f669,2.62518,2.72117,2.62518,2.65732,2.32636,2.2929
truth,2,baseline,f9ed90d41e7bff92707a796e4677772351a23e53a6e148cf831a3feb92ae880e,2,1000000,65536,4.0247,104116,11d9f81debed2ffce7195bff361d2a6ba11cfaefa8a80b7c103e03b96dd7f669,3.61075,3.95971,3.61075,3.37319,3.84711,3.42033
truth,1,current,1003a83830e8b12ae1cb86bdec98af3d649ae54404b59a1466ec31548b149353,2,1000000,65536,4.10344,71004,11d9f81debed2ffce7195bff361d2a6ba11cfaefa8a80b7c103e03b96dd7f669,3.82288,3.82288,3.96004,4.01333,3.77907,3.72775
truth,1,baseline,f9ed90d41e7bff92707a796e4677772351a23e53a6e148cf831a3feb92ae880e,2,1000000,65536,5.95297,70816,11d9f81debed2ffce7195bff361d2a6ba11cfaefa8a80b7c103e03b96dd7f669,5.39496,5.45115,5.4057,5.38679,5.38831,5.39496
binary,default,current,1003a83830e8b12ae1cb86bdec98af3d649ae54404b59a1466ec31548b149353,2,1000000,65536,5.70244,391776,a07c1dabc08383bc311d6241d6f8f29ca0845609ef637c571d284a88105dca45,2.34808,3.39033,2.34808,2.30887,2.39481,2.33028
binary,default,baseline,f9ed90d41e7bff92707a796e4677772351a23e53a6e148cf831a3feb92ae880e,2,1000000,65536,19.6249,975144,a07c1dabc08383bc311d6241d6f8f29ca0845609ef637c571d284a88105dca45,17.818,18.2125,20.0357,17.818,17.6569,16.9354
binary,16,current,1003a83830e8b12ae1cb86bdec98af3d649ae54404b59a1466ec31548b149353,2,1000000,65536,4.95318,267912,a07c1dabc08383bc311d6241d6f8f29ca0845609ef637c571d284a88105dca45,3.20203,3.60772,3.33457,3.20203,3.05941,3.0092
binary,16,baseline,f9ed90d41e7bff92707a796e4677772351a23e53a6e148cf831a3feb92ae880e,2,1000000,65536,23.305,590248,a07c1dabc08383bc311d6241d6f8f29ca0845609ef637c571d284a88105dca45,22.0336,23.1056,21.9073,22.1042,21.7251,22.0336
binary,8,current,1003a83830e8b12ae1cb86bdec98af3d649ae54404b59a1466ec31548b149353,2,1000000,65536,6.01083,186412,a07c1dabc08383bc311d6241d6f8f29ca0845609ef637c571d284a88105dca45,4.71506,3.78353,5.08377,4.79982,4.71506,4.06371
binary,8,baseline,f9ed90d41e7bff92707a796e4677772351a23e53a6e148cf831a3feb92ae880e,2,1000000,65536,39.1694,384948,a07c1dabc08383bc311d6241d6f8f29ca0845609ef637c571d284a88105dca45,37.5576,37.7946,35.925,38.1251,37.5576,37.0208
binary,4,current,1003a83830e8b12ae1cb86bdec98af3d649ae54404b59a1466ec31548b149353,2,1000000,65536,6.98811,146236,a07c1dabc08383bc311d6241d6f8f29ca0845609ef637c571d284a88105dca45,4.66812,4.66812,4.83371,5.0257,4.55573,4.56554
binary,4,baseline,f9ed90d41e7bff92707a796e4677772351a23e53a6e148cf831a3feb92ae880e,2,1000000,65536,74.285,333124,a07c1dabc08383bc311d6241d6f8f29ca0845609ef637c571d284a88105dca45,69.7511,70.1693,69.7511,70.0495,69.5092,69.7118
binary,2,current,1003a83830e8b12ae1cb86bdec98af3d649ae54404b59a1466ec31548b149353,2,1000000,65536,12.0254,125652,a07c1dabc08383bc311d6241d6f8f29ca0845609ef637c571d284a88105dca45,9.0343,9.0343,8.77185,8.98104,9.08273,9.32156
binary,2,baseline,f9ed90d41e7bff92707a796e4677772351a23e53a6e148cf831a3feb92ae880e,2,1000000,65536,18.0474,138380,a07c1dabc08383bc311d6241d6f8f29ca0845609ef637c571d284a88105dca45,14.7891,14.7891,12.167,15.1816,14.3572,15.2467
binary,1,current,1003a83830e8b12ae1cb86bdec98af3d649ae54404b59a1466ec31548b149353,2,1000000,65536,16.2711,116200,a07c1dabc08383bc311d6241d6f8f29ca0845609ef637c571d284a88105dca45,13.3326,13.2829,14.0174,12.4433,13.3326,13.4394
binary,1,baseline,f9ed90d41e7bff92707a796e4677772351a23e53a6e148cf831a3feb92ae880e,2,1000000,65536,22.1565,120168,a07c1dabc08383bc311d6241d6f8f29ca0845609ef637c571d284a88105dca45,19.4017,19.6987,19.3352,19.251,19.5473,19.4017
statistics,default,current,1003a83830e8b12ae1cb86bdec98af3d649ae54404b59a1466ec31548b149353,2,1000000,65536,4.41113,374424,ce92f3f44a9c9c78cd8ca1d9813b099e3f33f0d5ed37dd9f3bccd3bbe9164741,1.31332,1.835,1.28588,1.31332,1.29679,1.36268
statistics,default,baseline,f9ed90d41e7bff92707a796e4677772351a23e53a6e148cf831a3feb92ae880e,2,1000000,65536,8.66844,917836,ce92f3f44a9c9c78cd8ca1d9813b099e3f33f0d5ed37dd9f3bccd3bbe9164741,9.82609,9.62313,9.89072,9.82609,11.6436,9.56054
statistics,16,current,1003a83830e8b12ae1cb86bdec98af3d649ae54404b59a1466ec31548b149353,2,1000000,65536,3.70056,251744,ce92f3f44a9c9c78cd8ca1d9813b099e3f33f0d5ed37dd9f3bccd3bbe9164741,1.67178,2.17806,1.74649,1.67178,1.63972,1.6586
statistics,16,baseline,f9ed90d41e7bff92707a796e4677772351a23e53a6e148cf831a3feb92ae880e,2,1000000,65536,11.2918,581676,ce92f3f44a9c9c78cd8ca1d9813b099e3f33f0d5ed37dd9f3bccd3bbe9164741,11.5605,11.896,12.1685,11.1259,11.5605,10.0163
statistics,8,current,1003a83830e8b12ae1cb86bdec98af3d649ae54404b59a1466ec31548b149353,2,1000000,65536,4.1802,170128,ce92f3f44a9c9c78cd8ca1d9813b099e3f33f0d5ed37dd9f3bccd3bbe9164741,2.31985,2.69685,2.26778,2.41688,2.16398,2.31985
statistics,8,baseline,f9ed90d41e7bff92707a796e4677772351a23e53a6e148cf831a3feb92ae880e,2,1000000,65536,7.07728,257692,ce92f3f44a9c9c78cd8ca1d9813b099e3f33f0d5ed37dd9f3bccd3bbe9164741,4.79875,4.30327,4.79875,3.80299,4.95298,4.9764
statistics,4,current,1003a83830e8b12ae1cb86bdec98af3d649ae54404b59a1466ec31548b149353,2,1000000,65536,4.02174,128704,ce92f3f44a9c9c78cd8ca1d9813b099e3f33f0d5ed37dd9f3bccd3bbe9164741,2.49363,2.49363,2.41232,2.5565,2.51454,2.43797
statistics,4,baseline,f9ed90d41e7bff92707a796e4677772351a23e53a6e148cf831a3feb92ae880e,2,1000000,65536,4.87303,165360,ce92f3f44a9c9c78cd8ca1d9813b099e3f33f0d5ed37dd9f3bccd3bbe9164741,3.6614,3.96144,3.97796,3.6614,3.51517,3.46142
statistics,2,current,1003a83830e8b12ae1cb86bdec98af3d649ae54404b59a1466ec31548b149353,2,1000000,65536,4.40174,104020,ce92f3f44a9c9c78cd8ca1d9813b099e3f33f0d5ed37dd9f3bccd3bbe9164741,2.93826,3.02018,2.93826,2.9249,2.91084,3.02544
statistics,2,baseline,f9ed90d41e7bff92707a796e4677772351a23e53a6e148cf831a3feb92ae880e,2,1000000,65536,6.68112,111812,ce92f3f44a9c9c78cd8ca1d9813b099e3f33f0d5ed37dd9f3bccd3bbe9164741,5.37813,5.82588,5.42221,5.37813,5.24579,5.15284
statistics,1,current,1003a83830e8b12ae1cb86bdec98af3d649ae54404b59a1466ec31548b149353,2,1000000,65536,6.01174,85628,ce92f3f44a9c9c78cd8ca1d9813b099e3f33f0d5ed37dd9f3bccd3bbe9164741,5.03334,5.04346,5.03334,4.78305,4.67825,5.34689
statistics,1,baseline,f9ed90d41e7bff92707a796e4677772351a23e53a6e148cf831a3feb92ae880e,2,1000000,65536,10.4227,87684,ce92f3f44a9c9c78cd8ca1d9813b099e3f33f0d5ed37dd9f3bccd3bbe9164741,9.12161,9.12161,9.12708,9.07944,8.98944,9.63369
count,default,current,1003a83830e8b12ae1cb86bdec98af3d649ae54404b59a1466ec31548b149353,2,1000000,65536,0.797195,348440,67457a1d5b29926989e3244d85a4cf3b2f8a21363195d6a2759f4bbe298cb663,0.568314,0.586059,0.558879,0.528483,0.568314,0.789352
count,default,baseline,f9ed90d41e7bff92707a796e4677772351a23e53a6e148cf831a3feb92ae880e,2,1000000,65536,3.40525,514352,67457a1d5b29926989e3244d85a4cf3b2f8a21363195d6a2759f4bbe298cb663,3.12832,3.03612,4.2567,3.12832,3.12652,5.66101
count,16,current,1003a83830e8b12ae1cb86bdec98af3d649ae54404b59a1466ec31548b149353,2,1000000,65536,0.862873,224856,67457a1d5b29926989e3244d85a4cf3b2f8a21363195d6a2759f4bbe298cb663,1.07863,0.738077,0.699825,1.28022,1.30904,1.07863
count,16,baseline,f9ed90d41e7bff92707a796e4677772351a23e53a6e148cf831a3feb92ae880e,2,1000000,65536,4.97783,348212,67457a1d5b29926989e3244d85a4cf3b2f8a21363195d6a2759f4bbe298cb663,5.34109,5.59499,4.91296,6.2835,5.03211,5.34109
count,8,current,1003a83830e8b12ae1cb86bdec98af3d649ae54404b59a1466ec31548b149353,2,1000000,65536,1.41452,143012,67457a1d5b29926989e3244d85a4cf3b2f8a21363195d6a2759f4bbe298cb663,1.06093,1.19163,1.15015,1.06093,0.988381,0.997968
count,8,baseline,f9ed90d41e7bff92707a796e4677772351a23e53a6e148cf831a3feb92ae880e,2,1000000,65536,1.46607,200428,67457a1d5b29926989e3244d85a4cf3b2f8a21363195d6a2759f4bbe298cb663,1.5962,1.64491,1.25746,1.79839,1.23385,1.5962
count,4,current,1003a83830e8b12ae1cb86bdec98af3d649ae54404b59a1466ec31548b149353,2,1000000,65536,0.890332,102092,67457a1d5b29926989e3244d85a4cf3b2f8a21363195d6a2759f4bbe298cb663,0.731622,0.765846,0.733147,0.731622,0.725878,0.728055
count,4,baseline,f9ed90d41e7bff92707a796e4677772351a23e53a6e148cf831a3feb92ae880e,2,1000000,65536,1.49805,126732,67457a1d5b29926989e3244d85a4cf3b2f8a21363195d6a2759f4bbe298cb663,1.42286,1.42475,1.19607,1.55373,1.20114,1.42286
count,2,current,1003a83830e8b12ae1cb86bdec98af3d649ae54404b59a1466ec31548b149353,2,1000000,65536,1.26085,81564,67457a1d5b29926989e3244d85a4cf3b2f8a21363195d6a2759f4bbe298cb663,1.11621,1.1225,1.1167,1.11447,1.11621,1.11194
count,2,baseline,f9ed90d41e7bff92707a796e4677772351a23e53a6e148cf831a3feb92ae880e,2,1000000,65536,2.1081,96136,67457a1d5b29926989e3244d85a4cf3b2f8a21363195d6a2759f4bbe298cb663,1.79808,1.76094,2.01526,1.79808,1.93662,1.72141
count,1,current,1003a83830e8b12ae1cb86bdec98af3d649ae54404b59a1466ec31548b149353,2,1000000,65536,2.00243,71024,67457a1d5b29926989e3244d85a4cf3b2f8a21363195d6a2759f4bbe298cb663,1.66156,1.68529,1.65985,1.66156,1.66342,1.66131
count,1,baseline,f9ed90d41e7bff92707a796e4677772351a23e53a6e148cf831a3feb92ae880e,2,1000000,65536,2.83967,71536,67457a1d5b29926989e3244d85a4cf3b2f8a21363195d6a2759f4bbe298cb663,2.70349,2.74002,2.69525,2.70349,2.69798,2.70473
extrema-time,default,current,1003a83830e8b12ae1cb86bdec98af3d649ae54404b59a1466ec31548b149353,2,1000000,65536,1.2009,381164,3fb7228765127f2d73aa2570db52f8b24c2bdf1a790ba53a8cd98c73df02ad9c,0.975341,1.03548,0.975341,0.977562,0.9634,0.931355
extrema-time,default,baseline,f9ed90d41e7bff92707a796e4677772351a23e53a6e148cf831a3feb92ae880e,2,1000000,65536,4.29501,821784,3fb7228765127f2d73aa2570db52f8b24c2bdf1a790ba53a8cd98c73df02ad9c,6.0584,5.29714,6.44482,4.99495,6.0584,8.12011
extrema-time,16,current,1003a83830e8b12ae1cb86bdec98af3d649ae54404b59a1466ec31548b149353,2,1000000,65536,1.51864,258044,3fb7228765127f2d73aa2570db52f8b24c2bdf1a790ba53a8cd98c73df02ad9c,1.26968,1.26753,1.21368,1.33039,1.34094,1.26968
extrema-time,16,baseline,f9ed90d41e7bff92707a796e4677772351a23e53a6e148cf831a3feb92ae880e,2,1000000,65536,4.12448,559208,3fb7228765127f2d73aa2570db52f8b24c2bdf1a790ba53a8cd98c73df02ad9c,4.88719,4.8038,5.48605,4.08914,4.88719,5.30403
extrema-time,8,current,1003a83830e8b12ae1cb86bdec98af3d649ae54404b59a1466ec31548b149353,2,1000000,65536,2.23773,175660,3fb7228765127f2d73aa2570db52f8b24c2bdf1a790ba53a8cd98c73df02ad9c,1.4454,1.47183,1.4454,1.44573,1.43284,1.43912
extrema-time,8,baseline,f9ed90d41e7bff92707a796e4677772351a23e53a6e148cf831a3feb92ae880e,2,1000000,65536,3.63579,333512,3fb7228765127f2d73aa2570db52f8b24c2bdf1a790ba53a8cd98c73df02ad9c,3.43526,3.62101,3.35724,4.41491,3.43526,3.08713
extrema-time,4,current,1003a83830e8b12ae1cb86bdec98af3d649ae54404b59a1466ec31548b149353,2,1000000,65536,1.42629,134552,3fb7228765127f2d73aa2570db52f8b24c2bdf1a790ba53a8cd98c73df02ad9c,1.86655,2.36437,2.36756,1.86655,1.51179,1.72445
extrema-time,4,baseline,f9ed90d41e7bff92707a796e4677772351a23e53a6e148cf831a3feb92ae880e,2,1000000,65536,2.35032,202428,3fb7228765127f2d73aa2570db52f8b24c2bdf1a790ba53a8cd98c73df02ad9c,2.26375,2.96466,2.736,1.93874,2.26375,2.03733
extrema-time,2,current,1003a83830e8b12ae1cb86bdec98af3d649ae54404b59a1466ec31548b149353,2,1000000,65536,2.04083,114320,3fb7228765127f2d73aa2570db52f8b24c2bdf1a790ba53a8cd98c73df02ad9c,1.83252,1.8945,1.83107,1.83252,1.83393,1.83216
extrema-time,2,baseline,f9ed90d41e7bff92707a796e4677772351a23e53a6e148cf831a3feb92ae880e,2,1000000,65536,2.92891,136688,3fb7228765127f2d73aa2570db52f8b24c2bdf1a790ba53a8cd98c73df02ad9c,2.62207,2.92989,2.74038,2.3993,2.62207,2.45952
extrema-time,1,current,1003a83830e8b12ae1cb86bdec98af3d649ae54404b59a1466ec31548b149353,2,1000000,65536,3.03932,103772,3fb7228765127f2d73aa2570db52f8b24c2bdf1a790ba53a8cd98c73df02ad9c,2.7832,2.75615,2.74385,2.85252,2.84963,2.7832
extrema-time,1,baseline,f9ed90d41e7bff92707a796e4677772351a23e53a6e148cf831a3feb92ae880e,2,1000000,65536,4.17433,103604,3fb7228765127f2d73aa2570db52f8b24c2bdf1a790ba53a8cd98c73df02ad9c,3.7007,3.7007,3.6993,3.72646,3.71611,3.6937
sum-time,default,current,1003a83830e8b12ae1cb86bdec98af3d649ae54404b59a1466ec31548b149353,2,1000000,65536,0.924017,381096,14d770a6cddb0512cc7e5c17ff3d2f6ddd8f7583fb91b0ba6f44dcc446428f0d,0.647245,0.917457,0.61328,0.65907,0.590237,0.647245
sum-time,default,baseline,f9ed90d41e7bff92707a796e4677772351a23e53a6e148cf831a3feb92ae880e,2,1000000,65536,3.89256,776768,14d770a6cddb0512cc7e5c17ff3d2f6ddd8f7583fb91b0ba6f44dcc446428f0d,5.19373,5.19373,4.79421,6.6825,4.78131,7.36168
sum-time,16,current,1003a83830e8b12ae1cb86bdec98af3d649ae54404b59a1466ec31548b149353,2,1000000,65536,1.21446,258120,14d770a6cddb0512cc7e5c17ff3d2f6ddd8f7583fb91b0ba6f44dcc446428f0d,0.957766,0.912894,0.993007,0.950749,1.07153,0.957766
sum-time,16,baseline,f9ed90d41e7bff92707a796e4677772351a23e53a6e148cf831a3feb92ae880e,2,1000000,65536,4.419,380752,14d770a6cddb0512cc7e5c17ff3d2f6ddd8f7583fb91b0ba6f44dcc446428f0d,4.99328,4.99328,5.16638,5.84579,4.81785,4.82541
sum-time,8,current,1003a83830e8b12ae1cb86bdec98af3d649ae54404b59a1466ec31548b149353,2,1000000,65536,2.51064,194372,14d770a6cddb0512cc7e5c17ff3d2f6ddd8f7583fb91b0ba6f44dcc446428f0d,1.09803,1.24931,1.17344,1.09803,1.08866,1.08216
sum-time,8,baseline,f9ed90d41e7bff92707a796e4677772351a23e53a6e148cf831a3feb92ae880e,2,1000000,65536,2.60146,232712,14d770a6cddb0512cc7e5c17ff3d2f6ddd8f7583fb91b0ba6f44dcc446428f0d,2.79129,2.7937,2.46501,3.06852,2.37901,2.79129
sum-time,4,current,1003a83830e8b12ae1cb86bdec98af3d649ae54404b59a1466ec31548b149353,2,1000000,65536,1.55576,135008,14d770a6cddb0512cc7e5c17ff3d2f6ddd8f7583fb91b0ba6f44dcc446428f0d,1.42086,1.42452,1.43644,1.42086,1.37994,0.777345
sum-time,4,baseline,f9ed90d41e7bff92707a796e4677772351a23e53a6e148cf831a3feb92ae880e,2,1000000,65536,1.44973,159748,14d770a6cddb0512cc7e5c17ff3d2f6ddd8f7583fb91b0ba6f44dcc446428f0d,1.40797,1.43197,1.20924,1.57589,1.2234,1.40797
sum-time,2,current,1003a83830e8b12ae1cb86bdec98af3d649ae54404b59a1466ec31548b149353,2,1000000,65536,1.30562,114384,14d770a6cddb0512cc7e5c17ff3d2f6ddd8f7583fb91b0ba6f44dcc446428f0d,1.1196,1.13491,1.12198,1.1196,1.11652,1.11531
sum-time,2,baseline,f9ed90d41e7bff92707a796e4677772351a23e53a6e148cf831a3feb92ae880e,2,1000000,65536,2.12834,128400,14d770a6cddb0512cc7e5c17ff3d2f6ddd8f7583fb91b0ba6f44dcc446428f0d,2.01221,1.82692,2.23515,2.22817,2.01221,1.79862
sum-time,1,current,1003a83830e8b12ae1cb86bdec98af3d649ae54404b59a1466ec31548b149353,2,1000000,65536,1.90925,104048,14d770a6cddb0512cc7e5c17ff3d2f6ddd8f7583fb91b0ba6f44dcc446428f0d,1.69125,1.69365,1.66197,1.69125,1.70026,1.67791
sum-time,1,baseline,f9ed90d41e7bff92707a796e4677772351a23e53a6e148cf831a3feb92ae880e,2,1000000,65536,3.0503,103848,14d770a6cddb0512cc7e5c17ff3d2f6ddd8f7583fb91b0ba6f44dcc446428f0d,2.75243,2.8712,2.7511,2.73598,2.76809,2.75243
extrema-f64,default,current,1003a83830e8b12ae1cb86bdec98af3d649ae54404b59a1466ec31548b149353,2,1000000,65536,3.5954,370708,4898738f30509da2f14fee436fc21c3382e34c12d831b3de2f193a08af899061,0.923717,1.16131,0.954617,0.902499,0.883248,0.923717
extrema-f64,default,baseline,f9ed90d41e7bff92707a796e4677772351a23e53a6e148cf831a3feb92ae880e,2,1000000,65536,8.25926,790848,4898738f30509da2f14fee436fc21c3382e34c12d831b3de2f193a08af899061,8.9053,8.9053,9.35622,8.38922,8.27391,11.6131
extrema-f64,16,current,1003a83830e8b12ae1cb86bdec98af3d649ae54404b59a1466ec31548b149353,2,1000000,65536,3.29695,247436,4898738f30509da2f14fee436fc21c3382e34c12d831b3de2f193a08af899061,1.79788,1.93871,1.79788,1.33175,1.59329,2.57698
extrema-f64,16,baseline,f9ed90d41e7bff92707a796e4677772351a23e53a6e148cf831a3feb92ae880e,2,1000000,65536,9.27134,575276,4898738f30509da2f14fee436fc21c3382e34c12d831b3de2f193a08af899061,8.76005,8.87633,9.45591,8.23747,8.76005,8.50542
extrema-f64,8,current,1003a83830e8b12ae1cb86bdec98af3d649ae54404b59a1466ec31548b149353,2,1000000,65536,4.82309,165596,4898738f30509da2f14fee436fc21c3382e34c12d831b3de2f193a08af899061,2.45302,2.45302,2.55468,2.63667,1.65958,2.06841
extrema-f64,8,baseline,f9ed90d41e7bff92707a796e4677772351a23e53a6e148cf831a3feb92ae880e,2,1000000,65536,3.65861,300572,4898738f30509da2f14fee436fc21c3382e34c12d831b3de2f193a08af899061,3.84827,3.99095,3.54934,4.72365,3.84827,3.35861
extrema-f64,4,current,1003a83830e8b12ae1cb86bdec98af3d649ae54404b59a1466ec31548b149353,2,1000000,65536,2.5319,124748,4898738f30509da2f14fee436fc21c3382e34c12d831b3de2f193a08af899061,1.36961,1.31247,1.50202,1.44523,1.26825,1.36961
extrema-f64,4,baseline,f9ed90d41e7bff92707a796e4677772351a23e53a6e148cf831a3feb92ae880e,2,1000000,65536,3.81263,169612,4898738f30509da2f14fee436fc21c3382e34c12d831b3de2f193a08af899061,2.9827,3.9893,3.32079,2.5558,2.9827,2.63619
extrema-f64,2,current,1003a83830e8b12ae1cb86bdec98af3d649ae54404b59a1466ec31548b149353,2,1000000,65536,3.08568,93884,4898738f30509da2f14fee436fc21c3382e34c12d831b3de2f193a08af899061,1.98619,2.02,1.98619,1.98748,1.98505,1.98391
extrema-f64,2,baseline,f9ed90d41e7bff92707a796e4677772351a23e53a6e148cf831a3feb92ae880e,2,1000000,65536,3.58139,104304,4898738f30509da2f14fee436fc21c3382e34c12d831b3de2f193a08af899061,3.49547,3.72614,3.49547,3.24996,3.68924,3.47196
extrema-f64,1,current,1003a83830e8b12ae1cb86bdec98af3d649ae54404b59a1466ec31548b149353,2,1000000,65536,3.25216,71384,4898738f30509da2f14fee436fc21c3382e34c12d831b3de2f193a08af899061,3.10238,3.15459,3.07671,3.21897,3.10238,3.09198
extrema-f64,1,baseline,f9ed90d41e7bff92707a796e4677772351a23e53a6e148cf831a3feb92ae880e,2,1000000,65536,5.74927,71000,4898738f30509da2f14fee436fc21c3382e34c12d831b3de2f193a08af899061,5.46037,5.46037,5.35337,6.66895,5.99613,5.32497
sum-f64,default,current,1003a83830e8b12ae1cb86bdec98af3d649ae54404b59a1466ec31548b149353,2,1000000,65536,2.9894,370964,67815070ec5e825828d32b5e6b3a37db6aa89f046b6f7390a537494ae110c572,0.754219,1.37078,0.688586,0.754219,0.73999,0.942628
sum-f64,default,baseline,f9ed90d41e7bff92707a796e4677772351a23e53a6e148cf831a3feb92ae880e,2,1000000,65536,4.94291,766280,67815070ec5e825828d32b5e6b3a37db6aa89f046b6f7390a537494ae110c572,5.56726,5.56726,5.0614,7.51961,6.28563,5.2838
sum-f64,16,current,1003a83830e8b12ae1cb86bdec98af3d649ae54404b59a1466ec31548b149353,2,1000000,65536,2.723,247624,67815070ec5e825828d32b5e6b3a37db6aa89f046b6f7390a537494ae110c572,1.1375,1.53324,1.0718,1.05412,1.15465,1.1375
sum-f64,16,baseline,f9ed90d41e7bff92707a796e4677772351a23e53a6e148cf831a3feb92ae880e,2,1000000,65536,5.34072,348288,67815070ec5e825828d32b5e6b3a37db6aa89f046b6f7390a537494ae110c572,5.25893,5.07749,5.22207,6.88146,5.25893,5.72542
sum-f64,8,current,1003a83830e8b12ae1cb86bdec98af3d649ae54404b59a1466ec31548b149353,2,1000000,65536,2.43998,161744,67815070ec5e825828d32b5e6b3a37db6aa89f046b6f7390a537494ae110c572,1.15863,1.15863,1.08147,1.08235,1.18735,1.18545
sum-f64,8,baseline,f9ed90d41e7bff92707a796e4677772351a23e53a6e148cf831a3feb92ae880e,2,1000000,65536,1.85443,200376,67815070ec5e825828d32b5e6b3a37db6aa89f046b6f7390a537494ae110c572,1.61604,1.7054,1.45971,1.9077,1.4241,1.61604
sum-f64,4,current,1003a83830e8b12ae1cb86bdec98af3d649ae54404b59a1466ec31548b149353,2,1000000,65536,0.93962,101984,67815070ec5e825828d32b5e6b3a37db6aa89f046b6f7390a537494ae110c572,0.809736,0.828678,0.809337,0.809736,0.815341,0.80921
sum-f64,4,baseline,f9ed90d41e7bff92707a796e4677772351a23e53a6e148cf831a3feb92ae880e,2,1000000,65536,1.43863,126452,67815070ec5e825828d32b5e6b3a37db6aa89f046b6f7390a537494ae110c572,1.46925,1.54338,1.33473,1.6803,1.31569,1.46925
sum-f64,2,current,1003a83830e8b12ae1cb86bdec98af3d649ae54404b59a1466ec31548b149353,2,1000000,65536,1.65832,81368,67815070ec5e825828d32b5e6b3a37db6aa89f046b6f7390a537494ae110c572,1.22185,1.28665,1.22185,1.15685,1.15131,1.32748
sum-f64,2,baseline,f9ed90d41e7bff92707a796e4677772351a23e53a6e148cf831a3feb92ae880e,2,1000000,65536,2.09335,96144,67815070ec5e825828d32b5e6b3a37db6aa89f046b6f7390a537494ae110c572,2.2634,1.80262,2.2634,2.89838,2.8813,1.77695
sum-f64,1,current,1003a83830e8b12ae1cb86bdec98af3d649ae54404b59a1466ec31548b149353,2,1000000,65536,1.88394,71292,67815070ec5e825828d32b5e6b3a37db6aa89f046b6f7390a537494ae110c572,1.70614,1.70988,1.69234,1.68629,1.70614,1.71647
sum-f64,1,baseline,f9ed90d41e7bff92707a796e4677772351a23e53a6e148cf831a3feb92ae880e,2,1000000,65536,3.12794,71268,67815070ec5e825828d32b5e6b3a37db6aa89f046b6f7390a537494ae110c572,2.88778,3.02277,2.97867,2.88778,2.78092,2.76127
extrema-f32,default,current,1003a83830e8b12ae1cb86bdec98af3d649ae54404b59a1466ec31548b149353,2,1000000,65536,1.92756,360668,4898738f30509da2f14fee436fc21c3382e34c12d831b3de2f193a08af899061,0.87116,0.85205,0.87116,0.881467,0.856569,0.906978
extrema-f32,default,baseline,f9ed90d41e7bff92707a796e4677772351a23e53a6e148cf831a3feb92ae880e,2,1000000,65536,5.65287,801356,4898738f30509da2f14fee436fc21c3382e34c12d831b3de2f193a08af899061,7.79704,6.7429,9.42298,6.14019,8.35993,7.79704
extrema-f32,16,current,1003a83830e8b12ae1cb86bdec98af3d649ae54404b59a1466ec31548b149353,2,1000000,65536,2.08833,236996,4898738f30509da2f14fee436fc21c3382e34c12d831b3de2f193a08af899061,1.29961,1.33538,1.28585,1.32147,1.28076,1.29961
extrema-f32,16,baseline,f9ed90d41e7bff92707a796e4677772351a23e53a6e148cf831a3feb92ae880e,2,1000000,65536,5.39288,530520,4898738f30509da2f14fee436fc21c3382e34c12d831b3de2f193a08af899061,6.04386,5.88434,6.04386,5.18319,6.76619,6.73272
extrema-f32,8,current,1003a83830e8b12ae1cb86bdec98af3d649ae54404b59a1466ec31548b149353,2,1000000,65536,2.6789,155396,4898738f30509da2f14fee436fc21c3382e34c12d831b3de2f193a08af899061,1.72914,1.72852,1.68259,1.72914,2.02746,1.79984
extrema-f32,8,baseline,f9ed90d41e7bff92707a796e4677772351a23e53a6e148cf831a3feb92ae880e,2,1000000,65536,3.82842,300144,4898738f30509da2f14fee436fc21c3382e34c12d831b3de2f193a08af899061,3.75369,4.28539,3.42046,4.55247,3.74214,3.75369
extrema-f32,4,current,1003a83830e8b12ae1cb86bdec98af3d649ae54404b59a1466ec31548b149353,2,1000000,65536,4.56584,124712,4898738f30509da2f14fee436fc21c3382e34c12d831b3de2f193a08af899061,2.28263,2.84838,2.28263,2.30599,2.26886,2.1442
extrema-f32,4,baseline,f9ed90d41e7bff92707a796e4677772351a23e53a6e148cf831a3feb92ae880e,2,1000000,65536,2.68409,169332,4898738f30509da2f14fee436fc21c3382e34c12d831b3de2f193a08af899061,2.68963,2.78219,3.15018,2.40752,2.68963,2.43736
extrema-f32,2,current,1003a83830e8b12ae1cb86bdec98af3d649ae54404b59a1466ec31548b149353,2,1000000,65536,2.24371,81288,4898738f30509da2f14fee436fc21c3382e34c12d831b3de2f193a08af899061,2.05811,2.20275,2.01435,1.95322,2.05811,2.10261
extrema-f32,2,baseline,f9ed90d41e7bff92707a796e4677772351a23e53a6e148cf831a3feb92ae880e,2,1000000,65536,3.70369,104064,4898738f30509da2f14fee436fc21c3382e34c12d831b3de2f193a08af899061,3.5222,3.78582,3.5222,3.26729,3.57192,3.44569
extrema-f32,1,current,1003a83830e8b12ae1cb86bdec98af3d649ae54404b59a1466ec31548b149353,2,1000000,65536,3.52121,71296,4898738f30509da2f14fee436fc21c3382e34c12d831b3de2f193a08af899061,3.1462,3.24443,3.15485,3.13725,3.1462,3.12207
extrema-f32,1,baseline,f9ed90d41e7bff92707a796e4677772351a23e53a6e148cf831a3feb92ae880e,2,1000000,65536,5.67338,71276,4898738f30509da2f14fee436fc21c3382e34c12d831b3de2f193a08af899061,5.37186,5.37186,5.3504,5.28032,5.48491,5.54542
sum-f32,default,current,1003a83830e8b12ae1cb86bdec98af3d649ae54404b59a1466ec31548b149353,2,1000000,65536,0.888018,348124,67815070ec5e825828d32b5e6b3a37db6aa89f046b6f7390a537494ae110c572,0.691866,0.739685,0.691866,0.739854,0.689387,0.671593
sum-f32,default,baseline,f9ed90d41e7bff92707a796e4677772351a23e53a6e148cf831a3feb92ae880e,2,1000000,65536,3.96294,747876,67815070ec5e825828d32b5e6b3a37db6aa89f046b6f7390a537494ae110c572,5.03726,5.03726,4.40303,6.68865,4.95445,6.01051
sum-f32,16,current,1003a83830e8b12ae1cb86bdec98af3d649ae54404b59a1466ec31548b149353,2,1000000,65536,0.937978,224516,67815070ec5e825828d32b5e6b3a37db6aa89f046b6f7390a537494ae110c572,0.999886,0.999886,1.02859,0.932288,1.04792,0.895696
sum-f32,16,baseline,f9ed90d41e7bff92707a796e4677772351a23e53a6e148cf831a3feb92ae880e,2,1000000,65536,5.54834,348148,67815070ec5e825828d32b5e6b3a37db6aa89f046b6f7390a537494ae110c572,6.09278,6.09278,5.33504,6.94672,5.47155,6.179
sum-f32,8,current,1003a83830e8b12ae1cb86bdec98af3d649ae54404b59a1466ec31548b149353,2,1000000,65536,2.5972,161628,67815070ec5e825828d32b5e6b3a37db6aa89f046b6f7390a537494ae110c572,1.41262,1.41262,1.54558,1.38004,1.39461,1.41766
sum-f32,8,baseline,f9ed90d41e7bff92707a796e4677772351a23e53a6e148cf831a3feb92ae880e,2,1000000,65536,2.79292,200896,67815070ec5e825828d32b5e6b3a37db6aa89f046b6f7390a537494ae110c572,2.87896,2.87896,2.61837,3.52686,2.68061,3.02558
sum-f32,4,current,1003a83830e8b12ae1cb86bdec98af3d649ae54404b59a1466ec31548b149353,2,1000000,65536,1.57417,102120,67815070ec5e825828d32b5e6b3a37db6aa89f046b6f7390a537494ae110c572,0.764382,1.48574,0.888051,0.75212,0.764382,0.743456
sum-f32,4,baseline,f9ed90d41e7bff92707a796e4677772351a23e53a6e148cf831a3feb92ae880e,2,1000000,65536,1.48593,126484,67815070ec5e825828d32b5e6b3a37db6aa89f046b6f7390a537494ae110c572,1.44818,1.49662,1.28666,1.64737,1.28436,1.44818
sum-f32,2,current,1003a83830e8b12ae1cb86bdec98af3d649ae54404b59a1466ec31548b149353,2,1000000,65536,1.27782,81496,67815070ec5e825828d32b5e6b3a37db6aa89f046b6f7390a537494ae110c572,1.1417,1.1814,1.14442,1.1417,1.14017,1.13831
sum-f32,2,baseline,f9ed90d41e7bff92707a796e4677772351a23e53a6e148cf831a3feb92ae880e,2,1000000,65536,2.18041,95888,67815070ec5e825828d32b5e6b3a37db6aa89f046b6f7390a537494ae110c572,1.85474,1.85474,2.08335,1.79023,1.91768,1.7868
sum-f32,1,current,1003a83830e8b12ae1cb86bdec98af3d649ae54404b59a1466ec31548b149353,2,1000000,65536,2.14713,71276,67815070ec5e825828d32b5e6b3a37db6aa89f046b6f7390a537494ae110c572,1.69225,1.75727,1.71077,1.69225,1.68824,1.69164
sum-f32,1,baseline,f9ed90d41e7bff92707a796e4677772351a23e53a6e148cf831a3feb92ae880e,2,1000000,65536,3.01292,71392,67815070ec5e825828d32b5e6b3a37db6aa89f046b6f7390a537494ae110c572,2.80677,2.80413,2.78188,2.84321,2.80677,2.8083
extrema-i64,default,current,1003a83830e8b12ae1cb86bdec98af3d649ae54404b59a1466ec31548b149353,2,1000000,65536,3.16176,371016,4898738f30509da2f14fee436fc21c3382e34c12d831b3de2f193a08af899061,0.971834,1.04902,0.971834,0.942597,0.944018,0.993003
extrema-i64,default,baseline,f9ed90d41e7bff92707a796e4677772351a23e53a6e148cf831a3feb92ae880e,2,1000000,65536,6.83421,802864,4898738f30509da2f14fee436fc21c3382e34c12d831b3de2f193a08af899061,7.77039,7.77039,8.47414,6.89221,6.71882,9.52796
extrema-i64,16,current,1003a83830e8b12ae1cb86bdec98af3d649ae54404b59a1466ec31548b149353,2,1000000,65536,3.05314,247504,4898738f30509da2f14fee436fc21c3382e34c12d831b3de2f193a08af899061,1.28618,1.29688,1.27874,1.40228,1.232,1.28618
extrema-i64,16,baseline,f9ed90d41e7bff92707a796e4677772351a23e53a6e148cf831a3feb92ae880e,2,1000000,65536,8.78043,579640,4898738f30509da2f14fee436fc21c3382e34c12d831b3de2f193a08af899061,9.09246,8.67506,9.76121,8.56066,9.14221,9.09246
extrema-i64,8,current,1003a83830e8b12ae1cb86bdec98af3d649ae54404b59a1466ec31548b149353,2,1000000,65536,2.79173,165664,4898738f30509da2f14fee436fc21c3382e34c12d831b3de2f193a08af899061,1.93343,1.52692,1.83331,1.93343,2.13922,2.10999
extrema-i64,8,baseline,f9ed90d41e7bff92707a796e4677772351a23e53a6e148cf831a3feb92ae880e,2,1000000,65536,3.8067,301104,4898738f30509da2f14fee436fc21c3382e34c12d831b3de2f193a08af899061,3.66589,3.79143,3.64391,4.96532,3.66589,3.4032
extrema-i64,4,current,1003a83830e8b12ae1cb86bdec98af3d649ae54404b59a1466ec31548b149353,2,1000000,65536,2.56828,124940,4898738f30509da2f14fee436fc21c3382e34c12d831b3de2f193a08af899061,1.72057,1.72057,2.21025,1.81319,1.31058,1.69863
extrema-i64,4,baseline,f9ed90d41e7bff92707a796e4677772351a23e53a6e148cf831a3feb92ae880e,2,1000000,65536,3.57333,169956,4898738f30509da2f14fee436fc21c3382e34c12d831b3de2f193a08af899061,2.86292,3.32689,3.26614,2.54439,2.86292,2.65768
extrema-i64,2,current,1003a83830e8b12ae1cb86bdec98af3d649ae54404b59a1466ec31548b149353,2,1000000,65536,3.28004,93628,4898738f30509da2f14fee436fc21c3382e34c12d831b3de2f193a08af899061,2.24491,2.19191,2.75469,2.22735,2.24491,2.31182
extrema-i64,2,baseline,f9ed90d41e7bff92707a796e4677772351a23e53a6e148cf831a3feb92ae880e,2,1000000,65536,3.70684,103788,4898738f30509da2f14fee436fc21c3382e34c12d831b3de2f193a08af899061,3.51387,3.60154,3.51387,3.24539,3.77843,3.45762
extrema-i64,1,current,1003a83830e8b12ae1cb86bdec98af3d649ae54404b59a1466ec31548b149353,2,1000000,65536,3.30825,70972,4898738f30509da2f14fee436fc21c3382e34c12d831b3de2f193a08af899061,3.07238,3.14826,2.98315,3.01774,3.10928,3.07238
extrema-i64,1,baseline,f9ed90d41e7bff92707a796e4677772351a23e53a6e148cf831a3feb92ae880e,2,1000000,65536,5.35731,71268,4898738f30509da2f14fee436fc21c3382e34c12d831b3de2f193a08af899061,5.1923,5.22144,5.1923,5.17655,5.18673,5.27728
sum-i64,default,current,1003a83830e8b12ae1cb86bdec98af3d649ae54404b59a1466ec31548b149353,2,1000000,65536,3.10859,370696,67815070ec5e825828d32b5e6b3a37db6aa89f046b6f7390a537494ae110c572,0.702752,1.38441,0.748274,0.702752,0.674324,0.653207
sum-i64,default,baseline,f9ed90d41e7bff92707a796e4677772351a23e53a6e148cf831a3feb92ae880e,2,1000000,65536,5.12699,763972,67815070ec5e825828d32b5e6b3a37db6aa89f046b6f7390a537494ae110c572,6.0133,5.61838,6.36595,7.23187,5.67204,6.0133
sum-i64,16,current,1003a83830e8b12ae1cb86bdec98af3d649ae54404b59a1466ec31548b149353,2,1000000,65536,2.56608,247540,67815070ec5e825828d32b5e6b3a37db6aa89f046b6f7390a537494ae110c572,0.984199,1.30695,0.984199,0.824578,0.936366,0.993575
sum-i64,16,baseline,f9ed90d41e7bff92707a796e4677772351a23e53a6e148cf831a3feb92ae880e,2,1000000,65536,5.07437,348508,67815070ec5e825828d32b5e6b3a37db6aa89f046b6f7390a537494ae110c572,5.27388,5.8196,5.08732,6.54611,4.12997,5.27388
sum-i64,8,current,1003a83830e8b12ae1cb86bdec98af3d649ae54404b59a1466ec31548b149353,2,1000000,65536,2.23437,161364,67815070ec5e825828d32b5e6b3a37db6aa89f046b6f7390a537494ae110c572,1.08148,1.00027,1.0913,1.08148,1.01892,1.11996
sum-i64,8,baseline,f9ed90d41e7bff92707a796e4677772351a23e53a6e148cf831a3feb92ae880e,2,1000000,65536,2.84855,200352,67815070ec5e825828d32b5e6b3a37db6aa89f046b6f7390a537494ae110c572,2.8754,3.1514,2.57329,3.25686,2.6927,2.8754
sum-i64,4,current,1003a83830e8b12ae1cb86bdec98af3d649ae54404b59a1466ec31548b149353,2,1000000,65536,0.973966,102384,67815070ec5e825828d32b5e6b3a37db6aa89f046b6f7390a537494ae110c572,0.757089,0.809235,1.40125,0.757089,0.746738,0.744058
sum-i64,4,baseline,f9ed90d41e7bff92707a796e4677772351a23e53a6e148cf831a3feb92ae880e,2,1000000,65536,1.38438,126496,67815070ec5e825828d32b5e6b3a37db6aa89f046b6f7390a537494ae110c572,1.42855,1.43992,1.24249,1.72231,1.24567,1.42855
sum-i64,2,current,1003a83830e8b12ae1cb86bdec98af3d649ae54404b59a1466ec31548b149353,2,1000000,65536,1.24817,81512,67815070ec5e825828d32b5e6b3a37db6aa89f046b6f7390a537494ae110c572,1.13033,1.13196,1.13033,1.13678,1.13011,1.12637
sum-i64,2,baseline,f9ed90d41e7bff92707a796e4677772351a23e53a6e148cf831a3feb92ae880e,2,1000000,65536,2.07136,96052,67815070ec5e825828d32b5e6b3a37db6aa89f046b6f7390a537494ae110c572,1.77488,1.77488,2.00325,1.7366,1.87778,1.72613
sum-i64,1,current,1003a83830e8b12ae1cb86bdec98af3d649ae54404b59a1466ec31548b149353,2,1000000,65536,1.85004,71196,67815070ec5e825828d32b5e6b3a37db6aa89f046b6f7390a537494ae110c572,1.69983,1.69983,1.71458,1.68867,1.69043,1.73537
sum-i64,1,baseline,f9ed90d41e7bff92707a796e4677772351a23e53a6e148cf831a3feb92ae880e,2,1000000,65536,2.92031,70612,67815070ec5e825828d32b5e6b3a37db6aa89f046b6f7390a537494ae110c572,2.75781,2.7425,2.80392,2.80528,2.75781,2.74181
extrema-i32,default,current,1003a83830e8b12ae1cb86bdec98af3d649ae54404b59a1466ec31548b149353,2,1000000,65536,1.13122,348652,4898738f30509da2f14fee436fc21c3382e34c12d831b3de2f193a08af899061,0.919257,0.935951,0.91528,0.866751,0.919257,0.968624
extrema-i32,default,baseline,f9ed90d41e7bff92707a796e4677772351a23e53a6e148cf831a3feb92ae880e,2,1000000,65536,4.8832,788544,4898738f30509da2f14fee436fc21c3382e34c12d831b3de2f193a08af899061,7.41861,6.50663,8.35458,5.59862,7.41861,8.37975
extrema-i32,16,current,1003a83830e8b12ae1cb86bdec98af3d649ae54404b59a1466ec31548b149353,2,1000000,65536,1.29021,225132,4898738f30509da2f14fee436fc21c3382e34c12d831b3de2f193a08af899061,1.19915,1.17125,1.18421,1.19915,1.22023,1.25106
extrema-i32,16,baseline,f9ed90d41e7bff92707a796e4677772351a23e53a6e148cf831a3feb92ae880e,2,1000000,65536,3.98587,532536,4898738f30509da2f14fee436fc21c3382e34c12d831b3de2f193a08af899061,4.99137,4.55591,5.43937,4.99137,4.09104,5.17155
extrema-i32,8,current,1003a83830e8b12ae1cb86bdec98af3d649ae54404b59a1466ec31548b149353,2,1000000,65536,2.1818,142960,4898738f30509da2f14fee436fc21c3382e34c12d831b3de2f193a08af899061,1.96222,2.20113,1.85387,2.07383,1.96222,1.45335
extrema-i32,8,baseline,f9ed90d41e7bff92707a796e4677772351a23e53a6e148cf831a3feb92ae880e,2,1000000,65536,3.62409,300456,4898738f30509da2f14fee436fc21c3382e34c12d831b3de2f193a08af899061,3.65816,4.00686,3.53932,4.46305,3.65816,3.23512
extrema-i32,4,current,1003a83830e8b12ae1cb86bdec98af3d649ae54404b59a1466ec31548b149353,2,1000000,65536,1.39832,101636,4898738f30509da2f14fee436fc21c3382e34c12d831b3de2f193a08af899061,1.2373,1.25187,1.24952,1.2355,1.2373,1.23658
extrema-i32,4,baseline,f9ed90d41e7bff92707a796e4677772351a23e53a6e148cf831a3feb92ae880e,2,1000000,65536,2.33044,169384,4898738f30509da2f14fee436fc21c3382e34c12d831b3de2f193a08af899061,2.36885,2.48579,2.93913,2.17161,2.36885,2.18262
extrema-i32,2,current,1003a83830e8b12ae1cb86bdec98af3d649ae54404b59a1466ec31548b149353,2,1000000,65536,1.96566,81556,4898738f30509da2f14fee436fc21c3382e34c12d831b3de2f193a08af899061,1.85071,2.05727,1.88093,1.85071,1.82868,1.83981
extrema-i32,2,baseline,f9ed90d41e7bff92707a796e4677772351a23e53a6e148cf831a3feb92ae880e,2,1000000,65536,2.88071,103652,4898738f30509da2f14fee436fc21c3382e34c12d831b3de2f193a08af899061,2.78975,2.9305,2.79102,2.47578,2.78975,2.57156
extrema-i32,1,current,1003a83830e8b12ae1cb86bdec98af3d649ae54404b59a1466ec31548b149353,2,1000000,65536,3.02533,71036,4898738f30509da2f14fee436fc21c3382e34c12d831b3de2f193a08af899061,2.76837,2.8245,2.77742,2.7582,2.74379,2.76837
extrema-i32,1,baseline,f9ed90d41e7bff92707a796e4677772351a23e53a6e148cf831a3feb92ae880e,2,1000000,65536,4.12055,70832,4898738f30509da2f14fee436fc21c3382e34c12d831b3de2f193a08af899061,3.71278,3.71278,3.67871,3.68305,3.73933,3.74778
sum-i32,default,current,1003a83830e8b12ae1cb86bdec98af3d649ae54404b59a1466ec31548b149353,2,1000000,65536,0.842703,348148,67815070ec5e825828d32b5e6b3a37db6aa89f046b6f7390a537494ae110c572,0.715552,0.754739,0.715552,0.713772,0.68151,0.738751
sum-i32,default,baseline,f9ed90d41e7bff92707a796e4677772351a23e53a6e148cf831a3feb92ae880e,2,1000000,65536,4.47484,751916,67815070ec5e825828d32b5e6b3a37db6aa89f046b6f7390a537494ae110c572,5.56176,5.56176,5.35696,6.27989,4.95183,6.07187
sum-i32,16,current,1003a83830e8b12ae1cb86bdec98af3d649ae54404b59a1466ec31548b149353,2,1000000,65536,0.964804,225092,67815070ec5e825828d32b5e6b3a37db6aa89f046b6f7390a537494ae110c572,0.936073,0.951577,0.936073,0.904823,0.950654,0.934694
sum-i32,16,baseline,f9ed90d41e7bff92707a796e4677772351a23e53a6e148cf831a3feb92ae880e,2,1000000,65536,4.8718,348052,67815070ec5e825828d32b5e6b3a37db6aa89f046b6f7390a537494ae110c572,5.69508,5.69508,5.14861,6.31574,5.43827,6.21628
sum-i32,8,current,1003a83830e8b12ae1cb86bdec98af3d649ae54404b59a1466ec31548b149353,2,1000000,65536,2.60714,161364,67815070ec5e825828d32b5e6b3a37db6aa89f046b6f7390a537494ae110c572,1.38774,1.55758,1.40349,1.38774,1.3862,1.26794
sum-i32,8,baseline,f9ed90d41e7bff92707a796e4677772351a23e53a6e148cf831a3feb92ae880e,2,1000000,65536,2.67614,200368,67815070ec5e825828d32b5e6b3a37db6aa89f046b6f7390a537494ae110c572,2.63331,2.90275,2.26228,3.09916,2.29427,2.63331
sum-i32,4,current,1003a83830e8b12ae1cb86bdec98af3d649ae54404b59a1466ec31548b149353,2,1000000,65536,1.64107,102084,67815070ec5e825828d32b5e6b3a37db6aa89f046b6f7390a537494ae110c572,1.43105,1.43194,1.42512,1.43105,1.43074,1.48586
sum-i32,4,baseline,f9ed90d41e7bff92707a796e4677772351a23e53a6e148cf831a3feb92ae880e,2,1000000,65536,1.94087,126024,67815070ec5e825828d32b5e6b3a37db6aa89f046b6f7390a537494ae110c572,1.82137,1.96774,1.82137,2.04479,1.38007,1.50027
sum-i32,2,current,1003a83830e8b12ae1cb86bdec98af3d649ae54404b59a1466ec31548b149353,2,1000000,65536,1.27422,80948,67815070ec5e825828d32b5e6b3a37db6aa89f046b6f7390a537494ae110c572,1.16606,1.17496,1.19838,1.13067,1.16606,1.12559
sum-i32,2,baseline,f9ed90d41e7bff92707a796e4677772351a23e53a6e148cf831a3feb92ae880e,2,1000000,65536,2.11253,95912,67815070ec5e825828d32b5e6b3a37db6aa89f046b6f7390a537494ae110c572,1.84076,1.79584,2.55342,1.82202,1.93993,1.84076
sum-i32,1,current,1003a83830e8b12ae1cb86bdec98af3d649ae54404b59a1466ec31548b149353,2,1000000,65536,1.86823,71280,67815070ec5e825828d32b5e6b3a37db6aa89f046b6f7390a537494ae110c572,1.68166,1.69269,1.68166,1.66428,1.69881,1.67851
sum-i32,1,baseline,f9ed90d41e7bff92707a796e4677772351a23e53a6e148cf831a3feb92ae880e,2,1000000,65536,2.86588,70808,67815070ec5e825828d32b5e6b3a37db6aa89f046b6f7390a537494ae110c572,2.73827,2.79723,2.78415,2.73827,2.72219,2.72951
extrema-i16,default,current,1003a83830e8b12ae1cb86bdec98af3d649ae54404b59a1466ec31548b149353,2,1000000,65536,1.17709,347936,4898738f30509da2f14fee436fc21c3382e34c12d831b3de2f193a08af899061,0.900764,0.900764,0.897055,0.992585,0.973387,0.873616
extrema-i16,default,baseline,f9ed90d41e7bff92707a796e4677772351a23e53a6e148cf831a3feb92ae880e,2,1000000,65536,4.602,796684,4898738f30509da2f14fee436fc21c3382e34c12d831b3de2f193a08af899061,6.44464,5.78114,6.44464,4.98364,6.46296,6.74754
extrema-i16,16,current,1003a83830e8b12ae1cb86bdec98af3d649ae54404b59a1466ec31548b149353,2,1000000,65536,1.17425,224776,4898738f30509da2f14fee436fc21c3382e34c12d831b3de2f193a08af899061,3.16544,1.2994,3.16544,2.95966,3.8137,3.35388
extrema-i16,16,baseline,f9ed90d41e7bff92707a796e4677772351a23e53a6e148cf831a3feb92ae880e,2,1000000,65536,5.0393,519956,4898738f30509da2f14fee436fc21c3382e34c12d831b3de2f193a08af899061,6.08605,6.08605,5.9898,5.54262,6.48455,7.51152
extrema-i16,8,current,1003a83830e8b12ae1cb86bdec98af3d649ae54404b59a1466ec31548b149353,2,1000000,65536,2.55702,143264,4898738f30509da2f14fee436fc21c3382e34c12d831b3de2f193a08af899061,2.13506,2.23366,2.01249,2.13506,2.01993,2.17019
extrema-i16,8,baseline,f9ed90d41e7bff92707a796e4677772351a23e53a6e148cf831a3feb92ae880e,2,1000000,65536,3.64175,300860,4898738f30509da2f14fee436fc21c3382e34c12d831b3de2f193a08af899061,4.10445,4.10445,3.64589,4.7853,5.21404,4.0091
extrema-i16,4,current,1003a83830e8b12ae1cb86bdec98af3d649ae54404b59a1466ec31548b149353,2,1000000,65536,1.42785,102020,4898738f30509da2f14fee436fc21c3382e34c12d831b3de2f193a08af899061,1.23821,1.2668,1.23821,1.31227,1.22483,1.22232
extrema-i16,4,baseline,f9ed90d41e7bff92707a796e4677772351a23e53a6e148cf831a3feb92ae880e,2,1000000,65536,2.29553,169156,4898738f30509da2f14fee436fc21c3382e34c12d831b3de2f193a08af899061,2.28046,2.28046,2.61317,1.98184,2.20345,2.29276
extrema-i16,2,current,1003a83830e8b12ae1cb86bdec98af3d649ae54404b59a1466ec31548b149353,2,1000000,65536,1.97652,81804,4898738f30509da2f14fee436fc21c3382e34c12d831b3de2f193a08af899061,1.82799,1.85831,1.83451,1.82799,1.80963,1.81279
extrema-i16,2,baseline,f9ed90d41e7bff92707a796e4677772351a23e53a6e148cf831a3feb92ae880e,2,1000000,65536,2.82853,104064,4898738f30509da2f14fee436fc21c3382e34c12d831b3de2f193a08af899061,2.79853,2.90894,2.75846,2.49075,2.79853,2.92257
extrema-i16,1,current,1003a83830e8b12ae1cb86bdec98af3d649ae54404b59a1466ec31548b149353,2,1000000,65536,2.90114,71016,4898738f30509da2f14fee436fc21c3382e34c12d831b3de2f193a08af899061,2.71614,2.72907,2.69241,2.71407,2.71883,2.71614
extrema-i16,1,baseline,f9ed90d41e7bff92707a796e4677772351a23e53a6e148cf831a3feb92ae880e,2,1000000,65536,3.80808,71284,4898738f30509da2f14fee436fc21c3382e34c12d831b3de2f193a08af899061,3.68698,3.60928,3.64499,3.68698,3.72814,3.81096
sum-i16,default,current,1003a83830e8b12ae1cb86bdec98af3d649ae54404b59a1466ec31548b149353,2,1000000,65536,0.869246,347868,67815070ec5e825828d32b5e6b3a37db6aa89f046b6f7390a537494ae110c572,0.768048,0.768048,0.777278,0.68474,0.679888,0.811542
sum-i16,default,baseline,f9ed90d41e7bff92707a796e4677772351a23e53a6e148cf831a3feb92ae880e,2,1000000,65536,4.2152,755784,67815070ec5e825828d32b5e6b3a37db6aa89f046b6f7390a537494ae110c572,6.39098,6.39098,4.57105,7.33007,5.58107,6.56002
sum-i16,16,current,1003a83830e8b12ae1cb86bdec98af3d649ae54404b59a1466ec31548b149353,2,1000000,65536,0.986881,225248,67815070ec5e825828d32b5e6b3a37db6aa89f046b6f7390a537494ae110c572,0.911208,0.912042,0.894263,0.911208,0.803985,0.988404
sum-i16,16,baseline,f9ed90d41e7bff92707a796e4677772351a23e53a6e148cf831a3feb92ae880e,2,1000000,65536,5.42644,348296,67815070ec5e825828d32b5e6b3a37db6aa89f046b6f7390a537494ae110c572,5.0847,4.67897,4.8598,6.37527,5.0847,5.85372
sum-i16,8,current,1003a83830e8b12ae1cb86bdec98af3d649ae54404b59a1466ec31548b149353,2,1000000,65536,1.40602,161372,67815070ec5e825828d32b5e6b3a37db6aa89f046b6f7390a537494ae110c572,1.24192,2.26613,1.28126,1.2111,1.24192,1.2126
sum-i16,8,baseline,f9ed90d41e7bff92707a796e4677772351a23e53a6e148cf831a3feb92ae880e,2,1000000,65536,1.511,200556,67815070ec5e825828d32b5e6b3a37db6aa89f046b6f7390a537494ae110c572,1.64152,1.64152,1.29194,2.70232,1.27219,1.64916
sum-i16,4,current,1003a83830e8b12ae1cb86bdec98af3d649ae54404b59a1466ec31548b149353,2,1000000,65536,0.846091,102064,67815070ec5e825828d32b5e6b3a37db6aa89f046b6f7390a537494ae110c572,0.736604,0.748681,0.732001,0.736604,0.738522,0.736319
sum-i16,4,baseline,f9ed90d41e7bff92707a796e4677772351a23e53a6e148cf831a3feb92ae880e,2,1000000,65536,3.20243,126708,67815070ec5e825828d32b5e6b3a37db6aa89f046b6f7390a537494ae110c572,2.99741,3.05799,2.76709,3.31638,2.76455,2.99741
sum-i16,2,current,1003a83830e8b12ae1cb86bdec98af3d649ae54404b59a1466ec31548b149353,2,1000000,65536,1.24207,81540,67815070ec5e825828d32b5e6b3a37db6aa89f046b6f7390a537494ae110c572,1.1199,1.13778,1.1199,1.11996,1.11319,1.11927
sum-i16,2,baseline,f9ed90d41e7bff92707a796e4677772351a23e53a6e148cf831a3feb92ae880e,2,1000000,65536,2.07411,95808,67815070ec5e825828d32b5e6b3a37db6aa89f046b6f7390a537494ae110c572,1.86035,1.74863,2.00661,1.72341,1.86035,1.86974
sum-i16,1,current,1003a83830e8b12ae1cb86bdec98af3d649ae54404b59a1466ec31548b149353,2,1000000,65536,1.82042,71052,67815070ec5e825828d32b5e6b3a37db6aa89f046b6f7390a537494ae110c572,1.67148,1.69007,1.67148,1.66134,1.66541,1.67806
sum-i16,1,baseline,f9ed90d41e7bff92707a796e4677772351a23e53a6e148cf831a3feb92ae880e,2,1000000,65536,2.91036,71188,67815070ec5e825828d32b5e6b3a37db6aa89f046b6f7390a537494ae110c572,2.76208,2.81203,2.77805,2.76208,2.75833,2.73814
extrema-u8,default,current,1003a83830e8b12ae1cb86bdec98af3d649ae54404b59a1466ec31548b149353,2,1000000,65536,1.05219,348400,865618857312d182f2e0f74b03c647f75d8a300ec949898790a3af65cf896f38,0.855764,0.836867,0.8609,0.846591,0.888436,0.855764
extrema-u8,default,baseline,f9ed90d41e7bff92707a796e4677772351a23e53a6e148cf831a3feb92ae880e,2,1000000,65536,4.80561,790572,865618857312d182f2e0f74b03c647f75d8a300ec949898790a3af65cf896f38,6.7347,5.2319,6.82257,4.39539,6.7347,7.71056
extrema-u8,16,current,1003a83830e8b12ae1cb86bdec98af3d649ae54404b59a1466ec31548b149353,2,1000000,65536,1.32113,224744,865618857312d182f2e0f74b03c647f75d8a300ec949898790a3af65cf896f38,1.26912,1.201,1.30633,1.29195,1.26912,1.26595
extrema-u8,16,baseline,f9ed90d41e7bff92707a796e4677772351a23e53a6e148cf831a3feb92ae880e,2,1000000,65536,3.71626,513848,865618857312d182f2e0f74b03c647f75d8a300ec949898790a3af65cf896f38,4.82435,4.16887,5.11972,4.82435,3.80908,5.49646
extrema-u8,8,current,1003a83830e8b12ae1cb86bdec98af3d649ae54404b59a1466ec31548b149353,2,1000000,65536,2.02895,143428,865618857312d182f2e0f74b03c647f75d8a300ec949898790a3af65cf896f38,1.80402,1.80402,1.79317,1.86074,1.7852,1.92837
extrema-u8,8,baseline,f9ed90d41e7bff92707a796e4677772351a23e53a6e148cf831a3feb92ae880e,2,1000000,65536,3.48981,300752,865618857312d182f2e0f74b03c647f75d8a300ec949898790a3af65cf896f38,3.1674,3.49894,2.73813,3.796,3.1674,2.89866
extrema-u8,4,current,1003a83830e8b12ae1cb86bdec98af3d649ae54404b59a1466ec31548b149353,2,1000000,65536,1.6361,102084,865618857312d182f2e0f74b03c647f75d8a300ec949898790a3af65cf896f38,1.2945,1.47359,1.30044,1.29007,1.2945,1.29072
extrema-u8,4,baseline,f9ed90d41e7bff92707a796e4677772351a23e53a6e148cf831a3feb92ae880e,2,1000000,65536,2.12289,169988,865618857312d182f2e0f74b03c647f75d8a300ec949898790a3af65cf896f38,2.0939,2.15733,2.45101,1.86311,2.0939,1.84087
extrema-u8,2,current,1003a83830e8b12ae1cb86bdec98af3d649ae54404b59a1466ec31548b149353,2,1000000,65536,2.00317,81724,865618857312d182f2e0f74b03c647f75d8a300ec949898790a3af65cf896f38,1.84599,1.87002,1.84599,1.83977,1.8443,1.84648
extrema-u8,2,baseline,f9ed90d41e7bff92707a796e4677772351a23e53a6e148cf831a3feb92ae880e,2,1000000,65536,2.57568,104076,865618857312d182f2e0f74b03c647f75d8a300ec949898790a3af65cf896f38,2.44941,2.90392,2.60822,2.25737,2.44941,2.3773
extrema-u8,1,current,1003a83830e8b12ae1cb86bdec98af3d649ae54404b59a1466ec31548b149353,2,1000000,65536,3.04867,71276,865618857312d182f2e0f74b03c647f75d8a300ec949898790a3af65cf896f38,2.73332,2.75927,2.73332,2.73256,2.72158,2.7545
extrema-u8,1,baseline,f9ed90d41e7bff92707a796e4677772351a23e53a6e148cf831a3feb92ae880e,2,1000000,65536,3.34432,71176,865618857312d182f2e0f74b03c647f75d8a300ec949898790a3af65cf896f38,3.01021,2.94638,3.01021,2.94242,3.04458,3.04415
sum-u8,default,current,1003a83830e8b12ae1cb86bdec98af3d649ae54404b59a1466ec31548b149353,2,1000000,65536,0.75569,348396,6ee3c77ffbcfa78658c6e2d83db34cfa1d1e7dee8b7b22b8a489f69ac294492f,0.679529,0.716696,0.673799,0.679529,0.653553,0.690485
sum-u8,default,baseline,f9ed90d41e7bff92707a796e4677772351a23e53a6e148cf831a3feb92ae880e,2,1000000,65536,3.94519,749612,6ee3c77ffbcfa78658c6e2d83db34cfa1d1e7dee8b7b22b8a489f69ac294492f,5.29948,5.02205,4.59029,6.2215,5.29948,7.44393
sum-u8,16,current,1003a83830e8b12ae1cb86bdec98af3d649ae54404b59a1466ec31548b149353,2,1000000,65536,0.927987,225228,6ee3c77ffbcfa78658c6e2d83db34cfa1d1e7dee8b7b22b8a489f69ac294492f,0.83367,0.805128,0.797132,0.834755,0.849474,0.83367
sum-u8,16,baseline,f9ed90d41e7bff92707a796e4677772351a23e53a6e148cf831a3feb92ae880e,2,1000000,65536,5.11795,347876,6ee3c77ffbcfa78658c6e2d83db34cfa1d1e7dee8b7b22b8a489f69ac294492f,5.52286,5.52798,4.73587,5.52286,4.93838,5.55951
sum-u8,8,current,1003a83830e8b12ae1cb86bdec98af3d649ae54404b59a1466ec31548b149353,2,1000000,65536,1.62583,143360,6ee3c77ffbcfa78658c6e2d83db34cfa1d1e7dee8b7b22b8a489f69ac294492f,1.32182,1.43002,1.31926,1.32246,1.32182,1.09651
sum-u8,8,baseline,f9ed90d41e7bff92707a796e4677772351a23e53a6e148cf831a3feb92ae880e,2,1000000,65536,2.47299,200668,6ee3c77ffbcfa78658c6e2d83db34cfa1d1e7dee8b7b22b8a489f69ac294492f,2.20252,2.70251,2.20252,2.8494,1.51483,1.56129
sum-u8,4,current,1003a83830e8b12ae1cb86bdec98af3d649ae54404b59a1466ec31548b149353,2,1000000,65536,1.5066,102108,6ee3c77ffbcfa78658c6e2d83db34cfa1d1e7dee8b7b22b8a489f69ac294492f,0.736886,1.28151,0.738036,0.733264,0.736886,0.734921
sum-u8,4,baseline,f9ed90d41e7bff92707a796e4677772351a23e53a6e148cf831a3feb92ae880e,2,1000000,65536,2.10796,126748,6ee3c77ffbcfa78658c6e2d83db34cfa1d1e7dee8b7b22b8a489f69ac294492f,2.14737,2.14737,1.91598,2.45181,1.92735,2.15019
sum-u8,2,current,1003a83830e8b12ae1cb86bdec98af3d649ae54404b59a1466ec31548b149353,2,1000000,65536,1.23519,81572,6ee3c77ffbcfa78658c6e2d83db34cfa1d1e7dee8b7b22b8a489f69ac294492f,1.11762,1.14103,1.12586,1.11724,1.11762,1.1149
sum-u8,2,baseline,f9ed90d41e7bff92707a796e4677772351a23e53a6e148cf831a3feb92ae880e,2,1000000,65536,1.96725,95584,6ee3c77ffbcfa78658c6e2d83db34cfa1d1e7dee8b7b22b8a489f69ac294492f,1.82254,1.70442,1.95663,1.69969,1.82254,1.90082
sum-u8,1,current,1003a83830e8b12ae1cb86bdec98af3d649ae54404b59a1466ec31548b149353,2,1000000,65536,1.8083,71276,6ee3c77ffbcfa78658c6e2d83db34cfa1d1e7dee8b7b22b8a489f69ac294492f,1.67085,1.67085,1.66259,1.66308,1.67213,1.71765
sum-u8,1,baseline,f9ed90d41e7bff92707a796e4677772351a23e53a6e148cf831a3feb92ae880e,2,1000000,65536,2.88014,71292,6ee3c77ffbcfa78658c6e2d83db34cfa1d1e7dee8b7b22b8a489f69ac294492f,2.70509,2.70509,2.70326,2.76055,2.71211,2.69304
extrema-bool,default,current,1003a83830e8b12ae1cb86bdec98af3d649ae54404b59a1466ec31548b149353,2,1000000,65536,0.945417,348140,11a2b43ddb236cf91744ab8f1ced269bcd7426c87a195977b338f9c480bfea34,0.80697,0.803258,0.825097,0.841493,0.80697,0.791611
extrema-bool,default,baseline,f9ed90d41e7bff92707a796e4677772351a23e53a6e148cf831a3feb92ae880e,2,1000000,65536,3.80797,790684,11a2b43ddb236cf91744ab8f1ced269bcd7426c87a195977b338f9c480bfea34,5.25158,5.05746,6.57739,4.43157,5.25158,7.79459
extrema-bool,16,current,1003a83830e8b12ae1cb86bdec98af3d649ae54404b59a1466ec31548b149353,2,1000000,65536,1.17772,225240,11a2b43ddb236cf91744ab8f1ced269bcd7426c87a195977b338f9c480bfea34,1.11937,1.09229,1.11937,1.10879,1.14229,1.15474
extrema-bool,16,baseline,f9ed90d41e7bff92707a796e4677772351a23e53a6e148cf831a3feb92ae880e,2,1000000,65536,3.67069,515968,11a2b43ddb236cf91744ab8f1ced269bcd7426c87a195977b338f9c480bfea34,4.36614,4.36614,4.75671,3.9977,3.97283,5.25675
extrema-bool,8,current,1003a83830e8b12ae1cb86bdec98af3d649ae54404b59a1466ec31548b149353,2,1000000,65536,1.60531,143080,11a2b43ddb236cf91744ab8f1ced269bcd7426c87a195977b338f9c480bfea34,1.85889,1.80673,1.85889,1.87266,1.89122,1.80144
extrema-bool,8,baseline,f9ed90d41e7bff92707a796e4677772351a23e53a6e148cf831a3feb92ae880e,2,1000000,65536,3.64507,300672,11a2b43ddb236cf91744ab8f1ced269bcd7426c87a195977b338f9c480bfea34,3.27256,4.10794,3.27256,4.36265,2.97388,2.73699
extrema-bool,4,current,1003a83830e8b12ae1cb86bdec98af3d649ae54404b59a1466ec31548b149353,2,1000000,65536,1.28104,102064,11a2b43ddb236cf91744ab8f1ced269bcd7426c87a195977b338f9c480bfea34,1.15341,1.17256,1.1591,1.14426,1.15219,1.15341
extrema-bool,4,baseline,f9ed90d41e7bff92707a796e4677772351a23e53a6e148cf831a3feb92ae880e,2,1000000,65536,3.65964,169240,11a2b43ddb236cf91744ab8f1ced269bcd7426c87a195977b338f9c480bfea34,2.96493,3.14329,3.63847,2.55086,2.96493,2.60809
extrema-bool,2,current,1003a83830e8b12ae1cb86bdec98af3d649ae54404b59a1466ec31548b149353,2,1000000,65536,2.52555,81512,11a2b43ddb236cf91744ab8f1ced269bcd7426c87a195977b338f9c480bfea34,1.74829,1.74829,1.72983,1.74339,1.87231,1.77865
extrema-bool,2,baseline,f9ed90d41e7bff92707a796e4677772351a23e53a6e148cf831a3feb92ae880e,2,1000000,65536,2.68893,103572,11a2b43ddb236cf91744ab8f1ced269bcd7426c87a195977b338f9c480bfea34,2.35797,2.57029,2.36224,2.02374,2.35797,2.27507
extrema-bool,1,current,1003a83830e8b12ae1cb86bdec98af3d649ae54404b59a1466ec31548b149353,2,1000000,65536,2.88251,71256,11a2b43ddb236cf91744ab8f1ced269bcd7426c87a195977b338f9c480bfea34,2.62198,2.65734,2.62198,2.63608,2.61404,2.61314
extrema-bool,1,baseline,f9ed90d41e7bff92707a796e4677772351a23e53a6e148cf831a3feb92ae880e,2,1000000,65536,3.13015,70836,11a2b43ddb236cf91744ab8f1ced269bcd7426c87a195977b338f9c480bfea34,2.97816,2.9457,3.02856,3.04951,2.97816,2.95791
sum-bool,default,current,1003a83830e8b12ae1cb86bdec98af3d649ae54404b59a1466ec31548b149353,2,1000000,65536,0.831388,348172,3a422bd9b13a7dd1317a73bf9bc8f1ebb834620bbc623153bb60a62d1f0ddbed,0.672871,0.691153,0.672871,0.613557,0.708793,0.595071
sum-bool,default,baseline,f9ed90d41e7bff92707a796e4677772351a23e53a6e148cf831a3feb92ae880e,2,1000000,65536,3.92407,753984,3a422bd9b13a7dd1317a73bf9bc8f1ebb834620bbc623153bb60a62d1f0ddbed,5.20232,4.96546,4.19663,6.28789,5.20232,6.16909
sum-bool,16,current,1003a83830e8b12ae1cb86bdec98af3d649ae54404b59a1466ec31548b149353,2,1000000,65536,0.909349,225260,3a422bd9b13a7dd1317a73bf9bc8f1ebb834620bbc623153bb60a62d1f0ddbed,0.936126,0.936126,0.753927,0.971002,0.76979,0.939233
sum-bool,16,baseline,f9ed90d41e7bff92707a796e4677772351a23e53a6e148cf831a3feb92ae880e,2,1000000,65536,5.23555,348044,3a422bd9b13a7dd1317a73bf9bc8f1ebb834620bbc623153bb60a62d1f0ddbed,5.74788,5.74788,5.27354,6.57953,5.13441,5.93996
sum-bool,8,current,1003a83830e8b12ae1cb86bdec98af3d649ae54404b59a1466ec31548b149353,2,1000000,65536,1.10695,142732,3a422bd9b13a7dd1317a73bf9bc8f1ebb834620bbc623153bb60a62d1f0ddbed,1.39947,1.35875,1.34037,1.436,1.44179,1.39947
sum-bool,8,baseline,f9ed90d41e7bff92707a796e4677772351a23e53a6e148cf831a3feb92ae880e,2,1000000,65536,3.1498,200380,3a422bd9b13a7dd1317a73bf9bc8f1ebb834620bbc623153bb60a62d1f0ddbed,3.0453,3.39418,3.0453,3.77519,2.93916,2.61833
sum-bool,4,current,1003a83830e8b12ae1cb86bdec98af3d649ae54404b59a1466ec31548b149353,2,1000000,65536,0.82576,102124,3a422bd9b13a7dd1317a73bf9bc8f1ebb834620bbc623153bb60a62d1f0ddbed,0.753534,0.753534,0.739168,0.739026,1.07206,1.999
sum-bool,4,baseline,f9ed90d41e7bff92707a796e4677772351a23e53a6e148cf831a3feb92ae880e,2,1000000,65536,1.41542,126556,3a422bd9b13a7dd1317a73bf9bc8f1ebb834620bbc623153bb60a62d1f0ddbed,1.44454,1.44454,1.20631,1.57519,1.42361,1.46572
sum-bool,2,current,1003a83830e8b12ae1cb86bdec98af3d649ae54404b59a1466ec31548b149353,2,1000000,65536,1.24141,81812,3a422bd9b13a7dd1317a73bf9bc8f1ebb834620bbc623153bb60a62d1f0ddbed,1.11588,1.12247,1.11875,1.11588,1.11549,1.11542
sum-bool,2,baseline,f9ed90d41e7bff92707a796e4677772351a23e53a6e148cf831a3feb92ae880e,2,1000000,65536,2.02529,95920,3a422bd9b13a7dd1317a73bf9bc8f1ebb834620bbc623153bb60a62d1f0ddbed,1.81046,1.81046,2.36575,1.73055,1.83194,1.69342
sum-bool,1,current,1003a83830e8b12ae1cb86bdec98af3d649ae54404b59a1466ec31548b149353,2,1000000,65536,1.92035,71228,3a422bd9b13a7dd1317a73bf9bc8f1ebb834620bbc623153bb60a62d1f0ddbed,1.67891,1.72891,1.68768,1.66856,1.67458,1.67891
sum-bool,1,baseline,f9ed90d41e7bff92707a796e4677772351a23e53a6e148cf831a3feb92ae880e,2,1000000,65536,2.85819,71184,3a422bd9b13a7dd1317a73bf9bc8f1ebb834620bbc623153bb60a62d1f0ddbed,2.71166,2.69239,2.71616,2.71166,2.73272,2.68969
sum-bool,1,baseline,f9ed90d41e7bff92707a796e4677772351a23e53a6e148cf831a3feb92ae880e,3,1000000,65536,2.85115,71036,3a422bd9b13a7dd1317a73bf9bc8f1ebb834620bbc623153bb60a62d1f0ddbed,2.70623,2.70623,2.80431,2.70285,2.73661,2.68738
sum-bool,1,current,1003a83830e8b12ae1cb86bdec98af3d649ae54404b59a1466ec31548b149353,3,1000000,65536,1.86115,71160,3a422bd9b13a7dd1317a73bf9bc8f1ebb834620bbc623153bb60a62d1f0ddbed,1.6701,1.68788,1.66897,1.67146,1.66664,1.6701
sum-bool,2,baseline,f9ed90d41e7bff92707a796e4677772351a23e53a6e148cf831a3feb92ae880e,3,1000000,65536,2.19218,95888,3a422bd9b13a7dd1317a73bf9bc8f1ebb834620bbc623153bb60a62d1f0ddbed,1.85568,1.85568,2.08406,1.79097,1.92197,1.78767
sum-bool,2,current,1003a83830e8b12ae1cb86bdec98af3d649ae54404b59a1466ec31548b149353,3,1000000,65536,1.22261,81452,3a422bd9b13a7dd1317a73bf9bc8f1ebb834620bbc623153bb60a62d1f0ddbed,1.12262,1.14133,1.12576,1.12262,1.11685,1.11528
sum-bool,4,baseline,f9ed90d41e7bff92707a796e4677772351a23e53a6e148cf831a3feb92ae880e,3,1000000,65536,2.11658,126536,3a422bd9b13a7dd1317a73bf9bc8f1ebb834620bbc623153bb60a62d1f0ddbed,1.83434,2.23684,2.03161,1.83434,1.19602,1.35643
sum-bool,4,current,1003a83830e8b12ae1cb86bdec98af3d649ae54404b59a1466ec31548b149353,3,1000000,65536,1.63984,101916,3a422bd9b13a7dd1317a73bf9bc8f1ebb834620bbc623153bb60a62d1f0ddbed,1.45734,1.39269,1.46063,1.45734,1.46087,1.2976
sum-bool,8,baseline,f9ed90d41e7bff92707a796e4677772351a23e53a6e148cf831a3feb92ae880e,3,1000000,65536,3.40196,200392,3a422bd9b13a7dd1317a73bf9bc8f1ebb834620bbc623153bb60a62d1f0ddbed,3.10493,4.79955,2.79892,3.99594,2.6453,3.10493
sum-bool,8,current,1003a83830e8b12ae1cb86bdec98af3d649ae54404b59a1466ec31548b149353,3,1000000,65536,1.31776,142676,3a422bd9b13a7dd1317a73bf9bc8f1ebb834620bbc623153bb60a62d1f0ddbed,0.654634,1.20966,1.19969,0.654634,0.644844,0.648891
sum-bool,16,baseline,f9ed90d41e7bff92707a796e4677772351a23e53a6e148cf831a3feb92ae880e,3,1000000,65536,4.9388,360336,3a422bd9b13a7dd1317a73bf9bc8f1ebb834620bbc623153bb60a62d1f0ddbed,5.77796,5.77796,5.42427,5.80639,5.83326,5.29225
sum-bool,16,current,1003a83830e8b12ae1cb86bdec98af3d649ae54404b59a1466ec31548b149353,3,1000000,65536,1.03402,225132,3a422bd9b13a7dd1317a73bf9bc8f1ebb834620bbc623153bb60a62d1f0ddbed,0.991297,0.871922,0.999089,0.991297,0.921766,1.02305
sum-bool,default,baseline,f9ed90d41e7bff92707a796e4677772351a23e53a6e148cf831a3feb92ae880e,3,1000000,65536,3.83916,735536,3a422bd9b13a7dd1317a73bf9bc8f1ebb834620bbc623153bb60a62d1f0ddbed,5.23176,4.98861,4.30103,6.35297,5.23176,8.32043
sum-bool,default,current,1003a83830e8b12ae1cb86bdec98af3d649ae54404b59a1466ec31548b149353,3,1000000,65536,0.751294,348188,3a422bd9b13a7dd1317a73bf9bc8f1ebb834620bbc623153bb60a62d1f0ddbed,0.727257,0.727257,0.743947,0.714384,0.746599,0.59864
extrema-bool,1,baseline,f9ed90d41e7bff92707a796e4677772351a23e53a6e148cf831a3feb92ae880e,3,1000000,65536,3.1141,71036,11a2b43ddb236cf91744ab8f1ced269bcd7426c87a195977b338f9c480bfea34,2.9712,2.93729,2.97948,3.0079,2.9712,2.94169
extrema-bool,1,current,1003a83830e8b12ae1cb86bdec98af3d649ae54404b59a1466ec31548b149353,3,1000000,65536,3.2982,71284,11a2b43ddb236cf91744ab8f1ced269bcd7426c87a195977b338f9c480bfea34,2.63876,2.73743,2.63876,2.65233,2.63766,2.63653
extrema-bool,2,baseline,f9ed90d41e7bff92707a796e4677772351a23e53a6e148cf831a3feb92ae880e,3,1000000,65536,2.35578,104100,11a2b43ddb236cf91744ab8f1ced269bcd7426c87a195977b338f9c480bfea34,2.28751,2.35932,2.38367,2.07848,2.28751,2.0291
extrema-bool,2,current,1003a83830e8b12ae1cb86bdec98af3d649ae54404b59a1466ec31548b149353,3,1000000,65536,1.8987,81824,11a2b43ddb236cf91744ab8f1ced269bcd7426c87a195977b338f9c480bfea34,1.73093,1.75833,1.72918,1.73845,1.73093,1.72686
extrema-bool,4,baseline,f9ed90d41e7bff92707a796e4677772351a23e53a6e148cf831a3feb92ae880e,3,1000000,65536,2.00109,169356,11a2b43ddb236cf91744ab8f1ced269bcd7426c87a195977b338f9c480bfea34,2.05007,2.10177,2.43658,1.78767,2.05007,1.86146
extrema-bool,4,current,1003a83830e8b12ae1cb86bdec98af3d649ae54404b59a1466ec31548b149353,3,1000000,65536,1.27627,102112,11a2b43ddb236cf91744ab8f1ced269bcd7426c87a195977b338f9c480bfea34,1.17544,1.1605,1.16679,1.17544,1.20548,1.2442
extrema-bool,8,baseline,f9ed90d41e7bff92707a796e4677772351a23e53a6e148cf831a3feb92ae880e,3,1000000,65536,3.2465,300896,11a2b43ddb236cf91744ab8f1ced269bcd7426c87a195977b338f9c480bfea34,3.20235,3.29473,2.73177,3.9186,3.20235,2.79004
extrema-bool,8,current,1003a83830e8b12ae1cb86bdec98af3d649ae54404b59a1466ec31548b149353,3,1000000,65536,1.81964,143148,11a2b43ddb236cf91744ab8f1ced269bcd7426c87a195977b338f9c480bfea34,1.55584,1.64722,1.51178,1.55584,1.6903,1.31318
extrema-bool,16,baseline,f9ed90d41e7bff92707a796e4677772351a23e53a6e148cf831a3feb92ae880e,3,1000000,65536,3.85732,519964,11a2b43ddb236cf91744ab8f1ced269bcd7426c87a195977b338f9c480bfea34,4.95944,4.31802,5.80327,4.4055,5.0544,4.95944
extrema-bool,16,current,1003a83830e8b12ae1cb86bdec98af3d649ae54404b59a1466ec31548b149353,3,1000000,65536,1.15571,225104,11a2b43ddb236cf91744ab8f1ced269bcd7426c87a195977b338f9c480bfea34,1.09655,1.09655,1.08618,1.06892,1.14738,1.15083
extrema-bool,default,baseline,f9ed90d41e7bff92707a796e4677772351a23e53a6e148cf831a3feb92ae880e,3,1000000,65536,3.93852,796736,11a2b43ddb236cf91744ab8f1ced269bcd7426c87a195977b338f9c480bfea34,6.73474,5.27473,6.73474,4.70003,7.71843,7.25991
extrema-bool,default,current,1003a83830e8b12ae1cb86bdec98af3d649ae54404b59a1466ec31548b149353,3,1000000,65536,1.09948,348040,11a2b43ddb236cf91744ab8f1ced269bcd7426c87a195977b338f9c480bfea34,0.816067,0.873573,0.805542,0.781804,0.841479,0.816067
sum-u8,1,baseline,f9ed90d41e7bff92707a796e4677772351a23e53a6e148cf831a3feb92ae880e,3,1000000,65536,2.89749,71020,6ee3c77ffbcfa78658c6e2d83db34cfa1d1e7dee8b7b22b8a489f69ac294492f,2.69243,2.69673,2.68989,2.68626,2.69243,2.7258
sum-u8,1,current,1003a83830e8b12ae1cb86bdec98af3d649ae54404b59a1466ec31548b149353,3,1000000,65536,1.83119,71288,6ee3c77ffbcfa78658c6e2d83db34cfa1d1e7dee8b7b22b8a489f69ac294492f,1.67102,1.70957,1.67711,1.67011,1.67102,1.66812
sum-u8,2,baseline,f9ed90d41e7bff92707a796e4677772351a23e53a6e148cf831a3feb92ae880e,3,1000000,65536,2.01882,95908,6ee3c77ffbcfa78658c6e2d83db34cfa1d1e7dee8b7b22b8a489f69ac294492f,1.76568,1.76568,1.97084,1.7137,1.82386,1.68395
sum-u8,2,current,1003a83830e8b12ae1cb86bdec98af3d649ae54404b59a1466ec31548b149353,3,1000000,65536,1.23258,81304,6ee3c77ffbcfa78658c6e2d83db34cfa1d1e7dee8b7b22b8a489f69ac294492f,1.11675,1.12216,1.11675,1.11407,1.11559,1.1181
sum-u8,4,baseline,f9ed90d41e7bff92707a796e4677772351a23e53a6e148cf831a3feb92ae880e,3,1000000,65536,2.06253,126472,6ee3c77ffbcfa78658c6e2d83db34cfa1d1e7dee8b7b22b8a489f69ac294492f,1.55983,2.02207,1.21868,1.55983,1.37258,2.0512
sum-u8,4,current,1003a83830e8b12ae1cb86bdec98af3d649ae54404b59a1466ec31548b149353,3,1000000,65536,1.62609,102116,6ee3c77ffbcfa78658c6e2d83db34cfa1d1e7dee8b7b22b8a489f69ac294492f,1.45201,1.45214,1.34294,1.45201,1.4591,1.35707
sum-u8,8,baseline,f9ed90d41e7bff92707a796e4677772351a23e53a6e148cf831a3feb92ae880e,3,1000000,65536,2.64215,200724,6ee3c77ffbcfa78658c6e2d83db34cfa1d1e7dee8b7b22b8a489f69ac294492f,2.7597,2.89031,2.51696,3.24793,2.48571,2.7597
sum-u8,8,current,1003a83830e8b12ae1cb86bdec98af3d649ae54404b59a1466ec31548b149353,3,1000000,65536,1.822,143104,6ee3c77ffbcfa78658c6e2d83db34cfa1d1e7dee8b7b22b8a489f69ac294492f,1.68416,1.67507,1.69032,1.6815,1.68416,1.69404
sum-u8,16,baseline,f9ed90d41e7bff92707a796e4677772351a23e53a6e148cf831a3feb92ae880e,3,1000000,65536,5.1956,348280,6ee3c77ffbcfa78658c6e2d83db34cfa1d1e7dee8b7b22b8a489f69ac294492f,5.76142,5.76142,5.41673,6.42765,5.79343,5.60361
sum-u8,16,current,1003a83830e8b12ae1cb86bdec98af3d649ae54404b59a1466ec31548b149353,3,1000000,65536,0.874794,225088,6ee3c77ffbcfa78658c6e2d83db34cfa1d1e7dee8b7b22b8a489f69ac294492f,0.970967,0.894523,0.992767,0.970967,0.969156,0.988511
sum-u8,default,baseline,f9ed90d41e7bff92707a796e4677772351a23e53a6e148cf831a3feb92ae880e,3,1000000,65536,4.2537,753928,6ee3c77ffbcfa78658c6e2d83db34cfa1d1e7dee8b7b22b8a489f69ac294492f,4.85066,4.85066,4.03366,6.23402,4.74317,5.65213
sum-u8,default,current,1003a83830e8b12ae1cb86bdec98af3d649ae54404b59a1466ec31548b149353,3,1000000,65536,0.825563,348148,6ee3c77ffbcfa78658c6e2d83db34cfa1d1e7dee8b7b22b8a489f69ac294492f,0.665353,0.71092,0.576204,0.665353,0.621738,0.879099
extrema-u8,1,baseline,f9ed90d41e7bff92707a796e4677772351a23e53a6e148cf831a3feb92ae880e,3,1000000,65536,3.4381,71540,865618857312d182f2e0f74b03c647f75d8a300ec949898790a3af65cf896f38,2.97454,2.98308,2.92587,2.97752,2.93115,2.97454
extrema-u8,1,current,1003a83830e8b12ae1cb86bdec98af3d649ae54404b59a1466ec31548b149353,3,1000000,65536,2.93953,71296,865618857312d182f2e0f74b03c647f75d8a300ec949898790a3af65cf896f38,2.73847,2.73847,2.73466,2.7595,2.75544,2.73392
extrema-u8,2,baseline,f9ed90d41e7bff92707a796e4677772351a23e53a6e148cf831a3feb92ae880e,3,1000000,65536,2.48205,104300,865618857312d182f2e0f74b03c647f75d8a300ec949898790a3af65cf896f38,2.63531,2.63531,2.3887,2.67696,2.76112,2.42767
extrema-u8,2,current,1003a83830e8b12ae1cb86bdec98af3d649ae54404b59a1466ec31548b149353,3,1000000,65536,1.99968,81360,865618857312d182f2e0f74b03c647f75d8a300ec949898790a3af65cf896f38,1.84769,1.86365,1.84769,1.84404,1.89317,1.84569
extrema-u8,4,baseline,f9ed90d41e7bff92707a796e4677772351a23e53a6e148cf831a3feb92ae880e,3,1000000,65536,5.39392,169492,865618857312d182f2e0f74b03c647f75d8a300ec949898790a3af65cf896f38,3.20168,3.46675,3.67042,2.7236,3.20168,2.66884
extrema-u8,4,current,1003a83830e8b12ae1cb86bdec98af3d649ae54404b59a1466ec31548b149353,3,1000000,65536,2.40759,102356,865618857312d182f2e0f74b03c647f75d8a300ec949898790a3af65cf896f38,1.25231,2.12139,1.25231,1.23148,1.25694,1.24601
extrema-u8,8,baseline,f9ed90d41e7bff92707a796e4677772351a23e53a6e148cf831a3feb92ae880e,3,1000000,65536,3.1983,300856,865618857312d182f2e0f74b03c647f75d8a300ec949898790a3af65cf896f38,2.48752,3.31233,2.21271,2.97992,2.48752,2.17809
extrema-u8,8,current,1003a83830e8b12ae1cb86bdec98af3d649ae54404b59a1466ec31548b149353,3,1000000,65536,1.80796,143404,865618857312d182f2e0f74b03c647f75d8a300ec949898790a3af65cf896f38,1.77538,1.42255,1.61364,1.8043,1.77538,1.81581
extrema-u8,16,baseline,f9ed90d41e7bff92707a796e4677772351a23e53a6e148cf831a3feb92ae880e,3,1000000,65536,5.00778,525836,865618857312d182f2e0f74b03c647f75d8a300ec949898790a3af65cf896f38,6.50457,6.41513,7.4278,5.12972,6.50457,8.99092
extrema-u8,16,current,1003a83830e8b12ae1cb86bdec98af3d649ae54404b59a1466ec31548b149353,3,1000000,65536,1.10064,225308,865618857312d182f2e0f74b03c647f75d8a300ec949898790a3af65cf896f38,1.15755,1.25083,1.11319,1.15078,1.18427,1.15755
extrema-u8,default,baseline,f9ed90d41e7bff92707a796e4677772351a23e53a6e148cf831a3feb92ae880e,3,1000000,65536,4.11715,788796,865618857312d182f2e0f74b03c647f75d8a300ec949898790a3af65cf896f38,5.70256,5.27129,6.30238,4.68148,5.70256,7.30338
extrema-u8,default,current,1003a83830e8b12ae1cb86bdec98af3d649ae54404b59a1466ec31548b149353,3,1000000,65536,1.0892,348360,865618857312d182f2e0f74b03c647f75d8a300ec949898790a3af65cf896f38,0.843661,0.881366,0.83544,0.859857,0.843661,0.808841
sum-i16,1,baseline,f9ed90d41e7bff92707a796e4677772351a23e53a6e148cf831a3feb92ae880e,3,1000000,65536,2.96202,70936,67815070ec5e825828d32b5e6b3a37db6aa89f046b6f7390a537494ae110c572,2.74681,2.7974,2.77003,2.74681,2.73822,2.74373
sum-i16,1,current,1003a83830e8b12ae1cb86bdec98af3d649ae54404b59a1466ec31548b149353,3,1000000,65536,1.80692,71272,67815070ec5e825828d32b5e6b3a37db6aa89f046b6f7390a537494ae110c572,1.66186,1.66186,1.66918,1.67275,1.66041,1.65701
sum-i16,2,baseline,f9ed90d41e7bff92707a796e4677772351a23e53a6e148cf831a3feb92ae880e,3,1000000,65536,2.13511,95912,67815070ec5e825828d32b5e6b3a37db6aa89f046b6f7390a537494ae110c572,1.80138,1.78433,1.98512,1.75653,1.92652,1.80138
sum-i16,2,current,1003a83830e8b12ae1cb86bdec98af3d649ae54404b59a1466ec31548b149353,3,1000000,65536,1.24962,81312,67815070ec5e825828d32b5e6b3a37db6aa89f046b6f7390a537494ae110c572,1.11906,1.12193,1.11635,1.11906,1.12483,1.11508
sum-i16,4,baseline,f9ed90d41e7bff92707a796e4677772351a23e53a6e148cf831a3feb92ae880e,3,1000000,65536,1.69613,126728,67815070ec5e825828d32b5e6b3a37db6aa89f046b6f7390a537494ae110c572,1.55175,1.55175,2.15549,2.72237,1.53106,1.46242
sum-i16,4,current,1003a83830e8b12ae1cb86bdec98af3d649ae54404b59a1466ec31548b149353,3,1000000,65536,0.860116,102248,67815070ec5e825828d32b5e6b3a37db6aa89f046b6f7390a537494ae110c572,0.733846,0.748929,0.734106,0.733846,0.732653,0.733282
sum-i16,8,baseline,f9ed90d41e7bff92707a796e4677772351a23e53a6e148cf831a3feb92ae880e,3,1000000,65536,3.09957,200288,67815070ec5e825828d32b5e6b3a37db6aa89f046b6f7390a537494ae110c572,2.70254,3.04136,2.70254,3.51856,2.5729,2.53097
sum-i16,8,current,1003a83830e8b12ae1cb86bdec98af3d649ae54404b59a1466ec31548b149353,3,1000000,65536,1.68157,161352,67815070ec5e825828d32b5e6b3a37db6aa89f046b6f7390a537494ae110c572,1.38569,2.40652,1.33952,1.38569,1.39142,1.37904
sum-i16,16,baseline,f9ed90d41e7bff92707a796e4677772351a23e53a6e148cf831a3feb92ae880e,3,1000000,65536,4.61316,348024,67815070ec5e825828d32b5e6b3a37db6aa89f046b6f7390a537494ae110c572,5.46538,5.7183,4.91869,6.25251,4.87105,5.46538
sum-i16,16,current,1003a83830e8b12ae1cb86bdec98af3d649ae54404b59a1466ec31548b149353,3,1000000,65536,0.984697,225364,67815070ec5e825828d32b5e6b3a37db6aa89f046b6f7390a537494ae110c572,0.847536,0.78233,0.847536,0.769683,0.898451,0.945173
sum-i16,default,baseline,f9ed90d41e7bff92707a796e4677772351a23e53a6e148cf831a3feb92ae880e,3,1000000,65536,3.90248,752200,67815070ec5e825828d32b5e6b3a37db6aa89f046b6f7390a537494ae110c572,5.22668,5.22668,3.8811,6.32847,5.59414,4.9412
sum-i16,default,current,1003a83830e8b12ae1cb86bdec98af3d649ae54404b59a1466ec31548b149353,3,1000000,65536,0.803319,348340,67815070ec5e825828d32b5e6b3a37db6aa89f046b6f7390a537494ae110c572,0.662563,0.662563,0.761083,0.680655,0.595299,0.558726
extrema-i16,1,baseline,f9ed90d41e7bff92707a796e4677772351a23e53a6e148cf831a3feb92ae880e,3,1000000,65536,3.79153,70828,4898738f30509da2f14fee436fc21c3382e34c12d831b3de2f193a08af899061,3.63449,3.61463,3.92997,3.63449,3.62213,3.69568
extrema-i16,1,current,1003a83830e8b12ae1cb86bdec98af3d649ae54404b59a1466ec31548b149353,3,1000000,65536,3.03902,71272,4898738f30509da2f14fee436fc21c3382e34c12d831b3de2f193a08af899061,2.76785,2.83916,2.77637,2.76785,2.73324,2.70189
extrema-i16,2,baseline,f9ed90d41e7bff92707a796e4677772351a23e53a6e148cf831a3feb92ae880e,3,1000000,65536,2.71676,104012,4898738f30509da2f14fee436fc21c3382e34c12d831b3de2f193a08af899061,2.77708,2.90091,2.80682,2.74284,2.77708,2.63124
extrema-i16,2,current,1003a83830e8b12ae1cb86bdec98af3d649ae54404b59a1466ec31548b149353,3,1000000,65536,1.9552,81804,4898738f30509da2f14fee436fc21c3382e34c12d831b3de2f193a08af899061,1.82914,1.82914,1.86459,2.0768,1.82028,1.80574
extrema-i16,4,baseline,f9ed90d41e7bff92707a796e4677772351a23e53a6e148cf831a3feb92ae880e,3,1000000,65536,2.29811,169720,4898738f30509da2f14fee436fc21c3382e34c12d831b3de2f193a08af899061,2.31935,2.31935,2.67408,1.94376,2.3858,2.24344
extrema-i16,4,current,1003a83830e8b12ae1cb86bdec98af3d649ae54404b59a1466ec31548b149353,3,1000000,65536,3.10754,102304,4898738f30509da2f14fee436fc21c3382e34c12d831b3de2f193a08af899061,1.30673,2.05449,1.30673,1.24024,1.22691,1.40687
extrema-i16,8,baseline,f9ed90d41e7bff92707a796e4677772351a23e53a6e148cf831a3feb92ae880e,3,1000000,65536,3.11486,300688,4898738f30509da2f14fee436fc21c3382e34c12d831b3de2f193a08af899061,3.51284,3.6578,3.18941,4.4203,3.51284,3.14189
extrema-i16,8,current,1003a83830e8b12ae1cb86bdec98af3d649ae54404b59a1466ec31548b149353,3,1000000,65536,2.40155,143220,4898738f30509da2f14fee436fc21c3382e34c12d831b3de2f193a08af899061,2.33073,2.33073,2.27402,2.24877,2.33386,2.38206
extrema-i16,16,baseline,f9ed90d41e7bff92707a796e4677772351a23e53a6e148cf831a3feb92ae880e,3,1000000,65536,3.97622,513868,4898738f30509da2f14fee436fc21c3382e34c12d831b3de2f193a08af899061,4.74269,4.74269,5.41285,4.36586,3.97193,5.73477
extrema-i16,16,current,1003a83830e8b12ae1cb86bdec98af3d649ae54404b59a1466ec31548b149353,3,1000000,65536,1.42123,225296,4898738f30509da2f14fee436fc21c3382e34c12d831b3de2f193a08af899061,1.19786,1.21543,1.14897,1.19786,1.17574,1.21057
extrema-i16,default,baseline,f9ed90d41e7bff92707a796e4677772351a23e53a6e148cf831a3feb92ae880e,3,1000000,65536,4.41063,780836,4898738f30509da2f14fee436fc21c3382e34c12d831b3de2f193a08af899061,6.76652,5.2385,7.98897,6.76652,5.49372,8.03675
extrema-i16,default,current,1003a83830e8b12ae1cb86bdec98af3d649ae54404b59a1466ec31548b149353,3,1000000,65536,1.23365,348320,4898738f30509da2f14fee436fc21c3382e34c12d831b3de2f193a08af899061,0.91756,0.961586,0.91756,0.917412,0.904305,0.918044
sum-i32,1,baseline,f9ed90d41e7bff92707a796e4677772351a23e53a6e148cf831a3feb92ae880e,3,1000000,65536,2.91517,71232,67815070ec5e825828d32b5e6b3a37db6aa89f046b6f7390a537494ae110c572,2.76378,2.77684,2.81031,2.76378,2.74185,2.74641
sum-i32,1,current,1003a83830e8b12ae1cb86bdec98af3d649ae54404b59a1466ec31548b149353,3,1000000,65536,1.83443,71032,67815070ec5e825828d32b5e6b3a37db6aa89f046b6f7390a537494ae110c572,1.67011,1.67705,1.67011,1.68484,1.66592,1.66788
sum-i32,2,baseline,f9ed90d41e7bff92707a796e4677772351a23e53a6e148cf831a3feb92ae880e,3,1000000,65536,2.02557,95880,67815070ec5e825828d32b5e6b3a37db6aa89f046b6f7390a537494ae110c572,1.94725,1.94725,2.0755,1.78079,1.97778,1.88613
sum-i32,2,current,1003a83830e8b12ae1cb86bdec98af3d649ae54404b59a1466ec31548b149353,3,1000000,65536,1.24788,81472,67815070ec5e825828d32b5e6b3a37db6aa89f046b6f7390a537494ae110c572,1.12093,1.13607,1.12158,1.1187,1.12093,1.11829
sum-i32,4,baseline,f9ed90d41e7bff92707a796e4677772351a23e53a6e148cf831a3feb92ae880e,3,1000000,65536,2.14475,126700,67815070ec5e825828d32b5e6b3a37db6aa89f046b6f7390a537494ae110c572,1.47079,1.5902,1.27899,1.65838,1.29282,1.47079
sum-i32,4,current,1003a83830e8b12ae1cb86bdec98af3d649ae54404b59a1466ec31548b149353,3,1000000,65536,1.50876,101940,67815070ec5e825828d32b5e6b3a37db6aa89f046b6f7390a537494ae110c572,1.42597,1.42842,1.50342,1.42597,1.41789,1.41518
sum-i32,8,baseline,f9ed90d41e7bff92707a796e4677772351a23e53a6e148cf831a3feb92ae880e,3,1000000,65536,2.79077,200676,67815070ec5e825828d32b5e6b3a37db6aa89f046b6f7390a537494ae110c572,2.99941,3.00226,2.63663,3.3638,2.99941,2.85613
sum-i32,8,current,1003a83830e8b12ae1cb86bdec98af3d649ae54404b59a1466ec31548b149353,3,1000000,65536,2.61757,161372,67815070ec5e825828d32b5e6b3a37db6aa89f046b6f7390a537494ae110c572,1.39892,1.57098,1.40908,1.33071,1.36972,1.39892
sum-i32,16,baseline,f9ed90d41e7bff92707a796e4677772351a23e53a6e148cf831a3feb92ae880e,3,1000000,65536,5.10541,348116,67815070ec5e825828d32b5e6b3a37db6aa89f046b6f7390a537494ae110c572,5.68594,5.71128,4.11837,6.49644,5.11385,5.68594
sum-i32,16,current,1003a83830e8b12ae1cb86bdec98af3d649ae54404b59a1466ec31548b149353,3,1000000,65536,1.07971,225332,67815070ec5e825828d32b5e6b3a37db6aa89f046b6f7390a537494ae110c572,0.927815,0.952383,0.966076,0.927815,0.911998,0.874751
sum-i32,default,baseline,f9ed90d41e7bff92707a796e4677772351a23e53a6e148cf831a3feb92ae880e,3,1000000,65536,3.95551,743744,67815070ec5e825828d32b5e6b3a37db6aa89f046b6f7390a537494ae110c572,5.48193,5.08471,4.02547,6.67328,5.48193,6.92368
sum-i32,default,current,1003a83830e8b12ae1cb86bdec98af3d649ae54404b59a1466ec31548b149353,3,1000000,65536,0.900228,348360,67815070ec5e825828d32b5e6b3a37db6aa89f046b6f7390a537494ae110c572,0.70729,0.728319,0.737887,0.70729,0.698907,0.671743
extrema-i32,1,baseline,f9ed90d41e7bff92707a796e4677772351a23e53a6e148cf831a3feb92ae880e,3,1000000,65536,4.75309,71192,4898738f30509da2f14fee436fc21c3382e34c12d831b3de2f193a08af899061,3.66742,3.7541,3.6378,3.62758,3.66742,3.66992
extrema-i32,1,current,1003a83830e8b12ae1cb86bdec98af3d649ae54404b59a1466ec31548b149353,3,1000000,65536,2.92399,71052,4898738f30509da2f14fee436fc21c3382e34c12d831b3de2f193a08af899061,2.74461,2.74461,3.0616,2.88203,2.73188,2.74064
extrema-i32,2,baseline,f9ed90d41e7bff92707a796e4677772351a23e53a6e148cf831a3feb92ae880e,3,1000000,65536,2.76321,104084,4898738f30509da2f14fee436fc21c3382e34c12d831b3de2f193a08af899061,2.69386,4.26333,2.88666,2.48499,2.69386,2.49566
extrema-i32,2,current,1003a83830e8b12ae1cb86bdec98af3d649ae54404b59a1466ec31548b149353,3,1000000,65536,2.01147,81816,4898738f30509da2f14fee436fc21c3382e34c12d831b3de2f193a08af899061,1.83918,1.87183,1.84591,1.83918,1.83726,1.83214
extrema-i32,4,baseline,f9ed90d41e7bff92707a796e4677772351a23e53a6e148cf831a3feb92ae880e,3,1000000,65536,2.30307,169712,4898738f30509da2f14fee436fc21c3382e34c12d831b3de2f193a08af899061,2.30941,2.30941,2.62019,1.96539,2.31793,2.06728
extrema-i32,4,current,1003a83830e8b12ae1cb86bdec98af3d649ae54404b59a1466ec31548b149353,3,1000000,65536,2.55795,101752,4898738f30509da2f14fee436fc21c3382e34c12d831b3de2f193a08af899061,2.49741,2.49741,3.12432,3.07029,1.46841,1.35127
extrema-i32,8,baseline,f9ed90d41e7bff92707a796e4677772351a23e53a6e148cf831a3feb92ae880e,3,1000000,65536,3.42816,300664,4898738f30509da2f14fee436fc21c3382e34c12d831b3de2f193a08af899061,3.74659,3.84309,3.16676,4.20713,3.74659,3.12571
extrema-i32,8,current,1003a83830e8b12ae1cb86bdec98af3d649ae54404b59a1466ec31548b149353,3,1000000,65536,2.03938,143120,4898738f30509da2f14fee436fc21c3382e34c12d831b3de2f193a08af899061,2.1539,2.05424,2.0733,2.23041,2.25698,2.1539
extrema-i32,16,baseline,f9ed90d41e7bff92707a796e4677772351a23e53a6e148cf831a3feb92ae880e,3,1000000,65536,4.02253,526364,4898738f30509da2f14fee436fc21c3382e34c12d831b3de2f193a08af899061,5.29829,5.0167,5.86367,4.61244,5.29829,5.6702
extrema-i32,16,current,1003a83830e8b12ae1cb86bdec98af3d649ae54404b59a1466ec31548b149353,3,1000000,65536,1.35976,224888,4898738f30509da2f14fee436fc21c3382e34c12d831b3de2f193a08af899061,1.16844,1.12443,1.12636,1.16938,1.24031,1.16844
extrema-i32,default,baseline,f9ed90d41e7bff92707a796e4677772351a23e53a6e148cf831a3feb92ae880e,3,1000000,65536,4.19531,798716,4898738f30509da2f14fee436fc21c3382e34c12d831b3de2f193a08af899061,6.34178,5.22384,6.81806,4.89691,6.34178,8.97249
extrema-i32,default,current,1003a83830e8b12ae1cb86bdec98af3d649ae54404b59a1466ec31548b149353,3,1000000,65536,1.17444,347912,4898738f30509da2f14fee436fc21c3382e34c12d831b3de2f193a08af899061,0.966434,0.968256,0.966434,0.974492,0.933306,0.935826
sum-i64,1,baseline,f9ed90d41e7bff92707a796e4677772351a23e53a6e148cf831a3feb92ae880e,3,1000000,65536,2.94982,70660,67815070ec5e825828d32b5e6b3a37db6aa89f046b6f7390a537494ae110c572,2.72217,2.7217,2.79589,2.77962,2.71714,2.72217
sum-i64,1,current,1003a83830e8b12ae1cb86bdec98af3d649ae54404b59a1466ec31548b149353,3,1000000,65536,1.82678,71252,67815070ec5e825828d32b5e6b3a37db6aa89f046b6f7390a537494ae110c572,1.69734,1.68153,1.68243,1.72232,1.70762,1.69734
sum-i64,2,baseline,f9ed90d41e7bff92707a796e4677772351a23e53a6e148cf831a3feb92ae880e,3,1000000,65536,2.06857,95644,67815070ec5e825828d32b5e6b3a37db6aa89f046b6f7390a537494ae110c572,1.80985,1.80985,2.23183,1.80151,1.92968,1.75867
sum-i64,2,current,1003a83830e8b12ae1cb86bdec98af3d649ae54404b59a1466ec31548b149353,3,1000000,65536,1.28382,81600,67815070ec5e825828d32b5e6b3a37db6aa89f046b6f7390a537494ae110c572,1.12931,1.13989,1.12931,1.12623,1.1312,1.12567
sum-i64,4,baseline,f9ed90d41e7bff92707a796e4677772351a23e53a6e148cf831a3feb92ae880e,3,1000000,65536,2.03405,126520,67815070ec5e825828d32b5e6b3a37db6aa89f046b6f7390a537494ae110c572,1.48698,2.01122,1.48698,2.47016,1.26355,1.43119
sum-i64,4,current,1003a83830e8b12ae1cb86bdec98af3d649ae54404b59a1466ec31548b149353,3,1000000,65536,2.01383,102372,67815070ec5e825828d32b5e6b3a37db6aa89f046b6f7390a537494ae110c572,1.50995,1.95929,1.50995,1.53051,1.4526,1.19237
sum-i64,8,baseline,f9ed90d41e7bff92707a796e4677772351a23e53a6e148cf831a3feb92ae880e,3,1000000,65536,2.57494,200700,67815070ec5e825828d32b5e6b3a37db6aa89f046b6f7390a537494ae110c572,2.48184,2.77026,2.48184,3.26996,2.31916,2.40788
sum-i64,8,current,1003a83830e8b12ae1cb86bdec98af3d649ae54404b59a1466ec31548b149353,3,1000000,65536,2.44172,161588,67815070ec5e825828d32b5e6b3a37db6aa89f046b6f7390a537494ae110c572,1.37183,1.37183,1.3461,1.40304,1.47504,1.1828
sum-i64,16,baseline,f9ed90d41e7bff92707a796e4677772351a23e53a6e148cf831a3feb92ae880e,3,1000000,65536,5.13122,348032,67815070ec5e825828d32b5e6b3a37db6aa89f046b6f7390a537494ae110c572,4.9912,4.9912,4.39204,6.29289,4.29167,5.74993
sum-i64,16,current,1003a83830e8b12ae1cb86bdec98af3d649ae54404b59a1466ec31548b149353,3,1000000,65536,2.65954,247708,67815070ec5e825828d32b5e6b3a37db6aa89f046b6f7390a537494ae110c572,0.924442,1.2183,1.00278,0.885094,0.924442,0.849855
sum-i64,default,baseline,f9ed90d41e7bff92707a796e4677772351a23e53a6e148cf831a3feb92ae880e,3,1000000,65536,5.00262,758084,67815070ec5e825828d32b5e6b3a37db6aa89f046b6f7390a537494ae110c572,5.73348,5.73348,5.03824,7.7309,5.73435,5.53548
sum-i64,default,current,1003a83830e8b12ae1cb86bdec98af3d649ae54404b59a1466ec31548b149353,3,1000000,65536,2.83692,370948,67815070ec5e825828d32b5e6b3a37db6aa89f046b6f7390a537494ae110c572,0.741624,1.39059,0.771892,0.741624,0.635741,0.73617
extrema-i64,1,baseline,f9ed90d41e7bff92707a796e4677772351a23e53a6e148cf831a3feb92ae880e,3,1000000,65536,5.82831,71056,4898738f30509da2f14fee436fc21c3382e34c12d831b3de2f193a08af899061,5.08735,5.08735,5.08244,5.24135,5.18092,5.06378
extrema-i64,1,current,1003a83830e8b12ae1cb86bdec98af3d649ae54404b59a1466ec31548b149353,3,1000000,65536,3.32903,71276,4898738f30509da2f14fee436fc21c3382e34c12d831b3de2f193a08af899061,3.01545,3.12728,3.01545,3.01052,2.97277,3.1387
extrema-i64,2,baseline,f9ed90d41e7bff92707a796e4677772351a23e53a6e148cf831a3feb92ae880e,3,1000000,65536,5.18446,103828,4898738f30509da2f14fee436fc21c3382e34c12d831b3de2f193a08af899061,4.7806,5.75403,5.84954,4.7806,4.00212,3.48394
extrema-i64,2,current,1003a83830e8b12ae1cb86bdec98af3d649ae54404b59a1466ec31548b149353,3,1000000,65536,3.23686,94168,4898738f30509da2f14fee436fc21c3382e34c12d831b3de2f193a08af899061,2.20637,2.20637,2.15974,2.15114,2.2127,2.22414
extrema-i64,4,baseline,f9ed90d41e7bff92707a796e4677772351a23e53a6e148cf831a3feb92ae880e,3,1000000,65536,2.78335,169496,4898738f30509da2f14fee436fc21c3382e34c12d831b3de2f193a08af899061,2.76945,2.94875,3.14099,2.71841,2.76945,2.61759
extrema-i64,4,current,1003a83830e8b12ae1cb86bdec98af3d649ae54404b59a1466ec31548b149353,3,1000000,65536,3.06618,124676,4898738f30509da2f14fee436fc21c3382e34c12d831b3de2f193a08af899061,2.3306,1.76739,1.75038,2.33616,2.37862,2.3306
extrema-i64,8,baseline,f9ed90d41e7bff92707a796e4677772351a23e53a6e148cf831a3feb92ae880e,3,1000000,65536,4.34814,300984,4898738f30509da2f14fee436fc21c3382e34c12d831b3de2f193a08af899061,4.82427,4.82427,4.36998,5.36971,5.10919,4.67608
extrema-i64,8,current,1003a83830e8b12ae1cb86bdec98af3d649ae54404b59a1466ec31548b149353,3,1000000,65536,3.66651,165976,4898738f30509da2f14fee436fc21c3382e34c12d831b3de2f193a08af899061,2.15448,2.15448,2.09117,2.10357,2.20915,2.21575
extrema-i64,16,baseline,f9ed90d41e7bff92707a796e4677772351a23e53a6e148cf831a3feb92ae880e,3,1000000,65536,9.07953,575764,4898738f30509da2f14fee436fc21c3382e34c12d831b3de2f193a08af899061,8.95139,9.04946,9.83788,8.95139,8.84789,8.61124
extrema-i64,16,current,1003a83830e8b12ae1cb86bdec98af3d649ae54404b59a1466ec31548b149353,3,1000000,65536,3.68417,247292,4898738f30509da2f14fee436fc21c3382e34c12d831b3de2f193a08af899061,2.0779,2.0779,1.92736,2.50718,1.89992,2.20799
extrema-i64,default,baseline,f9ed90d41e7bff92707a796e4677772351a23e53a6e148cf831a3feb92ae880e,3,1000000,65536,6.55167,799032,4898738f30509da2f14fee436fc21c3382e34c12d831b3de2f193a08af899061,8.56589,8.56589,8.93097,7.10795,6.60781,10.2125
extrema-i64,default,current,1003a83830e8b12ae1cb86bdec98af3d649ae54404b59a1466ec31548b149353,3,1000000,65536,4.35511,369984,4898738f30509da2f14fee436fc21c3382e34c12d831b3de2f193a08af899061,2.84546,1.94477,2.98903,2.56804,2.96552,2.84546
sum-f32,1,baseline,f9ed90d41e7bff92707a796e4677772351a23e53a6e148cf831a3feb92ae880e,3,1000000,65536,3.0168,70584,67815070ec5e825828d32b5e6b3a37db6aa89f046b6f7390a537494ae110c572,3.00875,2.78599,2.78222,3.00875,3.28,3.63308
sum-f32,1,current,1003a83830e8b12ae1cb86bdec98af3d649ae54404b59a1466ec31548b149353,3,1000000,65536,1.8637,71076,67815070ec5e825828d32b5e6b3a37db6aa89f046b6f7390a537494ae110c572,1.68725,1.68962,1.68725,1.68792,1.67605,1.67925
sum-f32,2,baseline,f9ed90d41e7bff92707a796e4677772351a23e53a6e148cf831a3feb92ae880e,3,1000000,65536,2.36505,95828,67815070ec5e825828d32b5e6b3a37db6aa89f046b6f7390a537494ae110c572,1.93356,2.30597,2.36378,1.89365,1.93356,1.81592
sum-f32,2,current,1003a83830e8b12ae1cb86bdec98af3d649ae54404b59a1466ec31548b149353,3,1000000,65536,1.29512,81816,67815070ec5e825828d32b5e6b3a37db6aa89f046b6f7390a537494ae110c572,1.1516,1.15555,1.1516,1.14129,1.15759,1.14457
sum-f32,4,baseline,f9ed90d41e7bff92707a796e4677772351a23e53a6e148cf831a3feb92ae880e,3,1000000,65536,1.59253,126636,67815070ec5e825828d32b5e6b3a37db6aa89f046b6f7390a537494ae110c572,1.52216,1.52216,1.2887,1.65811,1.29631,1.55057
sum-f32,4,current,1003a83830e8b12ae1cb86bdec98af3d649ae54404b59a1466ec31548b149353,3,1000000,65536,1.62792,102084,67815070ec5e825828d32b5e6b3a37db6aa89f046b6f7390a537494ae110c572,0.813678,1.48817,1.30895,0.747405,0.813678,0.749051
sum-f32,8,baseline,f9ed90d41e7bff92707a796e4677772351a23e53a6e148cf831a3feb92ae880e,3,1000000,65536,4.42114,200656,67815070ec5e825828d32b5e6b3a37db6aa89f046b6f7390a537494ae110c572,3.92003,4.65287,4.35592,3.92003,2.9849,3.20581
sum-f32,8,current,1003a83830e8b12ae1cb86bdec98af3d649ae54404b59a1466ec31548b149353,3,1000000,65536,2.5593,161692,67815070ec5e825828d32b5e6b3a37db6aa89f046b6f7390a537494ae110c572,1.41729,1.51668,1.49052,1.41729,1.39224,1.41383
sum-f32,16,baseline,f9ed90d41e7bff92707a796e4677772351a23e53a6e148cf831a3feb92ae880e,3,1000000,65536,4.61041,348068,67815070ec5e825828d32b5e6b3a37db6aa89f046b6f7390a537494ae110c572,5.42308,6.25328,5.42308,5.57569,4.59409,5.12996
sum-f32,16,current,1003a83830e8b12ae1cb86bdec98af3d649ae54404b59a1466ec31548b149353,3,1000000,65536,0.989356,224968,67815070ec5e825828d32b5e6b3a37db6aa89f046b6f7390a537494ae110c572,0.936274,0.985592,0.957235,0.936274,0.919365,0.924884
sum-f32,default,baseline,f9ed90d41e7bff92707a796e4677772351a23e53a6e148cf831a3feb92ae880e,3,1000000,65536,4.63756,749432,67815070ec5e825828d32b5e6b3a37db6aa89f046b6f7390a537494ae110c572,6.33537,5.17574,5.03423,6.39969,6.33537,6.64435
sum-f32,default,current,1003a83830e8b12ae1cb86bdec98af3d649ae54404b59a1466ec31548b149353,3,1000000,65536,0.859856,347892,67815070ec5e825828d32b5e6b3a37db6aa89f046b6f7390a537494ae110c572,0.769746,0.771975,0.70962,0.769746,0.779364,0.759383
extrema-f32,1,baseline,f9ed90d41e7bff92707a796e4677772351a23e53a6e148cf831a3feb92ae880e,3,1000000,65536,5.45893,70728,4898738f30509da2f14fee436fc21c3382e34c12d831b3de2f193a08af899061,5.2173,5.2173,5.19447,5.16905,5.64314,6.33913
extrema-f32,1,current,1003a83830e8b12ae1cb86bdec98af3d649ae54404b59a1466ec31548b149353,3,1000000,65536,3.79765,71252,4898738f30509da2f14fee436fc21c3382e34c12d831b3de2f193a08af899061,3.41404,3.42929,3.34674,3.46855,3.41404,3.34807
extrema-f32,2,baseline,f9ed90d41e7bff92707a796e4677772351a23e53a6e148cf831a3feb92ae880e,3,1000000,65536,3.79498,103556,4898738f30509da2f14fee436fc21c3382e34c12d831b3de2f193a08af899061,3.47998,3.58883,3.47998,3.18783,3.64225,3.37668
extrema-f32,2,current,1003a83830e8b12ae1cb86bdec98af3d649ae54404b59a1466ec31548b149353,3,1000000,65536,2.1615,81260,4898738f30509da2f14fee436fc21c3382e34c12d831b3de2f193a08af899061,1.93629,1.95442,1.93144,1.94132,1.93589,1.93629
extrema-f32,4,baseline,f9ed90d41e7bff92707a796e4677772351a23e53a6e148cf831a3feb92ae880e,3,1000000,65536,2.64062,169752,4898738f30509da2f14fee436fc21c3382e34c12d831b3de2f193a08af899061,2.75935,2.87806,3.08082,2.4648,2.75935,2.47302
extrema-f32,4,current,1003a83830e8b12ae1cb86bdec98af3d649ae54404b59a1466ec31548b149353,3,1000000,65536,4.52351,124844,4898738f30509da2f14fee436fc21c3382e34c12d831b3de2f193a08af899061,2.1719,2.50366,1.55242,2.1719,1.56323,2.4143
extrema-f32,8,baseline,f9ed90d41e7bff92707a796e4677772351a23e53a6e148cf831a3feb92ae880e,3,1000000,65536,3.47151,300568,4898738f30509da2f14fee436fc21c3382e34c12d831b3de2f193a08af899061,3.93878,3.92399,3.4884,4.87169,3.93878,4.40299
extrema-f32,8,current,1003a83830e8b12ae1cb86bdec98af3d649ae54404b59a1466ec31548b149353,3,1000000,65536,2.71138,155492,4898738f30509da2f14fee436fc21c3382e34c12d831b3de2f193a08af899061,2.25974,2.23733,2.27922,2.25974,2.31113,2.11337
extrema-f32,16,baseline,f9ed90d41e7bff92707a796e4677772351a23e53a6e148cf831a3feb92ae880e,3,1000000,65536,7.85691,524072,4898738f30509da2f14fee436fc21c3382e34c12d831b3de2f193a08af899061,5.78419,7.71317,7.17424,5.14963,4.91064,5.78419
extrema-f32,16,current,1003a83830e8b12ae1cb86bdec98af3d649ae54404b59a1466ec31548b149353,3,1000000,65536,2.25065,237220,4898738f30509da2f14fee436fc21c3382e34c12d831b3de2f193a08af899061,1.36876,1.37053,1.3277,1.37113,1.36876,1.35669
extrema-f32,default,baseline,f9ed90d41e7bff92707a796e4677772351a23e53a6e148cf831a3feb92ae880e,3,1000000,65536,4.97652,799032,4898738f30509da2f14fee436fc21c3382e34c12d831b3de2f193a08af899061,6.89382,6.89382,7.87566,6.55991,6.81618,9.11311
extrema-f32,default,current,1003a83830e8b12ae1cb86bdec98af3d649ae54404b59a1466ec31548b149353,3,1000000,65536,1.96186,360168,4898738f30509da2f14fee436fc21c3382e34c12d831b3de2f193a08af899061,0.88938,0.906475,0.871579,0.88938,0.862072,0.962116
sum-f64,1,baseline,f9ed90d41e7bff92707a796e4677772351a23e53a6e148cf831a3feb92ae880e,3,1000000,65536,3.06451,71264,67815070ec5e825828d32b5e6b3a37db6aa89f046b6f7390a537494ae110c572,2.82134,2.80247,2.81538,2.92638,2.82862,2.82134
sum-f64,1,current,1003a83830e8b12ae1cb86bdec98af3d649ae54404b59a1466ec31548b149353,3,1000000,65536,1.8702,71032,67815070ec5e825828d32b5e6b3a37db6aa89f046b6f7390a537494ae110c572,1.71467,1.69002,1.68373,1.71467,1.72396,1.71581
sum-f64,2,baseline,f9ed90d41e7bff92707a796e4677772351a23e53a6e148cf831a3feb92ae880e,3,1000000,65536,2.19726,95664,67815070ec5e825828d32b5e6b3a37db6aa89f046b6f7390a537494ae110c572,1.86262,1.86262,2.05911,1.79026,1.93896,1.78919
sum-f64,2,current,1003a83830e8b12ae1cb86bdec98af3d649ae54404b59a1466ec31548b149353,3,1000000,65536,1.30281,81572,67815070ec5e825828d32b5e6b3a37db6aa89f046b6f7390a537494ae110c572,1.15491,1.16474,1.22124,1.15444,1.15491,1.15119
sum-f64,4,baseline,f9ed90d41e7bff92707a796e4677772351a23e53a6e148cf831a3feb92ae880e,3,1000000,65536,1.46419,126468,67815070ec5e825828d32b5e6b3a37db6aa89f046b6f7390a537494ae110c572,1.56379,1.56379,1.47415,1.90958,1.47106,1.60907
sum-f64,4,current,1003a83830e8b12ae1cb86bdec98af3d649ae54404b59a1466ec31548b149353,3,1000000,65536,0.852956,102120,67815070ec5e825828d32b5e6b3a37db6aa89f046b6f7390a537494ae110c572,0.752888,0.770762,0.761013,0.752888,0.750591,0.750054
sum-f64,8,baseline,f9ed90d41e7bff92707a796e4677772351a23e53a6e148cf831a3feb92ae880e,3,1000000,65536,2.87027,200432,67815070ec5e825828d32b5e6b3a37db6aa89f046b6f7390a537494ae110c572,2.83838,2.83838,2.12251,3.71407,2.683,3.06731
sum-f64,8,current,1003a83830e8b12ae1cb86bdec98af3d649ae54404b59a1466ec31548b149353,3,1000000,65536,2.55583,161544,67815070ec5e825828d32b5e6b3a37db6aa89f046b6f7390a537494ae110c572,1.04212,1.13364,1.07083,0.951883,1.04212,1.0235
sum-f64,16,baseline,f9ed90d41e7bff92707a796e4677772351a23e53a6e148cf831a3feb92ae880e,3,1000000,65536,5.53291,347836,67815070ec5e825828d32b5e6b3a37db6aa89f046b6f7390a537494ae110c572,4.87357,5.57076,4.19162,5.4293,4.73244,4.87357
sum-f64,16,current,1003a83830e8b12ae1cb86bdec98af3d649ae54404b59a1466ec31548b149353,3,1000000,65536,3.12924,247224,67815070ec5e825828d32b5e6b3a37db6aa89f046b6f7390a537494ae110c572,1.15357,1.80168,1.16779,1.15357,1.06455,0.98901
sum-f64,default,baseline,f9ed90d41e7bff92707a796e4677772351a23e53a6e148cf831a3feb92ae880e,3,1000000,65536,5.26616,757820,67815070ec5e825828d32b5e6b3a37db6aa89f046b6f7390a537494ae110c572,6.55662,5.92328,6.55662,8.70734,6.50538,7.61652
sum-f64,default,current,1003a83830e8b12ae1cb86bdec98af3d649ae54404b59a1466ec31548b149353,3,1000000,65536,3.14149,370676,67815070ec5e825828d32b5e6b3a37db6aa89f046b6f7390a537494ae110c572,0.724414,1.37785,0.757157,0.615723,0.724414,0.705094
extrema-f64,1,baseline,f9ed90d41e7bff92707a796e4677772351a23e53a6e148cf831a3feb92ae880e,3,1000000,65536,5.31395,71172,4898738f30509da2f14fee436fc21c3382e34c12d831b3de2f193a08af899061,5.27082,5.27082,5.17917,5.27433,5.25782,5.33925
extrema-f64,1,current,1003a83830e8b12ae1cb86bdec98af3d649ae54404b59a1466ec31548b149353,3,1000000,65536,3.34132,71260,4898738f30509da2f14fee436fc21c3382e34c12d831b3de2f193a08af899061,3.12152,3.12152,3.12152,3.14127,3.20533,3.09696
extrema-f64,2,baseline,f9ed90d41e7bff92707a796e4677772351a23e53a6e148cf831a3feb92ae880e,3,1000000,65536,3.54316,104052,4898738f30509da2f14fee436fc21c3382e34c12d831b3de2f193a08af899061,3.55687,3.61936,3.55687,3.24695,3.58579,3.36362
extrema-f64,2,current,1003a83830e8b12ae1cb86bdec98af3d649ae54404b59a1466ec31548b149353,3,1000000,65536,2.92952,93828,4898738f30509da2f14fee436fc21c3382e34c12d831b3de2f193a08af899061,1.99237,2.0308,1.99237,1.98599,1.98561,3.63661
extrema-f64,4,baseline,f9ed90d41e7bff92707a796e4677772351a23e53a6e148cf831a3feb92ae880e,3,1000000,65536,4.0839,169404,4898738f30509da2f14fee436fc21c3382e34c12d831b3de2f193a08af899061,4.26624,4.26624,5.52586,5.05271,2.85005,2.55109
extrema-f64,4,current,1003a83830e8b12ae1cb86bdec98af3d649ae54404b59a1466ec31548b149353,3,1000000,65536,3.85165,124416,4898738f30509da2f14fee436fc21c3382e34c12d831b3de2f193a08af899061,2.1762,2.32657,2.333,2.1762,2.1434,2.12971
extrema-f64,8,baseline,f9ed90d41e7bff92707a796e4677772351a23e53a6e148cf831a3feb92ae880e,3,1000000,65536,3.49804,300436,4898738f30509da2f14fee436fc21c3382e34c12d831b3de2f193a08af899061,3.59231,3.59026,3.59231,4.70554,3.91083,3.48255
extrema-f64,8,current,1003a83830e8b12ae1cb86bdec98af3d649ae54404b59a1466ec31548b149353,3,1000000,65536,3.18382,165560,4898738f30509da2f14fee436fc21c3382e34c12d831b3de2f193a08af899061,2.20456,2.31365,1.90996,2.18028,2.27675,2.20456
extrema-f64,16,baseline,f9ed90d41e7bff92707a796e4677772351a23e53a6e148cf831a3feb92ae880e,3,1000000,65536,8.93854,579892,4898738f30509da2f14fee436fc21c3382e34c12d831b3de2f193a08af899061,8.75644,8.86904,9.45229,8.41882,8.5251,8.75644
extrema-f64,16,current,1003a83830e8b12ae1cb86bdec98af3d649ae54404b59a1466ec31548b149353,3,1000000,65536,3.2529,248112,4898738f30509da2f14fee436fc21c3382e34c12d831b3de2f193a08af899061,1.38904,1.469,1.38904,1.40554,1.38304,1.35196
extrema-f64,default,baseline,f9ed90d41e7bff92707a796e4677772351a23e53a6e148cf831a3feb92ae880e,3,1000000,65536,6.93316,799296,4898738f30509da2f14fee436fc21c3382e34c12d831b3de2f193a08af899061,8.48831,8.48831,8.62285,7.26735,7.139,10.04
extrema-f64,default,current,1003a83830e8b12ae1cb86bdec98af3d649ae54404b59a1466ec31548b149353,3,1000000,65536,3.4704,370968,4898738f30509da2f14fee436fc21c3382e34c12d831b3de2f193a08af899061,0.951923,0.990057,0.961422,0.942184,0.951923,0.925166
sum-time,1,baseline,f9ed90d41e7bff92707a796e4677772351a23e53a6e148cf831a3feb92ae880e,3,1000000,65536,2.99617,103528,14d770a6cddb0512cc7e5c17ff3d2f6ddd8f7583fb91b0ba6f44dcc446428f0d,2.787,2.787,2.72343,2.73618,2.83941,3.45961
sum-time,1,current,1003a83830e8b12ae1cb86bdec98af3d649ae54404b59a1466ec31548b149353,3,1000000,65536,1.92033,104048,14d770a6cddb0512cc7e5c17ff3d2f6ddd8f7583fb91b0ba6f44dcc446428f0d,1.6833,1.70375,1.6833,1.67497,1.67298,1.68797
sum-time,2,baseline,f9ed90d41e7bff92707a796e4677772351a23e53a6e148cf831a3feb92ae880e,3,1000000,65536,2.10483,128656,14d770a6cddb0512cc7e5c17ff3d2f6ddd8f7583fb91b0ba6f44dcc446428f0d,1.86956,1.86444,3.49477,1.86956,1.97838,1.72974
sum-time,2,current,1003a83830e8b12ae1cb86bdec98af3d649ae54404b59a1466ec31548b149353,3,1000000,65536,1.30305,114344,14d770a6cddb0512cc7e5c17ff3d2f6ddd8f7583fb91b0ba6f44dcc446428f0d,1.12442,1.14007,1.12442,1.12463,1.12244,1.12193
sum-time,4,baseline,f9ed90d41e7bff92707a796e4677772351a23e53a6e148cf831a3feb92ae880e,3,1000000,65536,1.42619,159540,14d770a6cddb0512cc7e5c17ff3d2f6ddd8f7583fb91b0ba6f44dcc446428f0d,1.37783,1.47821,1.20527,1.57274,1.23692,1.37783
sum-time,4,current,1003a83830e8b12ae1cb86bdec98af3d649ae54404b59a1466ec31548b149353,3,1000000,65536,1.70774,134860,14d770a6cddb0512cc7e5c17ff3d2f6ddd8f7583fb91b0ba6f44dcc446428f0d,1.46261,1.51577,1.47352,1.46261,1.43114,1.44219
sum-time,8,baseline,f9ed90d41e7bff92707a796e4677772351a23e53a6e148cf831a3feb92ae880e,3,1000000,65536,2.94654,239204,14d770a6cddb0512cc7e5c17ff3d2f6ddd8f7583fb91b0ba6f44dcc446428f0d,3.07464,3.03051,3.07464,4.2949,3.26049,2.99757
sum-time,8,current,1003a83830e8b12ae1cb86bdec98af3d649ae54404b59a1466ec31548b149353,3,1000000,65536,2.20855,194140,14d770a6cddb0512cc7e5c17ff3d2f6ddd8f7583fb91b0ba6f44dcc446428f0d,0.690969,1.16169,1.0959,0.677496,0.690969,0.635805
sum-time,16,baseline,f9ed90d41e7bff92707a796e4677772351a23e53a6e148cf831a3feb92ae880e,3,1000000,65536,4.76982,381000,14d770a6cddb0512cc7e5c17ff3d2f6ddd8f7583fb91b0ba6f44dcc446428f0d,5.80926,5.80926,5.47076,9.00239,5.49961,6.96855
sum-time,16,current,1003a83830e8b12ae1cb86bdec98af3d649ae54404b59a1466ec31548b149353,3,1000000,65536,1.11726,257628,14d770a6cddb0512cc7e5c17ff3d2f6ddd8f7583fb91b0ba6f44dcc446428f0d,0.840266,0.840266,0.843939,0.819195,0.786915,0.902151
sum-time,default,baseline,f9ed90d41e7bff92707a796e4677772351a23e53a6e148cf831a3feb92ae880e,3,1000000,65536,4.4625,784216,14d770a6cddb0512cc7e5c17ff3d2f6ddd8f7583fb91b0ba6f44dcc446428f0d,5.25617,5.04001,5.25617,6.96696,5.23577,6.22391
sum-time,default,current,1003a83830e8b12ae1cb86bdec98af3d649ae54404b59a1466ec31548b149353,3,1000000,65536,1.00208,380584,14d770a6cddb0512cc7e5c17ff3d2f6ddd8f7583fb91b0ba6f44dcc446428f0d,0.684125,0.73864,0.684125,0.645244,0.717648,0.668059
extrema-time,1,baseline,f9ed90d41e7bff92707a796e4677772351a23e53a6e148cf831a3feb92ae880e,3,1000000,65536,4.32439,103912,3fb7228765127f2d73aa2570db52f8b24c2bdf1a790ba53a8cd98c73df02ad9c,4.15443,4.19362,4.07913,4.15443,4.18642,3.98465
extrema-time,1,current,1003a83830e8b12ae1cb86bdec98af3d649ae54404b59a1466ec31548b149353,3,1000000,65536,3.16901,103712,3fb7228765127f2d73aa2570db52f8b24c2bdf1a790ba53a8cd98c73df02ad9c,2.74267,2.81731,2.74502,2.73609,2.72974,2.74267
extrema-time,2,baseline,f9ed90d41e7bff92707a796e4677772351a23e53a6e148cf831a3feb92ae880e,3,1000000,65536,2.95558,136888,3fb7228765127f2d73aa2570db52f8b24c2bdf1a790ba53a8cd98c73df02ad9c,2.67632,2.97394,2.71875,2.40554,2.67632,2.56424
extrema-time,2,current,1003a83830e8b12ae1cb86bdec98af3d649ae54404b59a1466ec31548b149353,3,1000000,65536,2.05112,114000,3fb7228765127f2d73aa2570db52f8b24c2bdf1a790ba53a8cd98c73df02ad9c,1.82292,1.85465,1.83494,1.82292,1.81984,1.81903
extrema-time,4,baseline,f9ed90d41e7bff92707a796e4677772351a23e53a6e148cf831a3feb92ae880e,3,1000000,65536,2.37772,202316,3fb7228765127f2d73aa2570db52f8b24c2bdf1a790ba53a8cd98c73df02ad9c,2.3535,2.3535,2.67339,2.01699,2.3948,2.10449
extrema-time,4,current,1003a83830e8b12ae1cb86bdec98af3d649ae54404b59a1466ec31548b149353,3,1000000,65536,2.27393,135012,3fb7228765127f2d73aa2570db52f8b24c2bdf1a790ba53a8cd98c73df02ad9c,1.23548,1.28283,1.23701,1.2239,1.21879,1.23548
extrema-time,8,baseline,f9ed90d41e7bff92707a796e4677772351a23e53a6e148cf831a3feb92ae880e,3,1000000,65536,3.38634,333536,3fb7228765127f2d73aa2570db52f8b24c2bdf1a790ba53a8cd98c73df02ad9c,3.3869,3.3869,3.08649,3.74785,3.50592,3.35011
extrema-time,8,current,1003a83830e8b12ae1cb86bdec98af3d649ae54404b59a1466ec31548b149353,3,1000000,65536,2.12102,176408,3fb7228765127f2d73aa2570db52f8b24c2bdf1a790ba53a8cd98c73df02ad9c,2.07508,2.13498,2.07087,2.04868,2.07508,2.3621
extrema-time,16,baseline,f9ed90d41e7bff92707a796e4677772351a23e53a6e148cf831a3feb92ae880e,3,1000000,65536,4.15189,548868,3fb7228765127f2d73aa2570db52f8b24c2bdf1a790ba53a8cd98c73df02ad9c,4.58504,4.58504,5.00727,4.44872,4.37367,5.37933
extrema-time,16,current,1003a83830e8b12ae1cb86bdec98af3d649ae54404b59a1466ec31548b149353,3,1000000,65536,1.44419,257688,3fb7228765127f2d73aa2570db52f8b24c2bdf1a790ba53a8cd98c73df02ad9c,1.35331,1.28194,1.29534,1.36485,1.38688,1.35331
extrema-time,default,baseline,f9ed90d41e7bff92707a796e4677772351a23e53a6e148cf831a3feb92ae880e,3,1000000,65536,4.71958,815180,3fb7228765127f2d73aa2570db52f8b24c2bdf1a790ba53a8cd98c73df02ad9c,6.37881,5.14518,7.43469,5.95924,6.37881,8.48257
extrema-time,default,current,1003a83830e8b12ae1cb86bdec98af3d649ae54404b59a1466ec31548b149353,3,1000000,65536,1.26234,380908,3fb7228765127f2d73aa2570db52f8b24c2bdf1a790ba53a8cd98c73df02ad9c,0.938134,0.977705,0.938134,0.887691,0.881754,0.962433
count,1,baseline,f9ed90d41e7bff92707a796e4677772351a23e53a6e148cf831a3feb92ae880e,3,1000000,65536,2.97521,71280,67457a1d5b29926989e3244d85a4cf3b2f8a21363195d6a2759f4bbe298cb663,2.70961,2.71326,2.69662,2.71175,2.6864,2.70961
count,1,current,1003a83830e8b12ae1cb86bdec98af3d649ae54404b59a1466ec31548b149353,3,1000000,65536,1.8133,71328,67457a1d5b29926989e3244d85a4cf3b2f8a21363195d6a2759f4bbe298cb663,1.67589,1.67589,1.652,1.70262,1.68314,1.67243
count,2,baseline,f9ed90d41e7bff92707a796e4677772351a23e53a6e148cf831a3feb92ae880e,3,1000000,65536,2.05857,95952,67457a1d5b29926989e3244d85a4cf3b2f8a21363195d6a2759f4bbe298cb663,1.69495,1.69495,1.95616,1.68666,1.81537,1.67973
count,2,current,1003a83830e8b12ae1cb86bdec98af3d649ae54404b59a1466ec31548b149353,3,1000000,65536,1.28119,81564,67457a1d5b29926989e3244d85a4cf3b2f8a21363195d6a2759f4bbe298cb663,1.14216,1.14216,1.11907,1.1211,1.14894,1.17236
count,4,baseline,f9ed90d41e7bff92707a796e4677772351a23e53a6e148cf831a3feb92ae880e,3,1000000,65536,2.17445,126420,67457a1d5b29926989e3244d85a4cf3b2f8a21363195d6a2759f4bbe298cb663,2.15762,2.16984,1.89048,2.44413,1.93029,2.15762
count,4,current,1003a83830e8b12ae1cb86bdec98af3d649ae54404b59a1466ec31548b149353,3,1000000,65536,0.922323,102364,67457a1d5b29926989e3244d85a4cf3b2f8a21363195d6a2759f4bbe298cb663,0.753063,0.779595,0.739469,0.753063,0.731415,0.756368
count,8,baseline,f9ed90d41e7bff92707a796e4677772351a23e53a6e148cf831a3feb92ae880e,3,1000000,65536,2.64736,200420,67457a1d5b29926989e3244d85a4cf3b2f8a21363195d6a2759f4bbe298cb663,2.67004,2.95167,1.96483,2.67004,2.62802,3.07816
count,8,current,1003a83830e8b12ae1cb86bdec98af3d649ae54404b59a1466ec31548b149353,3,1000000,65536,1.49971,143464,67457a1d5b29926989e3244d85a4cf3b2f8a21363195d6a2759f4bbe298cb663,1.37565,1.48458,1.66784,1.37565,1.34329,1.36254
count,16,baseline,f9ed90d41e7bff92707a796e4677772351a23e53a6e148cf831a3feb92ae880e,3,1000000,65536,6.54667,348028,67457a1d5b29926989e3244d85a4cf3b2f8a21363195d6a2759f4bbe298cb663,5.71665,6.15755,4.8514,6.45394,5.08592,5.71665
count,16,current,1003a83830e8b12ae1cb86bdec98af3d649ae54404b59a1466ec31548b149353,3,1000000,65536,0.874575,225304,67457a1d5b29926989e3244d85a4cf3b2f8a21363195d6a2759f4bbe298cb663,0.794509,0.804171,0.836477,0.794509,0.777719,0.716884
count,default,baseline,f9ed90d41e7bff92707a796e4677772351a23e53a6e148cf831a3feb92ae880e,3,1000000,65536,3.55967,518660,67457a1d5b29926989e3244d85a4cf3b2f8a21363195d6a2759f4bbe298cb663,3.75944,3.26737,4.2807,3.0479,3.75944,5.09491
count,default,current,1003a83830e8b12ae1cb86bdec98af3d649ae54404b59a1466ec31548b149353,3,1000000,65536,0.691022,348348,67457a1d5b29926989e3244d85a4cf3b2f8a21363195d6a2759f4bbe298cb663,0.640817,0.651992,0.700268,0.638022,0.609615,0.640817
statistics,1,baseline,f9ed90d41e7bff92707a796e4677772351a23e53a6e148cf831a3feb92ae880e,3,1000000,65536,10.3892,87336,ce92f3f44a9c9c78cd8ca1d9813b099e3f33f0d5ed37dd9f3bccd3bbe9164741,9.28278,9.28278,9.29485,9.19219,9.34405,8.97132
statistics,1,current,1003a83830e8b12ae1cb86bdec98af3d649ae54404b59a1466ec31548b149353,3,1000000,65536,6.48597,85496,ce92f3f44a9c9c78cd8ca1d9813b099e3f33f0d5ed37dd9f3bccd3bbe9164741,4.77758,5.1526,4.77758,4.63902,5.0415,4.72366
statistics,2,baseline,f9ed90d41e7bff92707a796e4677772351a23e53a6e148cf831a3feb92ae880e,3,1000000,65536,6.50684,111884,ce92f3f44a9c9c78cd8ca1d9813b099e3f33f0d5ed37dd9f3bccd3bbe9164741,5.47555,6.04063,5.47555,5.22717,5.58763,5.34668
statistics,2,current,1003a83830e8b12ae1cb86bdec98af3d649ae54404b59a1466ec31548b149353,3,1000000,65536,4.70717,103868,ce92f3f44a9c9c78cd8ca1d9813b099e3f33f0d5ed37dd9f3bccd3bbe9164741,2.95429,3.05811,2.95429,2.93803,2.93484,3.04544
statistics,4,baseline,f9ed90d41e7bff92707a796e4677772351a23e53a6e148cf831a3feb92ae880e,3,1000000,65536,6.72496,165232,ce92f3f44a9c9c78cd8ca1d9813b099e3f33f0d5ed37dd9f3bccd3bbe9164741,3.62727,5.04058,4.03942,3.62727,3.45713,3.46668
statistics,4,current,1003a83830e8b12ae1cb86bdec98af3d649ae54404b59a1466ec31548b149353,3,1000000,65536,3.87071,128720,ce92f3f44a9c9c78cd8ca1d9813b099e3f33f0d5ed37dd9f3bccd3bbe9164741,2.33279,2.45623,2.31381,2.34322,2.31064,2.33279
statistics,8,baseline,f9ed90d41e7bff92707a796e4677772351a23e53a6e148cf831a3feb92ae880e,3,1000000,65536,7.95221,257988,ce92f3f44a9c9c78cd8ca1d9813b099e3f33f0d5ed37dd9f3bccd3bbe9164741,4.9641,6.49976,5.40706,4.9641,4.93846,4.69199
statistics,8,current,1003a83830e8b12ae1cb86bdec98af3d649ae54404b59a1466ec31548b149353,3,1000000,65536,4.51943,169612,ce92f3f44a9c9c78cd8ca1d9813b099e3f33f0d5ed37dd9f3bccd3bbe9164741,2.94112,2.94112,2.44557,2.60261,3.07122,2.96758
statistics,16,baseline,f9ed90d41e7bff92707a796e4677772351a23e53a6e148cf831a3feb92ae880e,3,1000000,65536,11.4514,581652,ce92f3f44a9c9c78cd8ca1d9813b099e3f33f0d5ed37dd9f3bccd3bbe9164741,11.2437,11.2437,12.3484,12.0873,11.2289,10.1871
statistics,16,current,1003a83830e8b12ae1cb86bdec98af3d649ae54404b59a1466ec31548b149353,3,1000000,65536,5.20474,251988,ce92f3f44a9c9c78cd8ca1d9813b099e3f33f0d5ed37dd9f3bccd3bbe9164741,3.0429,3.96188,2.75405,3.0429,2.15232,3.05116
statistics,default,baseline,f9ed90d41e7bff92707a796e4677772351a23e53a6e148cf831a3feb92ae880e,3,1000000,65536,8.83014,895368,ce92f3f44a9c9c78cd8ca1d9813b099e3f33f0d5ed37dd9f3bccd3bbe9164741,10.1526,10.1526,10.4579,9.51525,10.7387,9.26781
statistics,default,current,1003a83830e8b12ae1cb86bdec98af3d649ae54404b59a1466ec31548b149353,3,1000000,65536,4.34917,375216,ce92f3f44a9c9c78cd8ca1d9813b099e3f33f0d5ed37dd9f3bccd3bbe9164741,1.31323,1.86114,1.31323,1.32374,1.30819,1.28974
binary,1,baseline,f9ed90d41e7bff92707a796e4677772351a23e53a6e148cf831a3feb92ae880e,3,1000000,65536,22.59,120128,a07c1dabc08383bc311d6241d6f8f29ca0845609ef637c571d284a88105dca45,19.8211,19.6817,21.0429,19.7482,19.8211,20.5775
binary,1,current,1003a83830e8b12ae1cb86bdec98af3d649ae54404b59a1466ec31548b149353,3,1000000,65536,15.7881,116140,a07c1dabc08383bc311d6241d6f8f29ca0845609ef637c571d284a88105dca45,12.9851,12.8687,12.9969,12.7585,12.9851,13.1183
binary,2,baseline,f9ed90d41e7bff92707a796e4677772351a23e53a6e148cf831a3feb92ae880e,3,1000000,65536,15.3747,138716,a07c1dabc08383bc311d6241d6f8f29ca0845609ef637c571d284a88105dca45,13.0788,13.0788,12.3887,13.7774,13.0504,13.2752
binary,2,current,1003a83830e8b12ae1cb86bdec98af3d649ae54404b59a1466ec31548b149353,3,1000000,65536,12.4055,125852,a07c1dabc08383bc311d6241d6f8f29ca0845609ef637c571d284a88105dca45,8.93177,8.89782,10.3047,8.59942,8.98147,8.93177
binary,4,baseline,f9ed90d41e7bff92707a796e4677772351a23e53a6e148cf831a3feb92ae880e,3,1000000,65536,74.5284,333296,a07c1dabc08383bc311d6241d6f8f29ca0845609ef637c571d284a88105dca45,69.4054,70.5948,69.537,69.2526,69.4054,69.0486
binary,4,current,1003a83830e8b12ae1cb86bdec98af3d649ae54404b59a1466ec31548b149353,3,1000000,65536,7.07972,146228,a07c1dabc08383bc311d6241d6f8f29ca0845609ef637c571d284a88105dca45,4.48696,4.64167,4.48696,4.48942,4.44347,4.38647
binary,8,baseline,f9ed90d41e7bff92707a796e4677772351a23e53a6e148cf831a3feb92ae880e,3,1000000,65536,37.6699,345724,a07c1dabc08383bc311d6241d6f8f29ca0845609ef637c571d284a88105dca45,37.2518,37.2518,35.7087,37.4985,37.1479,38.527
binary,8,current,1003a83830e8b12ae1cb86bdec98af3d649ae54404b59a1466ec31548b149353,3,1000000,65536,6.14853,186524,a07c1dabc08383bc311d6241d6f8f29ca0845609ef637c571d284a88105dca45,4.20339,4.42268,4.34727,4.17743,4.20339,4.18962
binary,16,baseline,f9ed90d41e7bff92707a796e4677772351a23e53a6e148cf831a3feb92ae880e,3,1000000,65536,23.2496,589876,a07c1dabc08383bc311d6241d6f8f29ca0845609ef637c571d284a88105dca45,23.735,23.735,23.6773,22.3252,25.2315,26.6661
binary,16,current,1003a83830e8b12ae1cb86bdec98af3d649ae54404b59a1466ec31548b149353,3,1000000,65536,4.71538,267984,a07c1dabc08383bc311d6241d6f8f29ca0845609ef637c571d284a88105dca45,3.02919,3.31686,2.78745,3.04468,3.02919,2.98383
binary,default,baseline,f9ed90d41e7bff92707a796e4677772351a23e53a6e148cf831a3feb92ae880e,3,1000000,65536,17.5195,975100,a07c1dabc08383bc311d6241d6f8f29ca0845609ef637c571d284a88105dca45,19.6924,18.6306,20.0692,20.2657,19.6924,16.5939
binary,default,current,1003a83830e8b12ae1cb86bdec98af3d649ae54404b59a1466ec31548b149353,3,1000000,65536,5.53566,391760,a07c1dabc08383bc311d6241d6f8f29ca0845609ef637c571d284a88105dca45,2.41457,3.00994,2.39865,2.33989,2.56298,2.41457
truth,1,baseline,f9ed90d41e7bff92707a796e4677772351a23e53a6e148cf831a3feb92ae880e,3,1000000,65536,5.82654,70584,11d9f81debed2ffce7195bff361d2a6ba11cfaefa8a80b7c103e03b96dd7f669,5.46096,5.51255,5.46096,5.36633,5.47787,5.43701
truth,1,current,1003a83830e8b12ae1cb86bdec98af3d649ae54404b59a1466ec31548b149353,3,1000000,65536,3.99828,71276,11d9f81debed2ffce7195bff361d2a6ba11cfaefa8a80b7c103e03b96dd7f669,3.74443,3.76418,3.71741,3.73599,3.79986,3.74443
truth,2,baseline,f9ed90d41e7bff92707a796e4677772351a23e53a6e148cf831a3feb92ae880e,3,1000000,65536,3.69746,104012,11d9f81debed2ffce7195bff361d2a6ba11cfaefa8a80b7c103e03b96dd7f669,3.56076,3.79915,3.86063,3.34181,3.56076,3.45747
truth,2,current,1003a83830e8b12ae1cb86bdec98af3d649ae54404b59a1466ec31548b149353,3,1000000,65536,6.46303,93924,11d9f81debed2ffce7195bff361d2a6ba11cfaefa8a80b7c103e03b96dd7f669,2.40171,2.65062,2.3353,2.45169,2.40171,2.34512
truth,4,baseline,f9ed90d41e7bff92707a796e4677772351a23e53a6e148cf831a3feb92ae880e,3,1000000,65536,4.76764,169752,11d9f81debed2ffce7195bff361d2a6ba11cfaefa8a80b7c103e03b96dd7f669,4.34945,4.79177,5.52714,4.34945,4.26771,3.47822
truth,4,current,1003a83830e8b12ae1cb86bdec98af3d649ae54404b59a1466ec31548b149353,3,1000000,65536,2.66291,124864,11d9f81debed2ffce7195bff361d2a6ba11cfaefa8a80b7c103e03b96dd7f669,1.37816,1.48451,1.38564,1.37758,1.37816,1.37015
truth,8,baseline,f9ed90d41e7bff92707a796e4677772351a23e53a6e148cf831a3feb92ae880e,3,1000000,65536,3.73312,300424,11d9f81debed2ffce7195bff361d2a6ba11cfaefa8a80b7c103e03b96dd7f669,3.76155,3.76155,3.37069,4.78619,3.97441,3.62133
truth,8,current,1003a83830e8b12ae1cb86bdec98af3d649ae54404b59a1466ec31548b149353,3,1000000,65536,2.73755,165452,11d9f81debed2ffce7195bff361d2a6ba11cfaefa8a80b7c103e03b96dd7f669,1.3451,1.37907,1.3379,1.3451,1.34027,1.34674
truth,16,baseline,f9ed90d41e7bff92707a796e4677772351a23e53a6e148cf831a3feb92ae880e,3,1000000,65536,8.77798,575516,11d9f81debed2ffce7195bff361d2a6ba11cfaefa8a80b7c103e03b96dd7f669,8.67441,8.78062,8.97637,8.62473,8.1435,8.67441
truth,16,current,1003a83830e8b12ae1cb86bdec98af3d649ae54404b59a1466ec31548b149353,3,1000000,65536,3.19255,247668,11d9f81debed2ffce7195bff361d2a6ba11cfaefa8a80b7c103e03b96dd7f669,1.32519,1.27124,1.27015,1.3572,1.4291,1.32519
truth,default,baseline,f9ed90d41e7bff92707a796e4677772351a23e53a6e148cf831a3feb92ae880e,3,1000000,65536,6.99748,780168,11d9f81debed2ffce7195bff361d2a6ba11cfaefa8a80b7c103e03b96dd7f669,9.71802,8.43229,9.71802,8.22864,11.7317,10.0307
truth,default,current,1003a83830e8b12ae1cb86bdec98af3d649ae54404b59a1466ec31548b149353,3,1000000,65536,3.72339,370700,11d9f81debed2ffce7195bff361d2a6ba11cfaefa8a80b7c103e03b96dd7f669,1.15224,1.18493,1.15224,1.24047,1.0264,1.06862
product,1,baseline,f9ed90d41e7bff92707a796e4677772351a23e53a6e148cf831a3feb92ae880e,3,1000000,65536,2.89712,71204,05fe562cb8d0b362f52c0f2a54e5d5ab5914be8889a4c4a09cfef0e7b4573be2,2.67908,2.67908,2.66995,2.89877,2.77321,2.64602
product,1,current,1003a83830e8b12ae1cb86bdec98af3d649ae54404b59a1466ec31548b149353,3,1000000,65536,2.07336,71268,05fe562cb8d0b362f52c0f2a54e5d5ab5914be8889a4c4a09cfef0e7b4573be2,1.76825,1.82173,1.78081,1.76018,1.76825,1.75486
product,2,baseline,f9ed90d41e7bff92707a796e4677772351a23e53a6e148cf831a3feb92ae880e,3,1000000,65536,2.33631,97756,05fe562cb8d0b362f52c0f2a54e5d5ab5914be8889a4c4a09cfef0e7b4573be2,1.87708,2.02579,1.75869,1.8088,2.1228,1.87708
product,2,current,1003a83830e8b12ae1cb86bdec98af3d649ae54404b59a1466ec31548b149353,3,1000000,65536,1.29667,81560,05fe562cb8d0b362f52c0f2a54e5d5ab5914be8889a4c4a09cfef0e7b4573be2,1.12213,1.13211,1.11482,1.12028,1.12655,1.12213
product,4,baseline,f9ed90d41e7bff92707a796e4677772351a23e53a6e148cf831a3feb92ae880e,3,1000000,65536,2.67184,151240,05fe562cb8d0b362f52c0f2a54e5d5ab5914be8889a4c4a09cfef0e7b4573be2,3.01334,2.63074,3.23323,3.07001,3.01334,2.02418
product,4,current,1003a83830e8b12ae1cb86bdec98af3d649ae54404b59a1466ec31548b149353,3,1000000,65536,1.08554,102108,05fe562cb8d0b362f52c0f2a54e5d5ab5914be8889a4c4a09cfef0e7b4573be2,0.83067,0.934898,0.823052,0.83067,0.857211,0.829309
product,8,baseline,f9ed90d41e7bff92707a796e4677772351a23e53a6e148cf831a3feb92ae880e,3,1000000,65536,2.26525,257964,05fe562cb8d0b362f52c0f2a54e5d5ab5914be8889a4c4a09cfef0e7b4573be2,2.43203,2.37953,2.82939,2.43203,1.8106,3.17282
product,8,current,1003a83830e8b12ae1cb86bdec98af3d649ae54404b59a1466ec31548b149353,3,1000000,65536,2.84591,165532,05fe562cb8d0b362f52c0f2a54e5d5ab5914be8889a4c4a09cfef0e7b4573be2,1.01477,1.42546,1.06474,1.01477,0.618822,0.624596
product,16,baseline,f9ed90d41e7bff92707a796e4677772351a23e53a6e148cf831a3feb92ae880e,3,1000000,65536,5.45542,487476,05fe562cb8d0b362f52c0f2a54e5d5ab5914be8889a4c4a09cfef0e7b4573be2,6.26258,6.26258,6.55683,5.89791,6.0934,6.81362
product,16,current,1003a83830e8b12ae1cb86bdec98af3d649ae54404b59a1466ec31548b149353,3,1000000,65536,2.65615,247556,05fe562cb8d0b362f52c0f2a54e5d5ab5914be8889a4c4a09cfef0e7b4573be2,0.955742,1.28511,0.955742,0.948038,0.966675,0.932516
product,default,baseline,f9ed90d41e7bff92707a796e4677772351a23e53a6e148cf831a3feb92ae880e,3,1000000,65536,4.69608,750156,05fe562cb8d0b362f52c0f2a54e5d5ab5914be8889a4c4a09cfef0e7b4573be2,5.69577,5.65048,6.73522,4.79093,5.69577,7.67701
product,default,current,1003a83830e8b12ae1cb86bdec98af3d649ae54404b59a1466ec31548b149353,3,1000000,65536,3.25206,370944,05fe562cb8d0b362f52c0f2a54e5d5ab5914be8889a4c4a09cfef0e7b4573be2,0.737456,1.33171,0.829548,0.678235,0.675183,0.737456
median,1,baseline,f9ed90d41e7bff92707a796e4677772351a23e53a6e148cf831a3feb92ae880e,3,1000000,65536,10.3721,97836,315c2bcea545f0cbf21d3803a7f79fb249382fba46b012cf56b181d933d7337d,8.65121,9.40379,8.46052,8.65121,8.92334,8.50854
median,1,current,1003a83830e8b12ae1cb86bdec98af3d649ae54404b59a1466ec31548b149353,3,1000000,65536,13.0019,98164,315c2bcea545f0cbf21d3803a7f79fb249382fba46b012cf56b181d933d7337d,8.85014,9.03717,8.65944,8.82509,9.1774,8.85014
median,2,baseline,f9ed90d41e7bff92707a796e4677772351a23e53a6e148cf831a3feb92ae880e,3,1000000,65536,8.22119,108464,315c2bcea545f0cbf21d3803a7f79fb249382fba46b012cf56b181d933d7337d,6.77647,7.32467,6.70665,6.68054,6.77647,7.52707
median,2,current,1003a83830e8b12ae1cb86bdec98af3d649ae54404b59a1466ec31548b149353,3,1000000,65536,8.47708,108684,315c2bcea545f0cbf21d3803a7f79fb249382fba46b012cf56b181d933d7337d,6.87061,7.37794,6.86862,7.15875,6.77961,6.87061
median,4,baseline,f9ed90d41e7bff92707a796e4677772351a23e53a6e148cf831a3feb92ae880e,3,1000000,65536,8.95415,128984,315c2bcea545f0cbf21d3803a7f79fb249382fba46b012cf56b181d933d7337d,7.19842,7.35669,7.17608,7.3127,7.17929,7.19842
median,4,current,1003a83830e8b12ae1cb86bdec98af3d649ae54404b59a1466ec31548b149353,3,1000000,65536,6.69455,128792,315c2bcea545f0cbf21d3803a7f79fb249382fba46b012cf56b181d933d7337d,4.83751,6.02095,6.88193,4.83751,4.76413,4.75339
median,8,baseline,f9ed90d41e7bff92707a796e4677772351a23e53a6e148cf831a3feb92ae880e,3,1000000,65536,7.31426,169524,315c2bcea545f0cbf21d3803a7f79fb249382fba46b012cf56b181d933d7337d,5.87511,6.3503,5.85699,5.73293,5.95946,5.87511
median,8,current,1003a83830e8b12ae1cb86bdec98af3d649ae54404b59a1466ec31548b149353,3,1000000,65536,5.00116,169724,315c2bcea545f0cbf21d3803a7f79fb249382fba46b012cf56b181d933d7337d,3.477,3.69651,3.0661,3.477,3.66113,3.26696
median,16,baseline,f9ed90d41e7bff92707a796e4677772351a23e53a6e148cf831a3feb92ae880e,3,1000000,65536,9.66563,251744,315c2bcea545f0cbf21d3803a7f79fb249382fba46b012cf56b181d933d7337d,8.09029,8.92286,8.09029,8.35083,7.89616,7.92081
median,16,current,1003a83830e8b12ae1cb86bdec98af3d649ae54404b59a1466ec31548b149353,3,1000000,65536,4.28629,252020,315c2bcea545f0cbf21d3803a7f79fb249382fba46b012cf56b181d933d7337d,2.62713,3.0987,2.55776,2.45011,2.62713,2.71059
median,default,baseline,f9ed90d41e7bff92707a796e4677772351a23e53a6e148cf831a3feb92ae880e,3,1000000,65536,6.69945,374444,315c2bcea545f0cbf21d3803a7f79fb249382fba46b012cf56b181d933d7337d,6.0952,6.52728,5.93221,6.0952,6.19537,5.90938
median,default,current,1003a83830e8b12ae1cb86bdec98af3d649ae54404b59a1466ec31548b149353,3,1000000,65536,4.9519,375064,315c2bcea545f0cbf21d3803a7f79fb249382fba46b012cf56b181d933d7337d,2.02125,3.11185,1.98314,2.02125,2.23559,1.80961
quantile,1,baseline,f9ed90d41e7bff92707a796e4677772351a23e53a6e148cf831a3feb92ae880e,3,1000000,65536,10.9949,97912,96a79df3576987f2fa9ad0dff274338b7a859ebe99538ac3fa57ad32179b7165,8.96879,9.40026,8.96879,9.03966,8.80953,8.90476
quantile,1,current,1003a83830e8b12ae1cb86bdec98af3d649ae54404b59a1466ec31548b149353,3,1000000,65536,11.4102,98076,96a79df3576987f2fa9ad0dff274338b7a859ebe99538ac3fa57ad32179b7165,9.5986,9.47194,9.6263,10.3612,9.5986,9.32497
quantile,2,baseline,f9ed90d41e7bff92707a796e4677772351a23e53a6e148cf831a3feb92ae880e,3,1000000,65536,10.7101,108208,96a79df3576987f2fa9ad0dff274338b7a859ebe99538ac3fa57ad32179b7165,8.59232,8.59232,7.81228,7.95447,9.32068,8.94176
quantile,2,current,1003a83830e8b12ae1cb86bdec98af3d649ae54404b59a1466ec31548b149353,3,1000000,65536,8.56898,108460,96a79df3576987f2fa9ad0dff274338b7a859ebe99538ac3fa57ad32179b7165,7.25403,7.37509,7.14733,7.19015,7.25403,7.47197
quantile,4,baseline,f9ed90d41e7bff92707a796e4677772351a23e53a6e148cf831a3feb92ae880e,3,1000000,65536,7.17542,128708,96a79df3576987f2fa9ad0dff274338b7a859ebe99538ac3fa57ad32179b7165,5.88758,6.22516,5.91078,5.82864,5.88758,5.72058
quantile,4,current,1003a83830e8b12ae1cb86bdec98af3d649ae54404b59a1466ec31548b149353,3,1000000,65536,6.76244,129012,96a79df3576987f2fa9ad0dff274338b7a859ebe99538ac3fa57ad32179b7165,4.86182,5.77331,5.14063,4.86182,4.80276,4.80766
quantile,8,baseline,f9ed90d41e7bff92707a796e4677772351a23e53a6e148cf831a3feb92ae880e,3,1000000,65536,7.71253,169388,96a79df3576987f2fa9ad0dff274338b7a859ebe99538ac3fa57ad32179b7165,6.23011,6.83145,6.18744,6.1749,6.23389,6.23011
quantile,8,current,1003a83830e8b12ae1cb86bdec98af3d649ae54404b59a1466ec31548b149353,3,1000000,65536,5.86419,170104,96a79df3576987f2fa9ad0dff274338b7a859ebe99538ac3fa57ad32179b7165,3.68453,4.39757,3.90633,3.68453,3.67018,3.38297
quantile,16,baseline,f9ed90d41e7bff92707a796e4677772351a23e53a6e148cf831a3feb92ae880e,3,1000000,65536,7.21631,251752,96a79df3576987f2fa9ad0dff274338b7a859ebe99538ac3fa57ad32179b7165,6.01546,6.17105,5.91893,6.14306,6.01546,5.93225
quantile,16,current,1003a83830e8b12ae1cb86bdec98af3d649ae54404b59a1466ec31548b149353,3,1000000,65536,4.5659,251508,96a79df3576987f2fa9ad0dff274338b7a859ebe99538ac3fa57ad32179b7165,2.6464,3.50603,2.6464,2.42918,2.80776,2.46643
quantile,default,baseline,f9ed90d41e7bff92707a796e4677772351a23e53a6e148cf831a3feb92ae880e,3,1000000,65536,7.87623,374968,96a79df3576987f2fa9ad0dff274338b7a859ebe99538ac3fa57ad32179b7165,6.31817,6.31474,6.47321,6.34551,6.07093,6.31817
quantile,default,current,1003a83830e8b12ae1cb86bdec98af3d649ae54404b59a1466ec31548b149353,3,1000000,65536,4.93497,375160,96a79df3576987f2fa9ad0dff274338b7a859ebe99538ac3fa57ad32179b7165,2.02239,3.11678,2.04481,1.92833,2.02239,1.93837
mode,1,baseline,f9ed90d41e7bff92707a796e4677772351a23e53a6e148cf831a3feb92ae880e,3,1000000,65536,17.6407,91744,079dae3cfbf4364a968d4cd8d501466115acff0d63e052acf45f638867a9e471,16.5603,16.7299,16.2939,16.2559,16.5603,16.6222
mode,1,current,1003a83830e8b12ae1cb86bdec98af3d649ae54404b59a1466ec31548b149353,3,1000000,65536,14.5042,91424,079dae3cfbf4364a968d4cd8d501466115acff0d63e052acf45f638867a9e471,13.2323,13.2732,12.6083,13.311,13.2323,12.7088
mode,2,baseline,f9ed90d41e7bff92707a796e4677772351a23e53a6e148cf831a3feb92ae880e,3,1000000,65536,10.7309,102180,079dae3cfbf4364a968d4cd8d501466115acff0d63e052acf45f638867a9e471,9.75906,9.93958,9.72091,9.97833,9.75906,9.43524
mode,2,current,1003a83830e8b12ae1cb86bdec98af3d649ae54404b59a1466ec31548b149353,3,1000000,65536,11.7647,101756,079dae3cfbf4364a968d4cd8d501466115acff0d63e052acf45f638867a9e471,9.38486,9.448,9.38486,9.28252,9.22973,11.0999
mode,4,baseline,f9ed90d41e7bff92707a796e4677772351a23e53a6e148cf831a3feb92ae880e,3,1000000,65536,8.44344,122836,079dae3cfbf4364a968d4cd8d501466115acff0d63e052acf45f638867a9e471,7.33475,7.84879,8.34259,7.17525,7.33475,7.24402
mode,4,current,1003a83830e8b12ae1cb86bdec98af3d649ae54404b59a1466ec31548b149353,3,1000000,65536,7.14074,128880,079dae3cfbf4364a968d4cd8d501466115acff0d63e052acf45f638867a9e471,6.04566,6.33398,6.09676,5.76788,5.90623,6.04566
mode,8,baseline,f9ed90d41e7bff92707a796e4677772351a23e53a6e148cf831a3feb92ae880e,3,1000000,65536,8.62604,164160,079dae3cfbf4364a968d4cd8d501466115acff0d63e052acf45f638867a9e471,6.74749,7.20127,6.88872,6.74259,6.71961,6.74749
mode,8,current,1003a83830e8b12ae1cb86bdec98af3d649ae54404b59a1466ec31548b149353,3,1000000,65536,6.47839,169468,079dae3cfbf4364a968d4cd8d501466115acff0d63e052acf45f638867a9e471,4.34563,4.87463,4.34563,4.36306,3.70078,3.74202
mode,16,baseline,f9ed90d41e7bff92707a796e4677772351a23e53a6e148cf831a3feb92ae880e,3,1000000,65536,7.42677,245452,079dae3cfbf4364a968d4cd8d501466115acff0d63e052acf45f638867a9e471,7.0938,6.80786,7.36024,7.0938,6.65925,7.95389
mode,16,current,1003a83830e8b12ae1cb86bdec98af3d649ae54404b59a1466ec31548b149353,3,1000000,65536,5.00277,251468,079dae3cfbf4364a968d4cd8d501466115acff0d63e052acf45f638867a9e471,2.99592,3.53434,2.6745,2.72624,2.99592,3.2161
mode,default,baseline,f9ed90d41e7bff92707a796e4677772351a23e53a6e148cf831a3feb92ae880e,3,1000000,65536,7.86541,368632,079dae3cfbf4364a968d4cd8d501466115acff0d63e052acf45f638867a9e471,6.68187,7.03647,6.60002,6.32059,6.79335,6.68187
mode,default,current,1003a83830e8b12ae1cb86bdec98af3d649ae54404b59a1466ec31548b149353,3,1000000,65536,5.29127,374924,079dae3cfbf4364a968d4cd8d501466115acff0d63e052acf45f638867a9e471,2.56245,3.47571,2.68824,2.56245,2.41462,2.42744
top-bottom,1,baseline,f9ed90d41e7bff92707a796e4677772351a23e53a6e148cf831a3feb92ae880e,3,1000000,65536,16.2045,104336,74a7c372ed0f9913a9decfb2db436f7a96b0248f39c0b065fc40b7130ff4b0fc,16.4288,16.6903,16.4288,16.6795,14.8692,14.7135
top-bottom,1,current,1003a83830e8b12ae1cb86bdec98af3d649ae54404b59a1466ec31548b149353,3,1000000,65536,16.2429,104300,74a7c372ed0f9913a9decfb2db436f7a96b0248f39c0b065fc40b7130ff4b0fc,14.4145,15.3235,14.667,14.4145,14.3991,14.0292
top-bottom,2,baseline,f9ed90d41e7bff92707a796e4677772351a23e53a6e148cf831a3feb92ae880e,3,1000000,65536,12.4368,114120,74a7c372ed0f9913a9decfb2db436f7a96b0248f39c0b065fc40b7130ff4b0fc,10.987,12.0226,10.987,10.8958,10.6584,11.5282
top-bottom,2,current,1003a83830e8b12ae1cb86bdec98af3d649ae54404b59a1466ec31548b149353,3,1000000,65536,12.1724,114532,74a7c372ed0f9913a9decfb2db436f7a96b0248f39c0b065fc40b7130ff4b0fc,11.2584,11.9134,11.2728,10.9391,10.7906,11.2584
top-bottom,4,baseline,f9ed90d41e7bff92707a796e4677772351a23e53a6e148cf831a3feb92ae880e,3,1000000,65536,12.1946,135128,74a7c372ed0f9913a9decfb2db436f7a96b0248f39c0b065fc40b7130ff4b0fc,10.0223,11.3104,10.4458,9.52052,10.0223,8.88823
top-bottom,4,current,1003a83830e8b12ae1cb86bdec98af3d649ae54404b59a1466ec31548b149353,3,1000000,65536,10.4877,135400,74a7c372ed0f9913a9decfb2db436f7a96b0248f39c0b065fc40b7130ff4b0fc,8.52705,8.82526,8.52705,8.07394,8.66849,8.1544
top-bottom,8,baseline,f9ed90d41e7bff92707a796e4677772351a23e53a6e148cf831a3feb92ae880e,3,1000000,65536,10.1034,175744,74a7c372ed0f9913a9decfb2db436f7a96b0248f39c0b065fc40b7130ff4b0fc,8.51969,9.74605,8.8178,8.21056,8.51969,8.33867
top-bottom,8,current,1003a83830e8b12ae1cb86bdec98af3d649ae54404b59a1466ec31548b149353,3,1000000,65536,7.19992,176000,74a7c372ed0f9913a9decfb2db436f7a96b0248f39c0b065fc40b7130ff4b0fc,5.65515,5.6882,5.60614,5.97738,5.41449,5.65515
top-bottom,16,baseline,f9ed90d41e7bff92707a796e4677772351a23e53a6e148cf831a3feb92ae880e,3,1000000,65536,10.1675,257916,74a7c372ed0f9913a9decfb2db436f7a96b0248f39c0b065fc40b7130ff4b0fc,8.77014,9.56965,9.36184,8.48937,8.6706,8.77014
top-bottom,16,current,1003a83830e8b12ae1cb86bdec98af3d649ae54404b59a1466ec31548b149353,3,1000000,65536,7.10462,257748,74a7c372ed0f9913a9decfb2db436f7a96b0248f39c0b065fc40b7130ff4b0fc,5.08641,5.04666,4.83381,5.8088,5.14667,5.08641
top-bottom,default,baseline,f9ed90d41e7bff92707a796e4677772351a23e53a6e148cf831a3feb92ae880e,3,1000000,65536,10.0901,380904,74a7c372ed0f9913a9decfb2db436f7a96b0248f39c0b065fc40b7130ff4b0fc,9.2609,11.1623,8.74106,9.2609,9.46247,8.80016
top-bottom,default,current,1003a83830e8b12ae1cb86bdec98af3d649ae54404b59a1466ec31548b149353,3,1000000,65536,7.31308,381192,74a7c372ed0f9913a9decfb2db436f7a96b0248f39c0b065fc40b7130ff4b0fc,4.37288,6.94434,4.37288,5.60176,4.30872,4.1434
first-last,1,baseline,f9ed90d41e7bff92707a796e4677772351a23e53a6e148cf831a3feb92ae880e,3,1000000,65536,10.7744,91772,abe8fdad86ed848fb271761af768db6a441a0d0a35552758f7baf58991b5d51c,9.49286,9.75972,9.49286,9.45267,9.365,9.74144
first-last,1,current,1003a83830e8b12ae1cb86bdec98af3d649ae54404b59a1466ec31548b149353,3,1000000,65536,6.58853,92128,abe8fdad86ed848fb271761af768db6a441a0d0a35552758f7baf58991b5d51c,5.09187,5.81492,5.05813,5.09187,5.12214,5.05451
first-last,2,baseline,f9ed90d41e7bff92707a796e4677772351a23e53a6e148cf831a3feb92ae880e,3,1000000,65536,10.9182,101768,abe8fdad86ed848fb271761af768db6a441a0d0a35552758f7baf58991b5d51c,9.57088,9.70391,9.5696,9.45327,9.78928,9.57088
first-last,2,current,1003a83830e8b12ae1cb86bdec98af3d649ae54404b59a1466ec31548b149353,3,1000000,65536,6.15343,102424,abe8fdad86ed848fb271761af768db6a441a0d0a35552758f7baf58991b5d51c,4.80917,5.1094,4.8609,4.78338,4.80917,4.76626
first-last,4,baseline,f9ed90d41e7bff92707a796e4677772351a23e53a6e148cf831a3feb92ae880e,3,1000000,65536,10.8256,122572,abe8fdad86ed848fb271761af768db6a441a0d0a35552758f7baf58991b5d51c,9.87538,9.87538,10.0165,9.49955,10.2561,9.54301
first-last,4,current,1003a83830e8b12ae1cb86bdec98af3d649ae54404b59a1466ec31548b149353,3,1000000,65536,5.01999,128984,abe8fdad86ed848fb271761af768db6a441a0d0a35552758f7baf58991b5d51c,3.77614,4.03446,3.77165,3.73172,3.82879,3.77614
first-last,8,baseline,f9ed90d41e7bff92707a796e4677772351a23e53a6e148cf831a3feb92ae880e,3,1000000,65536,11.0627,163444,abe8fdad86ed848fb271761af768db6a441a0d0a35552758f7baf58991b5d51c,9.85779,10.2304,9.45489,10.6902,9.85779,9.57776
first-last,8,current,1003a83830e8b12ae1cb86bdec98af3d649ae54404b59a1466ec31548b149353,3,1000000,65536,4.44369,169780,abe8fdad86ed848fb271761af768db6a441a0d0a35552758f7baf58991b5d51c,2.95415,3.35344,2.95415,3.10766,2.5495,2.62361
first-last,16,baseline,f9ed90d41e7bff92707a796e4677772351a23e53a6e148cf831a3feb92ae880e,3,1000000,65536,10.7393,245112,abe8fdad86ed848fb271761af768db6a441a0d0a35552758f7baf58991b5d51c,9.90291,9.94692,9.97121,9.70888,9.90291,9.86535
first-last,16,current,1003a83830e8b12ae1cb86bdec98af3d649ae54404b59a1466ec31548b149353,3,1000000,65536,3.71548,251732,abe8fdad86ed848fb271761af768db6a441a0d0a35552758f7baf58991b5d51c,2.38619,2.70161,2.38619,2.33691,2.3008,2.56288
first-last,default,baseline,f9ed90d41e7bff92707a796e4677772351a23e53a6e148cf831a3feb92ae880e,3,1000000,65536,10.8919,368632,abe8fdad86ed848fb271761af768db6a441a0d0a35552758f7baf58991b5d51c,9.59397,10.5478,9.59397,9.65032,9.56821,9.53969
first-last,default,current,1003a83830e8b12ae1cb86bdec98af3d649ae54404b59a1466ec31548b149353,3,1000000,65536,5.69349,374776,abe8fdad86ed848fb271761af768db6a441a0d0a35552758f7baf58991b5d51c,3.05581,4.64963,2.85944,3.02279,3.05581,3.1448
mixed,1,baseline,f9ed90d41e7bff92707a796e4677772351a23e53a6e148cf831a3feb92ae880e,3,1000000,65536,13.2937,98172,88f62d709a6c9e8fd94118a587ce18e4e3b0188981ffac364e434f9756015ca4,11.7087,11.7087,11.4959,11.4222,11.8002,11.7638
mixed,1,current,1003a83830e8b12ae1cb86bdec98af3d649ae54404b59a1466ec31548b149353,3,1000000,65536,12.2544,97996,88f62d709a6c9e8fd94118a587ce18e4e3b0188981ffac364e434f9756015ca4,10.4236,10.4236,10.5627,10.0583,10.364,10.4303
mixed,2,baseline,f9ed90d41e7bff92707a796e4677772351a23e53a6e148cf831a3feb92ae880e,3,1000000,65536,11.1009,108156,88f62d709a6c9e8fd94118a587ce18e4e3b0188981ffac364e434f9756015ca4,9.72997,10.1164,10.147,9.72997,9.50993,9.31474
mixed,2,current,1003a83830e8b12ae1cb86bdec98af3d649ae54404b59a1466ec31548b149353,3,1000000,65536,10.8467,108168,88f62d709a6c9e8fd94118a587ce18e4e3b0188981ffac364e434f9756015ca4,8.48696,8.94421,8.55279,8.48696,8.47612,8.23093
mixed,4,baseline,f9ed90d41e7bff92707a796e4677772351a23e53a6e148cf831a3feb92ae880e,3,1000000,65536,10.013,128728,88f62d709a6c9e8fd94118a587ce18e4e3b0188981ffac364e434f9756015ca4,8.70454,8.81984,8.76469,8.45896,8.70454,8.42857
mixed,4,current,1003a83830e8b12ae1cb86bdec98af3d649ae54404b59a1466ec31548b149353,3,1000000,65536,6.75193,129128,88f62d709a6c9e8fd94118a587ce18e4e3b0188981ffac364e434f9756015ca4,5.54403,5.73016,5.49858,5.53932,5.54403,5.99727
mixed,8,baseline,f9ed90d41e7bff92707a796e4677772351a23e53a6e148cf831a3feb92ae880e,3,1000000,65536,10.3634,169584,88f62d709a6c9e8fd94118a587ce18e4e3b0188981ffac364e434f9756015ca4,8.72915,9.23899,8.72915,8.75432,8.32431,8.43657
mixed,8,current,1003a83830e8b12ae1cb86bdec98af3d649ae54404b59a1466ec31548b149353,3,1000000,65536,4.86456,169880,88f62d709a6c9e8fd94118a587ce18e4e3b0188981ffac364e434f9756015ca4,3.54915,4.46148,4.37975,3.54915,3.2703,3.31584
mixed,16,baseline,f9ed90d41e7bff92707a796e4677772351a23e53a6e148cf831a3feb92ae880e,3,1000000,65536,10.0824,251696,88f62d709a6c9e8fd94118a587ce18e4e3b0188981ffac364e434f9756015ca4,8.88077,9.32441,8.64053,8.88622,8.88077,8.61068
mixed,16,current,1003a83830e8b12ae1cb86bdec98af3d649ae54404b59a1466ec31548b149353,3,1000000,65536,5.06253,251740,88f62d709a6c9e8fd94118a587ce18e4e3b0188981ffac364e434f9756015ca4,3.1964,3.73216,3.1964,3.00112,2.95728,3.22513
mixed,default,baseline,f9ed90d41e7bff92707a796e4677772351a23e53a6e148cf831a3feb92ae880e,3,1000000,65536,10.6373,375032,88f62d709a6c9e8fd94118a587ce18e4e3b0188981ffac364e434f9756015ca4,8.98491,9.25638,8.97445,9.46049,8.98491,8.56627
mixed,default,current,1003a83830e8b12ae1cb86bdec98af3d649ae54404b59a1466ec31548b149353,3,1000000,65536,5.38745,374820,88f62d709a6c9e8fd94118a587ce18e4e3b0188981ffac364e434f9756015ca4,2.36638,3.51913,2.359,2.50129,2.35296,2.36638
distinct,1,baseline,f9ed90d41e7bff92707a796e4677772351a23e53a6e148cf831a3feb92ae880e,3,1000000,65536,58.817,202100,67457a1d5b29926989e3244d85a4cf3b2f8a21363195d6a2759f4bbe298cb663,66.0718,66.0718,67.7597,62.236,63.7942,68.8727
distinct,1,current,1003a83830e8b12ae1cb86bdec98af3d649ae54404b59a1466ec31548b149353,3,1000000,65536,50.4498,202152,67457a1d5b29926989e3244d85a4cf3b2f8a21363195d6a2759f4bbe298cb663,43.667,39.09,43.7317,43.4068,44.1955,43.667
distinct,2,baseline,f9ed90d41e7bff92707a796e4677772351a23e53a6e148cf831a3feb92ae880e,3,1000000,65536,23.3274,197464,67457a1d5b29926989e3244d85a4cf3b2f8a21363195d6a2759f4bbe298cb663,20.3189,20.3189,19.5507,22.0351,22.0042,19.6171
distinct,2,current,1003a83830e8b12ae1cb86bdec98af3d649ae54404b59a1466ec31548b149353,3,1000000,65536,20.2438,147388,67457a1d5b29926989e3244d85a4cf3b2f8a21363195d6a2759f4bbe298cb663,16.8146,17.7647,16.1025,16.8146,16.3384,17.8909
distinct,4,baseline,f9ed90d41e7bff92707a796e4677772351a23e53a6e148cf831a3feb92ae880e,3,1000000,65536,17.0743,195084,67457a1d5b29926989e3244d85a4cf3b2f8a21363195d6a2759f4bbe298cb663,13.9905,14.4202,13.8059,13.6296,13.9905,14.2965
distinct,4,current,1003a83830e8b12ae1cb86bdec98af3d649ae54404b59a1466ec31548b149353,3,1000000,65536,11.9849,200420,67457a1d5b29926989e3244d85a4cf3b2f8a21363195d6a2759f4bbe298cb663,8.58601,9.40238,8.98949,8.54317,8.50662,8.58601
distinct,8,baseline,f9ed90d41e7bff92707a796e4677772351a23e53a6e148cf831a3feb92ae880e,3,1000000,65536,14.4633,317652,67457a1d5b29926989e3244d85a4cf3b2f8a21363195d6a2759f4bbe298cb663,11.2294,13.5319,11.9425,11.0699,11.2294,11.1108
distinct,8,current,1003a83830e8b12ae1cb86bdec98af3d649ae54404b59a1466ec31548b149353,3,1000000,65536,7.39156,313160,67457a1d5b29926989e3244d85a4cf3b2f8a21363195d6a2759f4bbe298cb663,6.10714,6.28525,6.70725,6.00781,5.97568,6.10714
distinct,16,baseline,f9ed90d41e7bff92707a796e4677772351a23e53a6e148cf831a3feb92ae880e,3,1000000,65536,11.8774,576552,67457a1d5b29926989e3244d85a4cf3b2f8a21363195d6a2759f4bbe298cb663,11.4286,13.3862,12.9604,11.4286,11.3481,10.8613
distinct,16,current,1003a83830e8b12ae1cb86bdec98af3d649ae54404b59a1466ec31548b149353,3,1000000,65536,4.86062,419696,67457a1d5b29926989e3244d85a4cf3b2f8a21363195d6a2759f4bbe298cb663,4.68746,4.38861,4.68746,4.25574,5.32764,4.72579
distinct,default,baseline,f9ed90d41e7bff92707a796e4677772351a23e53a6e148cf831a3feb92ae880e,3,1000000,65536,11.9068,868100,67457a1d5b29926989e3244d85a4cf3b2f8a21363195d6a2759f4bbe298cb663,13.3885,12.2811,13.9247,11.4038,19.745,13.3885
distinct,default,current,1003a83830e8b12ae1cb86bdec98af3d649ae54404b59a1466ec31548b149353,3,1000000,65536,4.48183,541232,67457a1d5b29926989e3244d85a4cf3b2f8a21363195d6a2759f4bbe298cb663,4.04345,3.71128,4.76956,4.04345,3.60797,4.54108
composite,1,baseline,f9ed90d41e7bff92707a796e4677772351a23e53a6e148cf831a3feb92ae880e,3,1000000,458752,28.6778,130200,89e28455f2fc78110cb132870bf7c66b4c81609c003a643a742f2a50c43ee976,26.5636,26.6014,27.051,24.5943,24.8765,26.5636
composite,1,current,1003a83830e8b12ae1cb86bdec98af3d649ae54404b59a1466ec31548b149353,3,1000000,458752,15.4139,137024,89e28455f2fc78110cb132870bf7c66b4c81609c003a643a742f2a50c43ee976,11.9506,12.4729,12.4175,11.9506,11.5255,11.1109
composite,2,baseline,f9ed90d41e7bff92707a796e4677772351a23e53a6e148cf831a3feb92ae880e,3,1000000,458752,21.0376,153056,89e28455f2fc78110cb132870bf7c66b4c81609c003a643a742f2a50c43ee976,17.8262,17.7493,17.9718,18.0278,17.8262,17.3536
composite,2,current,1003a83830e8b12ae1cb86bdec98af3d649ae54404b59a1466ec31548b149353,3,1000000,458752,12.1405,141500,89e28455f2fc78110cb132870bf7c66b4c81609c003a643a742f2a50c43ee976,9.76793,9.89491,9.45546,9.76793,9.83082,9.64788
composite,4,baseline,f9ed90d41e7bff92707a796e4677772351a23e53a6e148cf831a3feb92ae880e,3,1000000,458752,17.084,198204,89e28455f2fc78110cb132870bf7c66b4c81609c003a643a742f2a50c43ee976,13.4477,13.2683,12.7787,13.4786,13.7666,13.4477
composite,4,current,1003a83830e8b12ae1cb86bdec98af3d649ae54404b59a1466ec31548b149353,3,1000000,458752,10.3638,161792,89e28455f2fc78110cb132870bf7c66b4c81609c003a643a742f2a50c43ee976,6.02458,6.53514,6.04998,5.98621,6.00601,6.02458
composite,8,baseline,f9ed90d41e7bff92707a796e4677772351a23e53a6e148cf831a3feb92ae880e,3,1000000,458752,15.795,263784,89e28455f2fc78110cb132870bf7c66b4c81609c003a643a742f2a50c43ee976,12.1516,12.6561,13.5721,11.4306,12.1516,12.0814
composite,8,current,1003a83830e8b12ae1cb86bdec98af3d649ae54404b59a1466ec31548b149353,3,1000000,458752,7.43645,202624,89e28455f2fc78110cb132870bf7c66b4c81609c003a643a742f2a50c43ee976,4.45521,5.27973,4.7534,4.45521,4.30842,4.36413
composite,16,baseline,f9ed90d41e7bff92707a796e4677772351a23e53a6e148cf831a3feb92ae880e,3,1000000,458752,15.663,432340,89e28455f2fc78110cb132870bf7c66b4c81609c003a643a742f2a50c43ee976,13.7275,14.8077,15.4833,13.7275,11.7997,13.1121
composite,16,current,1003a83830e8b12ae1cb86bdec98af3d649ae54404b59a1466ec31548b149353,3,1000000,458752,5.92705,284548,89e28455f2fc78110cb132870bf7c66b4c81609c003a643a742f2a50c43ee976,2.66625,3.71416,2.88596,2.64331,2.62359,2.66625
composite,default,baseline,f9ed90d41e7bff92707a796e4677772351a23e53a6e148cf831a3feb92ae880e,3,1000000,458752,16.9261,628804,89e28455f2fc78110cb132870bf7c66b4c81609c003a643a742f2a50c43ee976,14.4627,16.6701,15.4964,13.9364,14.4627,13.5013
composite,default,current,1003a83830e8b12ae1cb86bdec98af3d649ae54404b59a1466ec31548b149353,3,1000000,458752,7.91615,408184,89e28455f2fc78110cb132870bf7c66b4c81609c003a643a742f2a50c43ee976,2.23277,4.25204,2.23277,1.92819,2.55921,2.03762
selected,1,baseline,f9ed90d41e7bff92707a796e4677772351a23e53a6e148cf831a3feb92ae880e,3,1000000,65536,5.60358,71192,8522e3c9de155d55f5248f18156623a96083744742ecf5754c6432bd416e0da2,5.21121,5.18322,5.22586,5.59939,5.21121,5.12674
selected,1,current,1003a83830e8b12ae1cb86bdec98af3d649ae54404b59a1466ec31548b149353,3,1000000,65536,3.97622,71184,8522e3c9de155d55f5248f18156623a96083744742ecf5754c6432bd416e0da2,3.42853,3.44109,3.42853,3.35358,3.41774,3.54525
selected,2,baseline,f9ed90d41e7bff92707a796e4677772351a23e53a6e148cf831a3feb92ae880e,3,1000000,65536,3.7569,102280,8522e3c9de155d55f5248f18156623a96083744742ecf5754c6432bd416e0da2,3.46257,3.47986,3.46257,3.30328,3.54867,3.27904
selected,2,current,1003a83830e8b12ae1cb86bdec98af3d649ae54404b59a1466ec31548b149353,3,1000000,65536,2.68798,91892,8522e3c9de155d55f5248f18156623a96083744742ecf5754c6432bd416e0da2,2.37131,2.43389,2.38717,2.33294,2.32644,2.37131
selected,4,baseline,f9ed90d41e7bff92707a796e4677772351a23e53a6e148cf831a3feb92ae880e,3,1000000,65536,2.32106,151552,8522e3c9de155d55f5248f18156623a96083744742ecf5754c6432bd416e0da2,2.30887,2.26341,2.47305,2.30887,2.67018,2.05554
selected,4,current,1003a83830e8b12ae1cb86bdec98af3d649ae54404b59a1466ec31548b149353,3,1000000,65536,1.81404,112520,8522e3c9de155d55f5248f18156623a96083744742ecf5754c6432bd416e0da2,1.46632,1.59677,1.49248,1.46632,1.44502,1.46164
selected,8,baseline,f9ed90d41e7bff92707a796e4677772351a23e53a6e148cf831a3feb92ae880e,3,1000000,65536,2.64946,215172,8522e3c9de155d55f5248f18156623a96083744742ecf5754c6432bd416e0da2,2.84631,2.52036,2.88253,2.86562,2.70265,2.84631
selected,8,current,1003a83830e8b12ae1cb86bdec98af3d649ae54404b59a1466ec31548b149353,3,1000000,65536,1.47255,153412,8522e3c9de155d55f5248f18156623a96083744742ecf5754c6432bd416e0da2,1.19063,1.32571,1.18258,1.19063,1.14722,1.19898
selected,16,baseline,f9ed90d41e7bff92707a796e4677772351a23e53a6e148cf831a3feb92ae880e,3,1000000,65536,2.56568,298968,8522e3c9de155d55f5248f18156623a96083744742ecf5754c6432bd416e0da2,2.83638,2.58004,2.87422,2.79716,2.83638,3.31125
selected,16,current,1003a83830e8b12ae1cb86bdec98af3d649ae54404b59a1466ec31548b149353,3,1000000,65536,1.29443,235336,8522e3c9de155d55f5248f18156623a96083744742ecf5754c6432bd416e0da2,1.05103,1.06339,1.05155,1.05103,1.03534,1.03917
selected,default,baseline,f9ed90d41e7bff92707a796e4677772351a23e53a6e148cf831a3feb92ae880e,3,1000000,65536,2.31749,401824,8522e3c9de155d55f5248f18156623a96083744742ecf5754c6432bd416e0da2,2.43385,2.21864,2.17794,2.47273,2.47696,2.43385
selected,default,current,1003a83830e8b12ae1cb86bdec98af3d649ae54404b59a1466ec31548b149353,3,1000000,65536,1.23576,358892,8522e3c9de155d55f5248f18156623a96083744742ecf5754c6432bd416e0da2,0.969571,1.04762,0.969571,0.91104,0.898442,1.03629
selected-indexed,1,baseline,f9ed90d41e7bff92707a796e4677772351a23e53a6e148cf831a3feb92ae880e,3,1000000,166200,10.7281,102292,90c0fe8a409b8a932d9521b00fde89bd3f5abbec914a2364ae0ca74974a480c3,9.04923,9.65404,9.12235,8.91849,9.04923,9.04548
selected-indexed,1,current,1003a83830e8b12ae1cb86bdec98af3d649ae54404b59a1466ec31548b149353,3,1000000,166200,8.318,102288,90c0fe8a409b8a932d9521b00fde89bd3f5abbec914a2364ae0ca74974a480c3,7.70592,7.70592,12.1811,8.70316,7.61025,6.99605
selected-indexed,2,baseline,f9ed90d41e7bff92707a796e4677772351a23e53a6e148cf831a3feb92ae880e,3,1000000,166200,8.95689,112368,90c0fe8a409b8a932d9521b00fde89bd3f5abbec914a2364ae0ca74974a480c3,7.85309,8.51065,7.85309,7.89832,7.7712,7.76108
selected-indexed,2,current,1003a83830e8b12ae1cb86bdec98af3d649ae54404b59a1466ec31548b149353,3,1000000,166200,8.28135,112288,90c0fe8a409b8a932d9521b00fde89bd3f5abbec914a2364ae0ca74974a480c3,6.73172,7.32485,6.73697,6.69335,6.50042,6.73172
selected-indexed,4,baseline,f9ed90d41e7bff92707a796e4677772351a23e53a6e148cf831a3feb92ae880e,3,1000000,166200,8.61267,133072,90c0fe8a409b8a932d9521b00fde89bd3f5abbec914a2364ae0ca74974a480c3,7.42797,7.87419,7.42797,7.17519,7.24439,7.54715
selected-indexed,4,current,1003a83830e8b12ae1cb86bdec98af3d649ae54404b59a1466ec31548b149353,3,1000000,166200,6.30604,133128,90c0fe8a409b8a932d9521b00fde89bd3f5abbec914a2364ae0ca74974a480c3,5.13332,5.61379,4.99129,5.13332,5.14485,4.87491
selected-indexed,8,baseline,f9ed90d41e7bff92707a796e4677772351a23e53a6e148cf831a3feb92ae880e,3,1000000,166200,8.67422,173944,90c0fe8a409b8a932d9521b00fde89bd3f5abbec914a2364ae0ca74974a480c3,7.52727,8.32982,7.38442,7.52727,7.38671,7.71331
selected-indexed,8,current,1003a83830e8b12ae1cb86bdec98af3d649ae54404b59a1466ec31548b149353,3,1000000,166200,5.24638,174352,90c0fe8a409b8a932d9521b00fde89bd3f5abbec914a2364ae0ca74974a480c3,4.14747,4.48994,3.85648,4.03825,4.27064,4.14747
selected-indexed,16,baseline,f9ed90d41e7bff92707a796e4677772351a23e53a6e148cf831a3feb92ae880e,3,1000000,166200,8.06611,255540,90c0fe8a409b8a932d9521b00fde89bd3f5abbec914a2364ae0ca74974a480c3,6.90073,7.64788,7.12958,6.82725,6.90073,6.80668
selected-indexed,16,current,1003a83830e8b12ae1cb86bdec98af3d649ae54404b59a1466ec31548b149353,3,1000000,166200,5.10821,256116,90c0fe8a409b8a932d9521b00fde89bd3f5abbec914a2364ae0ca74974a480c3,4.1507,5.38815,4.20795,3.80325,4.1507,3.6658
selected-indexed,default,baseline,f9ed90d41e7bff92707a796e4677772351a23e53a6e148cf831a3feb92ae880e,3,1000000,166200,8.11669,379100,90c0fe8a409b8a932d9521b00fde89bd3f5abbec914a2364ae0ca74974a480c3,6.78016,7.37056,6.88952,6.7405,6.78016,6.69928
selected-indexed,default,current,1003a83830e8b12ae1cb86bdec98af3d649ae54404b59a1466ec31548b149353,3,1000000,166200,5.84318,378444,90c0fe8a409b8a932d9521b00fde89bd3f5abbec914a2364ae0ca74974a480c3,3.98713,5.25497,3.98713,4.09277,3.88217,3.9027
sparse,1,baseline,f9ed90d41e7bff92707a796e4677772351a23e53a6e148cf831a3feb92ae880e,3,1000000,65536,52.1926,128572,01972ab0fd51c783c88722805ff688e4e3cedb929ff314dc14dcdc03d2d1c1c8,49.4262,49.9504,49.49,49.4133,49.4262,49.1756
sparse,1,current,1003a83830e8b12ae1cb86bdec98af3d649ae54404b59a1466ec31548b149353,3,1000000,65536,50.838,128412,01972ab0fd51c783c88722805ff688e4e3cedb929ff314dc14dcdc03d2d1c1c8,48.9286,48.2464,49.6003,48.9939,48.9286,48.2631
sparse,2,baseline,f9ed90d41e7bff92707a796e4677772351a23e53a6e148cf831a3feb92ae880e,3,1000000,65536,27.2804,136452,01972ab0fd51c783c88722805ff688e4e3cedb929ff314dc14dcdc03d2d1c1c8,25.8446,26.0085,25.8926,25.7679,25.8446,25.6197
sparse,2,current,1003a83830e8b12ae1cb86bdec98af3d649ae54404b59a1466ec31548b149353,3,1000000,65536,26.3035,136900,01972ab0fd51c783c88722805ff688e4e3cedb929ff314dc14dcdc03d2d1c1c8,25.0285,25.2238,25.0285,25.1342,24.6559,24.9582
sparse,4,baseline,f9ed90d41e7bff92707a796e4677772351a23e53a6e148cf831a3feb92ae880e,3,1000000,65536,15.1147,188144,01972ab0fd51c783c88722805ff688e4e3cedb929ff314dc14dcdc03d2d1c1c8,14.0987,14.7281,14.1076,13.8321,14.0987,14.0853
sparse,4,current,1003a83830e8b12ae1cb86bdec98af3d649ae54404b59a1466ec31548b149353,3,1000000,65536,14.6249,188404,01972ab0fd51c783c88722805ff688e4e3cedb929ff314dc14dcdc03d2d1c1c8,13.4894,14.1494,13.5918,13.3609,13.4894,13.1138
sparse,8,baseline,f9ed90d41e7bff92707a796e4677772351a23e53a6e148cf831a3feb92ae880e,3,1000000,65536,9.06025,319232,01972ab0fd51c783c88722805ff688e4e3cedb929ff314dc14dcdc03d2d1c1c8,8.27334,8.27334,8.64911,8.00794,8.37474,8.17781
sparse,8,current,1003a83830e8b12ae1cb86bdec98af3d649ae54404b59a1466ec31548b149353,3,1000000,65536,8.44511,319192,01972ab0fd51c783c88722805ff688e4e3cedb929ff314dc14dcdc03d2d1c1c8,7.92178,7.8638,8.31405,7.70697,7.99102,7.92178
sparse,16,baseline,f9ed90d41e7bff92707a796e4677772351a23e53a6e148cf831a3feb92ae880e,3,1000000,65536,6.30127,474820,01972ab0fd51c783c88722805ff688e4e3cedb929ff314dc14dcdc03d2d1c1c8,5.83669,5.83669,6.44544,5.55886,5.76045,7.98882
sparse,16,current,1003a83830e8b12ae1cb86bdec98af3d649ae54404b59a1466ec31548b149353,3,1000000,65536,5.71968,475388,01972ab0fd51c783c88722805ff688e4e3cedb929ff314dc14dcdc03d2d1c1c8,5.32882,5.32882,5.99789,5.18718,5.16086,6.77907
sparse,default,baseline,f9ed90d41e7bff92707a796e4677772351a23e53a6e148cf831a3feb92ae880e,3,1000000,65536,5.5858,766840,01972ab0fd51c783c88722805ff688e4e3cedb929ff314dc14dcdc03d2d1c1c8,5.94257,5.94257,5.17984,6.98341,5.49895,6.89208
sparse,default,current,1003a83830e8b12ae1cb86bdec98af3d649ae54404b59a1466ec31548b149353,3,1000000,65536,5.31451,760156,01972ab0fd51c783c88722805ff688e4e3cedb929ff314dc14dcdc03d2d1c1c8,7.01408,5.31366,5.83199,7.84975,7.01408,7.25467
clustered,1,baseline,f9ed90d41e7bff92707a796e4677772351a23e53a6e148cf831a3feb92ae880e,3,1000000,125000,4.14846,70988,9226fbbc34dc78a0eb0d9731b6075244eb0d8c9daf05af27419f638bf9d95c9c,4.03779,4.02979,4.0451,4.03779,4.07657,4.0348
clustered,1,current,1003a83830e8b12ae1cb86bdec98af3d649ae54404b59a1466ec31548b149353,3,1000000,125000,1.90996,70944,9226fbbc34dc78a0eb0d9731b6075244eb0d8c9daf05af27419f638bf9d95c9c,1.63635,1.74806,1.59333,1.60536,1.63635,1.65177
clustered,2,baseline,f9ed90d41e7bff92707a796e4677772351a23e53a6e148cf831a3feb92ae880e,3,1000000,125000,2.73228,95640,9226fbbc34dc78a0eb0d9731b6075244eb0d8c9daf05af27419f638bf9d95c9c,2.50677,2.50677,2.68546,2.40331,2.59719,2.42018
clustered,2,current,1003a83830e8b12ae1cb86bdec98af3d649ae54404b59a1466ec31548b149353,3,1000000,125000,1.57733,81572,9226fbbc34dc78a0eb0d9731b6075244eb0d8c9daf05af27419f638bf9d95c9c,1.37457,1.44856,1.36946,1.35564,1.41468,1.37457
clustered,4,baseline,f9ed90d41e7bff92707a796e4677772351a23e53a6e148cf831a3feb92ae880e,3,1000000,125000,1.69999,126684,9226fbbc34dc78a0eb0d9731b6075244eb0d8c9daf05af27419f638bf9d95c9c,1.74988,1.82095,1.63722,2.0881,1.59138,1.74988
clustered,4,current,1003a83830e8b12ae1cb86bdec98af3d649ae54404b59a1466ec31548b149353,3,1000000,125000,2.42888,118484,9226fbbc34dc78a0eb0d9731b6075244eb0d8c9daf05af27419f638bf9d95c9c,0.793945,1.19522,0.860278,0.769478,0.788499,0.793945
clustered,8,baseline,f9ed90d41e7bff92707a796e4677772351a23e53a6e148cf831a3feb92ae880e,3,1000000,125000,2.15661,200656,9226fbbc34dc78a0eb0d9731b6075244eb0d8c9daf05af27419f638bf9d95c9c,1.95101,2.28295,1.34976,1.95101,1.65508,2.05417
clustered,8,current,1003a83830e8b12ae1cb86bdec98af3d649ae54404b59a1466ec31548b149353,3,1000000,125000,2.60764,163528,9226fbbc34dc78a0eb0d9731b6075244eb0d8c9daf05af27419f638bf9d95c9c,1.01171,1.07273,1.00676,1.04345,1.01171,0.991273
clustered,16,baseline,f9ed90d41e7bff92707a796e4677772351a23e53a6e148cf831a3feb92ae880e,3,1000000,125000,3.39181,348288,9226fbbc34dc78a0eb0d9731b6075244eb0d8c9daf05af27419f638bf9d95c9c,3.71156,4.33113,3.55499,5.18437,3.71156,3.67737
clustered,16,current,1003a83830e8b12ae1cb86bdec98af3d649ae54404b59a1466ec31548b149353,3,1000000,125000,2.51699,245668,9226fbbc34dc78a0eb0d9731b6075244eb0d8c9daf05af27419f638bf9d95c9c,0.775206,0.792722,0.743264,0.79204,0.775206,0.665469
clustered,default,baseline,f9ed90d41e7bff92707a796e4677772351a23e53a6e148cf831a3feb92ae880e,3,1000000,125000,3.8535,529184,9226fbbc34dc78a0eb0d9731b6075244eb0d8c9daf05af27419f638bf9d95c9c,4.70193,4.64003,4.55316,4.88728,4.70193,5.97512
clustered,default,current,1003a83830e8b12ae1cb86bdec98af3d649ae54404b59a1466ec31548b149353,3,1000000,125000,2.76275,368588,9226fbbc34dc78a0eb0d9731b6075244eb0d8c9daf05af27419f638bf9d95c9c,0.676644,0.748321,0.681508,0.676644,0.57734,0.501224
skew,1,baseline,f9ed90d41e7bff92707a796e4677772351a23e53a6e148cf831a3feb92ae880e,3,1000000,65537,4.25534,70984,9493dd1efb9b30127aa0aa3416330a7cfc92c30c1dcf11a3fbbbd573487efcf2,4.18905,5.3272,4.18905,4.19315,4.18048,4.17063
skew,1,current,1003a83830e8b12ae1cb86bdec98af3d649ae54404b59a1466ec31548b149353,3,1000000,65537,1.7264,70940,9493dd1efb9b30127aa0aa3416330a7cfc92c30c1dcf11a3fbbbd573487efcf2,1.51251,1.5944,1.51251,1.50343,1.54077,1.50748
skew,2,baseline,f9ed90d41e7bff92707a796e4677772351a23e53a6e148cf831a3feb92ae880e,3,1000000,65537,2.9129,95908,9493dd1efb9b30127aa0aa3416330a7cfc92c30c1dcf11a3fbbbd573487efcf2,2.76077,2.65655,2.97842,2.76077,2.75111,3.00182
skew,2,current,1003a83830e8b12ae1cb86bdec98af3d649ae54404b59a1466ec31548b149353,3,1000000,65537,2.13281,81572,9493dd1efb9b30127aa0aa3416330a7cfc92c30c1dcf11a3fbbbd573487efcf2,1.03589,1.46372,1.04002,1.03224,1.03057,1.03589
skew,4,baseline,f9ed90d41e7bff92707a796e4677772351a23e53a6e148cf831a3feb92ae880e,3,1000000,65537,1.95135,125908,9493dd1efb9b30127aa0aa3416330a7cfc92c30c1dcf11a3fbbbd573487efcf2,1.9792,2.18446,1.83549,2.17125,1.90108,1.9792
skew,4,current,1003a83830e8b12ae1cb86bdec98af3d649ae54404b59a1466ec31548b149353,3,1000000,65537,2.70235,116480,9493dd1efb9b30127aa0aa3416330a7cfc92c30c1dcf11a3fbbbd573487efcf2,1.23609,1.60881,1.54399,1.23609,1.18389,0.690515
skew,8,baseline,f9ed90d41e7bff92707a796e4677772351a23e53a6e148cf831a3feb92ae880e,3,1000000,65537,3.30196,200368,9493dd1efb9b30127aa0aa3416330a7cfc92c30c1dcf11a3fbbbd573487efcf2,3.43376,3.56911,3.20703,3.94766,3.15409,3.43376
skew,8,current,1003a83830e8b12ae1cb86bdec98af3d649ae54404b59a1466ec31548b149353,3,1000000,65537,2.28635,161252,9493dd1efb9b30127aa0aa3416330a7cfc92c30c1dcf11a3fbbbd573487efcf2,1.18396,1.20426,1.15634,1.16138,1.20307,1.18396
skew,16,baseline,f9ed90d41e7bff92707a796e4677772351a23e53a6e148cf831a3feb92ae880e,3,1000000,65537,4.67595,345992,9493dd1efb9b30127aa0aa3416330a7cfc92c30c1dcf11a3fbbbd573487efcf2,4.87804,5.90914,4.58549,4.87804,3.94083,5.87466
skew,16,current,1003a83830e8b12ae1cb86bdec98af3d649ae54404b59a1466ec31548b149353,3,1000000,65537,3.12934,245388,2fda006d290f4d1ca6efe9f1a4b3d0e68f9072a6159bfb30e323d87e16fca0ac,1.03914,1.22902,1.03914,0.999904,1.05796,0.979057
skew,default,baseline,f9ed90d41e7bff92707a796e4677772351a23e53a6e148cf831a3feb92ae880e,3,1000000,65537,16.3664,870980,2fda006d290f4d1ca6efe9f1a4b3d0e68f9072a6159bfb30e323d87e16fca0ac,16.4291,14.9681,16.689,16.2977,17.7416,16.4291
skew,default,current,1003a83830e8b12ae1cb86bdec98af3d649ae54404b59a1466ec31548b149353,3,1000000,65537,3.31695,368700,2fda006d290f4d1ca6efe9f1a4b3d0e68f9072a6159bfb30e323d87e16fca0ac,0.671146,0.832137,0.68375,0.671146,0.626167,0.617946
skew-indexed,1,baseline,f9ed90d41e7bff92707a796e4677772351a23e53a6e148cf831a3feb92ae880e,3,1000000,65537,11.4869,96124,0a108eae43b1b94c348cc8775f32deb19b3fcdf8d52e3c1aea1dccf4affc60a7,10.0365,10.081,9.98945,9.96402,10.0365,10.0653
skew-indexed,1,current,1003a83830e8b12ae1cb86bdec98af3d649ae54404b59a1466ec31548b149353,3,1000000,65537,11.1708,96148,0a108eae43b1b94c348cc8775f32deb19b3fcdf8d52e3c1aea1dccf4affc60a7,9.78617,9.67605,9.67772,10.451,10.2942,9.78617
skew-indexed,2,baseline,f9ed90d41e7bff92707a796e4677772351a23e53a6e148cf831a3feb92ae880e,3,1000000,65537,9.44488,106344,0a108eae43b1b94c348cc8775f32deb19b3fcdf8d52e3c1aea1dccf4affc60a7,8.05682,8.04102,8.09668,8.05682,8.1771,8.00144
skew-indexed,2,current,1003a83830e8b12ae1cb86bdec98af3d649ae54404b59a1466ec31548b149353,3,1000000,65537,9.48749,106628,0a108eae43b1b94c348cc8775f32deb19b3fcdf8d52e3c1aea1dccf4affc60a7,7.50223,7.60007,7.33207,7.50223,7.35734,7.56392
skew-indexed,4,baseline,f9ed90d41e7bff92707a796e4677772351a23e53a6e148cf831a3feb92ae880e,3,1000000,65537,9.29586,126520,0a108eae43b1b94c348cc8775f32deb19b3fcdf8d52e3c1aea1dccf4affc60a7,7.98298,7.98298,8.15003,8.24909,7.94741,7.94409
skew-indexed,4,current,1003a83830e8b12ae1cb86bdec98af3d649ae54404b59a1466ec31548b149353,3,1000000,65537,6.72001,128896,0a108eae43b1b94c348cc8775f32deb19b3fcdf8d52e3c1aea1dccf4affc60a7,5.20295,5.39369,5.20295,5.14517,5.22316,5.17727
skew-indexed,8,baseline,f9ed90d41e7bff92707a796e4677772351a23e53a6e148cf831a3feb92ae880e,3,1000000,65537,9.73882,167476,0a108eae43b1b94c348cc8775f32deb19b3fcdf8d52e3c1aea1dccf4affc60a7,8.53584,8.53584,8.4946,8.75912,8.69223,8.49818
skew-indexed,8,current,1003a83830e8b12ae1cb86bdec98af3d649ae54404b59a1466ec31548b149353,3,1000000,65537,5.99453,169940,0a108eae43b1b94c348cc8775f32deb19b3fcdf8d52e3c1aea1dccf4affc60a7,4.54027,4.68472,4.54027,4.60747,4.37947,4.43998
skew-indexed,16,baseline,f9ed90d41e7bff92707a796e4677772351a23e53a6e148cf831a3feb92ae880e,3,1000000,65537,9.9695,249892,0a108eae43b1b94c348cc8775f32deb19b3fcdf8d52e3c1aea1dccf4affc60a7,8.49557,8.63926,8.35736,8.69419,8.21253,8.49557
skew-indexed,16,current,1003a83830e8b12ae1cb86bdec98af3d649ae54404b59a1466ec31548b149353,3,1000000,65537,6.49192,251492,0a108eae43b1b94c348cc8775f32deb19b3fcdf8d52e3c1aea1dccf4affc60a7,3.21754,3.4121,3.33843,3.0901,3.21754,3.08807
skew-indexed,default,baseline,f9ed90d41e7bff92707a796e4677772351a23e53a6e148cf831a3feb92ae880e,3,1000000,65537,9.59724,372876,0a108eae43b1b94c348cc8775f32deb19b3fcdf8d52e3c1aea1dccf4affc60a7,8.34596,8.34596,8.50481,8.25126,8.07651,10.1487
skew-indexed,default,current,1003a83830e8b12ae1cb86bdec98af3d649ae54404b59a1466ec31548b149353,3,1000000,65537,7.31127,374776,0a108eae43b1b94c348cc8775f32deb19b3fcdf8d52e3c1aea1dccf4affc60a7,2.43173,2.71021,2.88149,2.41335,2.43173,2.41606
float-key,1,baseline,f9ed90d41e7bff92707a796e4677772351a23e53a6e148cf831a3feb92ae880e,3,1000000,65536,17.2641,83780,67815070ec5e825828d32b5e6b3a37db6aa89f046b6f7390a537494ae110c572,17.5623,17.9854,17.6568,17.4622,17.5623,17.4295
float-key,1,current,1003a83830e8b12ae1cb86bdec98af3d649ae54404b59a1466ec31548b149353,3,1000000,65536,14.4515,91788,67815070ec5e825828d32b5e6b3a37db6aa89f046b6f7390a537494ae110c572,12.2315,14.3543,12.2315,12.1663,12.3496,12.1867
float-key,2,baseline,f9ed90d41e7bff92707a796e4677772351a23e53a6e148cf831a3feb92ae880e,3,1000000,65536,13.0299,187896,67815070ec5e825828d32b5e6b3a37db6aa89f046b6f7390a537494ae110c572,9.6721,10.263,9.64047,10.0013,9.65897,9.6721
float-key,2,current,1003a83830e8b12ae1cb86bdec98af3d649ae54404b59a1466ec31548b149353,3,1000000,65536,12.6111,194028,67815070ec5e825828d32b5e6b3a37db6aa89f046b6f7390a537494ae110c572,9.53161,10.1678,9.49221,9.4223,9.53161,10.7801
float-key,4,baseline,f9ed90d41e7bff92707a796e4677772351a23e53a6e148cf831a3feb92ae880e,3,1000000,65536,7.58575,196632,67815070ec5e825828d32b5e6b3a37db6aa89f046b6f7390a537494ae110c572,5.77648,5.8849,5.52167,5.75633,5.78263,5.77648
float-key,4,current,1003a83830e8b12ae1cb86bdec98af3d649ae54404b59a1466ec31548b149353,3,1000000,65536,7.53899,200572,67815070ec5e825828d32b5e6b3a37db6aa89f046b6f7390a537494ae110c572,5.55434,6.55344,5.44198,5.58041,5.55434,5.48785
float-key,8,baseline,f9ed90d41e7bff92707a796e4677772351a23e53a6e148cf831a3feb92ae880e,3,1000000,65536,6.24717,318964,67815070ec5e825828d32b5e6b3a37db6aa89f046b6f7390a537494ae110c572,4.33426,5.75441,4.90448,4.33426,4.15301,4.13431
float-key,8,current,1003a83830e8b12ae1cb86bdec98af3d649ae54404b59a1466ec31548b149353,3,1000000,65536,5.89967,319432,67815070ec5e825828d32b5e6b3a37db6aa89f046b6f7390a537494ae110c572,4.44235,5.94486,4.61496,4.27616,4.37512,4.44235
float-key,16,baseline,f9ed90d41e7bff92707a796e4677772351a23e53a6e148cf831a3feb92ae880e,3,1000000,65536,5.42804,575832,67815070ec5e825828d32b5e6b3a37db6aa89f046b6f7390a537494ae110c572,4.81118,6.0826,4.81118,5.66479,4.62844,3.92314
float-key,16,current,1003a83830e8b12ae1cb86bdec98af3d649ae54404b59a1466ec31548b149353,3,1000000,65536,4.49635,251668,67815070ec5e825828d32b5e6b3a37db6aa89f046b6f7390a537494ae110c572,3.00571,3.17197,3.00571,2.99744,3.05567,3.00222
float-key,default,baseline,f9ed90d41e7bff92707a796e4677772351a23e53a6e148cf831a3feb92ae880e,3,1000000,65536,3.841,809584,67815070ec5e825828d32b5e6b3a37db6aa89f046b6f7390a537494ae110c572,6.35678,5.7666,6.53824,4.21332,6.35678,6.38556
float-key,default,current,1003a83830e8b12ae1cb86bdec98af3d649ae54404b59a1466ec31548b149353,3,1000000,65536,5.18318,374760,67815070ec5e825828d32b5e6b3a37db6aa89f046b6f7390a537494ae110c572,2.21732,2.26004,2.18095,2.21732,2.1811,2.2597
float-indexed,1,baseline,f9ed90d41e7bff92707a796e4677772351a23e53a6e148cf831a3feb92ae880e,3,1000000,65536,19.8795,97928,8254dd5b7c07aa3f6b65b862ba1f87f9e25680cc1eb068c06cea381991733c2f,17.8861,18.0388,17.5662,17.7796,18.3187,17.8861
float-indexed,1,current,1003a83830e8b12ae1cb86bdec98af3d649ae54404b59a1466ec31548b149353,3,1000000,65536,19.0044,98192,8254dd5b7c07aa3f6b65b862ba1f87f9e25680cc1eb068c06cea381991733c2f,17.5674,17.5674,17.4492,17.4242,18.3116,17.6631
float-indexed,2,baseline,f9ed90d41e7bff92707a796e4677772351a23e53a6e148cf831a3feb92ae880e,3,1000000,65536,17.6882,108464,8254dd5b7c07aa3f6b65b862ba1f87f9e25680cc1eb068c06cea381991733c2f,16.0519,16.0519,17.1202,15.7771,15.8138,17.3868
float-indexed,2,current,1003a83830e8b12ae1cb86bdec98af3d649ae54404b59a1466ec31548b149353,3,1000000,65536,14.0416,108164,8254dd5b7c07aa3f6b65b862ba1f87f9e25680cc1eb068c06cea381991733c2f,12.8489,12.927,12.7408,12.6913,12.8489,13.1909
float-indexed,4,baseline,f9ed90d41e7bff92707a796e4677772351a23e53a6e148cf831a3feb92ae880e,3,1000000,65536,17.5295,128620,8254dd5b7c07aa3f6b65b862ba1f87f9e25680cc1eb068c06cea381991733c2f,15.4097,15.5065,15.3869,15.1845,15.4097,15.5574
float-indexed,4,current,1003a83830e8b12ae1cb86bdec98af3d649ae54404b59a1466ec31548b149353,3,1000000,65536,9.42671,128988,8254dd5b7c07aa3f6b65b862ba1f87f9e25680cc1eb068c06cea381991733c2f,8.43862,8.05236,8.26794,8.6698,9.02102,8.43862
float-indexed,8,baseline,f9ed90d41e7bff92707a796e4677772351a23e53a6e148cf831a3feb92ae880e,3,1000000,65536,17.4629,169832,8254dd5b7c07aa3f6b65b862ba1f87f9e25680cc1eb068c06cea381991733c2f,15.0049,15.1521,15.229,15.0049,14.9792,14.8447
float-indexed,8,current,1003a83830e8b12ae1cb86bdec98af3d649ae54404b59a1466ec31548b149353,3,1000000,65536,6.07107,169584,8254dd5b7c07aa3f6b65b862ba1f87f9e25680cc1eb068c06cea381991733c2f,5.08105,5.01593,5.09059,5.08379,5.08105,5.01351
float-indexed,16,baseline,f9ed90d41e7bff92707a796e4677772351a23e53a6e148cf831a3feb92ae880e,3,1000000,65536,17.0123,251712,8254dd5b7c07aa3f6b65b862ba1f87f9e25680cc1eb068c06cea381991733c2f,15.2665,15.1691,15.2665,15.3154,17.247,15.0103
float-indexed,16,current,1003a83830e8b12ae1cb86bdec98af3d649ae54404b59a1466ec31548b149353,3,1000000,65536,6.40859,251948,8254dd5b7c07aa3f6b65b862ba1f87f9e25680cc1eb068c06cea381991733c2f,3.75214,4.77185,3.93972,3.55705,3.5025,3.75214
float-indexed,default,baseline,f9ed90d41e7bff92707a796e4677772351a23e53a6e148cf831a3feb92ae880e,3,1000000,65536,16.9807,374800,8254dd5b7c07aa3f6b65b862ba1f87f9e25680cc1eb068c06cea381991733c2f,14.8192,14.8012,14.8564,14.794,14.8192,15.1995
float-indexed,default,current,1003a83830e8b12ae1cb86bdec98af3d649ae54404b59a1466ec31548b149353,3,1000000,65536,5.50285,375256,8254dd5b7c07aa3f6b65b862ba1f87f9e25680cc1eb068c06cea381991733c2f,2.87693,2.76585,2.87693,2.74775,2.92872,2.93504
symbol-key,1,baseline,f9ed90d41e7bff92707a796e4677772351a23e53a6e148cf831a3feb92ae880e,3,1000000,4,1.32903,87576,f4f0cd4a2b69b2ea50a501980d32272f8f90ca85d2e6c4191191f90689bb19db,1.28408,1.26803,1.23856,1.28408,1.40616,1.39091
symbol-key,1,current,1003a83830e8b12ae1cb86bdec98af3d649ae54404b59a1466ec31548b149353,3,1000000,4,1.48091,87740,f4f0cd4a2b69b2ea50a501980d32272f8f90ca85d2e6c4191191f90689bb19db,1.57754,1.51158,1.39806,1.57754,1.77528,1.61904
symbol-key,2,baseline,f9ed90d41e7bff92707a796e4677772351a23e53a6e148cf831a3feb92ae880e,3,1000000,4,0.641313,97944,f4f0cd4a2b69b2ea50a501980d32272f8f90ca85d2e6c4191191f90689bb19db,0.509225,0.595049,0.525993,0.509225,0.48575,0.491314
symbol-key,2,current,1003a83830e8b12ae1cb86bdec98af3d649ae54404b59a1466ec31548b149353,3,1000000,4,0.708576,97928,f4f0cd4a2b69b2ea50a501980d32272f8f90ca85d2e6c4191191f90689bb19db,0.543715,0.620946,0.543715,0.542042,0.541217,0.554063
symbol-key,4,baseline,f9ed90d41e7bff92707a796e4677772351a23e53a6e148cf831a3feb92ae880e,3,1000000,4,0.673842,118000,f4f0cd4a2b69b2ea50a501980d32272f8f90ca85d2e6c4191191f90689bb19db,0.26361,0.594073,0.286913,0.260731,0.26361,0.262207
symbol-key,4,current,1003a83830e8b12ae1cb86bdec98af3d649ae54404b59a1466ec31548b149353,3,1000000,4,0.405305,118332,f4f0cd4a2b69b2ea50a501980d32272f8f90ca85d2e6c4191191f90689bb19db,0.290411,0.336999,0.29863,0.289471,0.288813,0.290411
symbol-key,8,baseline,f9ed90d41e7bff92707a796e4677772351a23e53a6e148cf831a3feb92ae880e,3,1000000,4,0.498166,159016,f4f0cd4a2b69b2ea50a501980d32272f8f90ca85d2e6c4191191f90689bb19db,0.366862,0.340903,0.366862,0.360086,0.373337,0.375819
symbol-key,8,current,1003a83830e8b12ae1cb86bdec98af3d649ae54404b59a1466ec31548b149353,3,1000000,4,0.472912,159544,f4f0cd4a2b69b2ea50a501980d32272f8f90ca85d2e6c4191191f90689bb19db,0.306208,0.310955,0.276954,0.307328,0.306208,0.274127
symbol-key,16,baseline,f9ed90d41e7bff92707a796e4677772351a23e53a6e148cf831a3feb92ae880e,3,1000000,4,0.522826,241248,f4f0cd4a2b69b2ea50a501980d32272f8f90ca85d2e6c4191191f90689bb19db,0.247904,0.309169,0.247904,0.228341,0.262858,0.228421
symbol-key,16,current,1003a83830e8b12ae1cb86bdec98af3d649ae54404b59a1466ec31548b149353,3,1000000,4,0.487714,241348,f4f0cd4a2b69b2ea50a501980d32272f8f90ca85d2e6c4191191f90689bb19db,0.203067,0.26535,0.212373,0.203067,0.185455,0.187783
symbol-key,default,baseline,f9ed90d41e7bff92707a796e4677772351a23e53a6e148cf831a3feb92ae880e,3,1000000,4,0.642414,364024,f4f0cd4a2b69b2ea50a501980d32272f8f90ca85d2e6c4191191f90689bb19db,0.228584,0.365865,0.253343,0.22847,0.228584,0.223258
symbol-key,default,current,1003a83830e8b12ae1cb86bdec98af3d649ae54404b59a1466ec31548b149353,3,1000000,4,0.628995,364516,f4f0cd4a2b69b2ea50a501980d32272f8f90ca85d2e6c4191191f90689bb19db,0.264675,0.336441,0.267067,0.242134,0.23881,0.264675
string-key,1,baseline,f9ed90d41e7bff92707a796e4677772351a23e53a6e148cf831a3feb92ae880e,3,1000000,4,24.5845,102268,09cd04e65ed6be6cf5faedcd46662a9984066e100cb4d6d6cf76f790225543a9,25.1998,25.3694,25.5293,25.082,25.1998,24.9172
string-key,1,current,1003a83830e8b12ae1cb86bdec98af3d649ae54404b59a1466ec31548b149353,3,1000000,4,13.6668,122312,09cd04e65ed6be6cf5faedcd46662a9984066e100cb4d6d6cf76f790225543a9,12.6624,12.5025,12.5864,12.8346,12.6624,12.7278
string-key,2,baseline,f9ed90d41e7bff92707a796e4677772351a23e53a6e148cf831a3feb92ae880e,3,1000000,4,18.0921,204948,09cd04e65ed6be6cf5faedcd46662a9984066e100cb4d6d6cf76f790225543a9,16.1519,17.1184,16.44,16.1519,16.0198,16.0218
string-key,2,current,1003a83830e8b12ae1cb86bdec98af3d649ae54404b59a1466ec31548b149353,3,1000000,4,9.61895,139164,09cd04e65ed6be6cf5faedcd46662a9984066e100cb4d6d6cf76f790225543a9,7.97788,7.87524,7.97788,8.00426,7.92187,7.98503
string-key,4,baseline,f9ed90d41e7bff92707a796e4677772351a23e53a6e148cf831a3feb92ae880e,3,1000000,4,13.1077,213056,09cd04e65ed6be6cf5faedcd46662a9984066e100cb4d6d6cf76f790225543a9,9.23148,9.01993,10.0395,8.56593,9.29859,9.23148
string-key,4,current,1003a83830e8b12ae1cb86bdec98af3d649ae54404b59a1466ec31548b149353,3,1000000,4,5.44554,159704,09cd04e65ed6be6cf5faedcd46662a9984066e100cb4d6d6cf76f790225543a9,4.05695,4.1312,4.10308,4.05695,3.98583,4.03747
string-key,8,baseline,f9ed90d41e7bff92707a796e4677772351a23e53a6e148cf831a3feb92ae880e,3,1000000,4,10.3892,331652,09cd04e65ed6be6cf5faedcd46662a9984066e100cb4d6d6cf76f790225543a9,6.05845,7.681,6.86847,6.05845,5.98844,5.84879
string-key,8,current,1003a83830e8b12ae1cb86bdec98af3d649ae54404b59a1466ec31548b149353,3,1000000,4,4.11222,200760,09cd04e65ed6be6cf5faedcd46662a9984066e100cb4d6d6cf76f790225543a9,2.62839,2.62839,2.68267,2.733,2.24487,2.36203
string-key,16,baseline,f9ed90d41e7bff92707a796e4677772351a23e53a6e148cf831a3feb92ae880e,3,1000000,4,6.21834,581724,09cd04e65ed6be6cf5faedcd46662a9984066e100cb4d6d6cf76f790225543a9,7.34633,7.01172,8.70047,10.1338,6.55368,7.34633
string-key,16,current,1003a83830e8b12ae1cb86bdec98af3d649ae54404b59a1466ec31548b149353,3,1000000,4,3.98798,282908,09cd04e65ed6be6cf5faedcd46662a9984066e100cb4d6d6cf76f790225543a9,1.85294,1.88373,1.80572,2.02801,1.85294,1.70755
string-key,default,baseline,f9ed90d41e7bff92707a796e4677772351a23e53a6e148cf831a3feb92ae880e,3,1000000,4,5.90381,612764,09cd04e65ed6be6cf5faedcd46662a9984066e100cb4d6d6cf76f790225543a9,9.44994,9.85191,8.87668,10.6193,9.44994,6.47171
string-key,default,current,1003a83830e8b12ae1cb86bdec98af3d649ae54404b59a1466ec31548b149353,3,1000000,4,5.28317,405196,09cd04e65ed6be6cf5faedcd46662a9984066e100cb4d6d6cf76f790225543a9,1.65204,1.66522,1.62412,1.63058,1.65204,1.70589
string-indexed,1,baseline,f9ed90d41e7bff92707a796e4677772351a23e53a6e148cf831a3feb92ae880e,3,1000000,4,18.4697,122232,8f60991140aec2ac36e339f8e555b4179d074f0fe79eed44b7d684500c38245e,16.7862,16.7558,16.5173,16.7862,17.2996,16.8204
string-indexed,1,current,1003a83830e8b12ae1cb86bdec98af3d649ae54404b59a1466ec31548b149353,3,1000000,4,18.2363,122484,8f60991140aec2ac36e339f8e555b4179d074f0fe79eed44b7d684500c38245e,17.1929,17.2502,17.1814,17.1929,21.2101,16.966
string-indexed,2,baseline,f9ed90d41e7bff92707a796e4677772351a23e53a6e148cf831a3feb92ae880e,3,1000000,4,18.0939,132832,8f60991140aec2ac36e339f8e555b4179d074f0fe79eed44b7d684500c38245e,16.8161,16.2583,16.8161,18.165,16.8667,16.512
string-indexed,2,current,1003a83830e8b12ae1cb86bdec98af3d649ae54404b59a1466ec31548b149353,3,1000000,4,11.6696,139184,8f60991140aec2ac36e339f8e555b4179d074f0fe79eed44b7d684500c38245e,10.2204,10.0267,10.0352,10.3035,10.2204,10.5157
string-indexed,4,baseline,f9ed90d41e7bff92707a796e4677772351a23e53a6e148cf831a3feb92ae880e,3,1000000,4,17.4659,153144,8f60991140aec2ac36e339f8e555b4179d074f0fe79eed44b7d684500c38245e,16.3727,16.2352,16.4007,16.3727,16.355,16.4645
string-indexed,4,current,1003a83830e8b12ae1cb86bdec98af3d649ae54404b59a1466ec31548b149353,3,1000000,4,7.41355,159472,8f60991140aec2ac36e339f8e555b4179d074f0fe79eed44b7d684500c38245e,5.84084,5.8759,5.95901,5.84084,5.78163,5.72078
string-indexed,8,baseline,f9ed90d41e7bff92707a796e4677772351a23e53a6e148cf831a3feb92ae880e,3,1000000,4,17.5648,194096,8f60991140aec2ac36e339f8e555b4179d074f0fe79eed44b7d684500c38245e,16.322,16.4312,16.3124,16.322,16.3608,16.2913
string-indexed,8,current,1003a83830e8b12ae1cb86bdec98af3d649ae54404b59a1466ec31548b149353,3,1000000,4,5.63034,200436,8f60991140aec2ac36e339f8e555b4179d074f0fe79eed44b7d684500c38245e,4.08082,4.10393,4.08082,4.25327,4.02217,4.00055
string-indexed,16,baseline,f9ed90d41e7bff92707a796e4677772351a23e53a6e148cf831a3feb92ae880e,3,1000000,4,17.6196,276220,8f60991140aec2ac36e339f8e555b4179d074f0fe79eed44b7d684500c38245e,16.4249,18.5605,16.4249,16.0776,17.5627,16.0592
string-indexed,16,current,1003a83830e8b12ae1cb86bdec98af3d649ae54404b59a1466ec31548b149353,3,1000000,4,5.51269,282412,8f60991140aec2ac36e339f8e555b4179d074f0fe79eed44b7d684500c38245e,3.55165,3.45819,3.55165,3.40698,4.76066,3.58602
string-indexed,default,baseline,f9ed90d41e7bff92707a796e4677772351a23e53a6e148cf831a3feb92ae880e,3,1000000,4,17.3931,399552,8f60991140aec2ac36e339f8e555b4179d074f0fe79eed44b7d684500c38245e,16.2267,16.0827,16.2606,16.0623,16.2267,17.165
string-indexed,default,current,1003a83830e8b12ae1cb86bdec98af3d649ae54404b59a1466ec31548b149353,3,1000000,4,6.67514,405512,8f60991140aec2ac36e339f8e555b4179d074f0fe79eed44b7d684500c38245e,3.06918,3.06918,3.03135,2.93538,3.16859,3.13674
wide-extrema,1,baseline,f9ed90d41e7bff92707a796e4677772351a23e53a6e148cf831a3feb92ae880e,3,1000000,65536,26.3884,126864,b02ca6967d31a92dee708b618aedbd72ee0bd35f695dd388fa2b1f32316356cc,25.8824,26.0986,25.8824,27.9846,25.7392,25.6269
wide-extrema,1,current,1003a83830e8b12ae1cb86bdec98af3d649ae54404b59a1466ec31548b149353,3,1000000,65536,24.5555,126832,b02ca6967d31a92dee708b618aedbd72ee0bd35f695dd388fa2b1f32316356cc,24.2249,24.4352,23.2766,24.1758,24.2249,24.2296
wide-extrema,2,baseline,f9ed90d41e7bff92707a796e4677772351a23e53a6e148cf831a3feb92ae880e,3,1000000,65536,27.4303,136908,b02ca6967d31a92dee708b618aedbd72ee0bd35f695dd388fa2b1f32316356cc,25.466,25.4496,25.8117,25.466,26.2781,25.3063
wide-extrema,2,current,1003a83830e8b12ae1cb86bdec98af3d649ae54404b59a1466ec31548b149353,3,1000000,65536,20.1947,136844,b02ca6967d31a92dee708b618aedbd72ee0bd35f695dd388fa2b1f32316356cc,15.6897,17.2642,15.504,16.0334,15.1834,15.6897
wide-extrema,4,baseline,f9ed90d41e7bff92707a796e4677772351a23e53a6e148cf831a3feb92ae880e,3,1000000,65536,26.5416,157164,b02ca6967d31a92dee708b618aedbd72ee0bd35f695dd388fa2b1f32316356cc,26.2113,25.2062,26.2113,27.5958,26.618,25.1064
wide-extrema,4,current,1003a83830e8b12ae1cb86bdec98af3d649ae54404b59a1466ec31548b149353,3,1000000,65536,11.3327,151288,b02ca6967d31a92dee708b618aedbd72ee0bd35f695dd388fa2b1f32316356cc,9.62012,9.8095,10.3072,9.56257,9.62012,9.60421
wide-extrema,8,baseline,f9ed90d41e7bff92707a796e4677772351a23e53a6e148cf831a3feb92ae880e,3,1000000,65536,26.126,197872,b02ca6967d31a92dee708b618aedbd72ee0bd35f695dd388fa2b1f32316356cc,25.4932,25.4932,25.2978,26.3291,26.5421,25.4685
wide-extrema,8,current,1003a83830e8b12ae1cb86bdec98af3d649ae54404b59a1466ec31548b149353,3,1000000,65536,8.23361,192232,b02ca6967d31a92dee708b618aedbd72ee0bd35f695dd388fa2b1f32316356cc,6.8224,6.8224,6.84085,6.8468,6.6009,6.71617
wide-extrema,16,baseline,f9ed90d41e7bff92707a796e4677772351a23e53a6e148cf831a3feb92ae880e,3,1000000,65536,26.9108,280232,b02ca6967d31a92dee708b618aedbd72ee0bd35f695dd388fa2b1f32316356cc,26.2252,25.2533,26.2252,25.1587,28.9913,29.7314
wide-extrema,16,current,1003a83830e8b12ae1cb86bdec98af3d649ae54404b59a1466ec31548b149353,3,1000000,65536,6.87333,274440,b02ca6967d31a92dee708b618aedbd72ee0bd35f695dd388fa2b1f32316356cc,5.47628,5.84436,5.43018,5.47628,5.71488,5.44794
wide-extrema,default,baseline,f9ed90d41e7bff92707a796e4677772351a23e53a6e148cf831a3feb92ae880e,3,1000000,65536,26.4643,403408,b02ca6967d31a92dee708b618aedbd72ee0bd35f695dd388fa2b1f32316356cc,25.2752,25.4559,25.2752,25.17,25.1346,26.0916
wide-extrema,default,current,1003a83830e8b12ae1cb86bdec98af3d649ae54404b59a1466ec31548b149353,3,1000000,65536,6.57926,397836,b02ca6967d31a92dee708b618aedbd72ee0bd35f695dd388fa2b1f32316356cc,4.64733,4.71514,4.52535,4.64733,4.54828,4.86851
extrema-date,1,baseline,f9ed90d41e7bff92707a796e4677772351a23e53a6e148cf831a3feb92ae880e,3,1000000,65536,4.36179,103576,e8a7e2e5f899bc199263d97c5a3b87323c649f9cc0f41e4a2fe651c770e7ddd6,3.84679,3.93978,3.71646,3.76022,3.84679,3.88441
extrema-date,1,current,1003a83830e8b12ae1cb86bdec98af3d649ae54404b59a1466ec31548b149353,3,1000000,65536,3.13843,104000,e8a7e2e5f899bc199263d97c5a3b87323c649f9cc0f41e4a2fe651c770e7ddd6,2.74614,2.8165,2.72725,2.74614,2.75457,2.71323
extrema-date,2,baseline,f9ed90d41e7bff92707a796e4677772351a23e53a6e148cf831a3feb92ae880e,3,1000000,65536,3.08403,136536,e8a7e2e5f899bc199263d97c5a3b87323c649f9cc0f41e4a2fe651c770e7ddd6,2.80293,2.8587,3.13542,2.52471,2.80293,2.61327
extrema-date,2,current,1003a83830e8b12ae1cb86bdec98af3d649ae54404b59a1466ec31548b149353,3,1000000,65536,3.93943,114340,e8a7e2e5f899bc199263d97c5a3b87323c649f9cc0f41e4a2fe651c770e7ddd6,1.8392,1.95264,1.8392,1.8395,1.82834,1.82766
extrema-date,4,baseline,f9ed90d41e7bff92707a796e4677772351a23e53a6e148cf831a3feb92ae880e,3,1000000,65536,2.44538,202556,e8a7e2e5f899bc199263d97c5a3b87323c649f9cc0f41e4a2fe651c770e7ddd6,2.68444,2.39682,2.90148,2.68444,3.31058,2.49894
extrema-date,4,current,1003a83830e8b12ae1cb86bdec98af3d649ae54404b59a1466ec31548b149353,3,1000000,65536,1.57452,134876,e8a7e2e5f899bc199263d97c5a3b87323c649f9cc0f41e4a2fe651c770e7ddd6,1.24206,1.3015,1.25011,1.22366,1.24206,1.22455
extrema-date,8,baseline,f9ed90d41e7bff92707a796e4677772351a23e53a6e148cf831a3feb92ae880e,3,1000000,65536,3.03726,333476,e8a7e2e5f899bc199263d97c5a3b87323c649f9cc0f41e4a2fe651c770e7ddd6,3.2172,3.47687,2.51444,3.14492,3.2172,3.43502
extrema-date,8,current,1003a83830e8b12ae1cb86bdec98af3d649ae54404b59a1466ec31548b149353,3,1000000,65536,2.18208,175612,e8a7e2e5f899bc199263d97c5a3b87323c649f9cc0f41e4a2fe651c770e7ddd6,2.016,1.98706,1.97316,2.01863,2.09452,2.016
extrema-date,16,baseline,f9ed90d41e7bff92707a796e4677772351a23e53a6e148cf831a3feb92ae880e,3,1000000,65536,4.23502,550940,e8a7e2e5f899bc199263d97c5a3b87323c649f9cc0f41e4a2fe651c770e7ddd6,4.71376,4.71376,5.27696,4.15405,4.64905,5.28476
extrema-date,16,current,1003a83830e8b12ae1cb86bdec98af3d649ae54404b59a1466ec31548b149353,3,1000000,65536,1.3852,257908,e8a7e2e5f899bc199263d97c5a3b87323c649f9cc0f41e4a2fe651c770e7ddd6,1.28514,1.29593,1.28514,1.29473,1.23574,1.27652
extrema-date,default,baseline,f9ed90d41e7bff92707a796e4677772351a23e53a6e148cf831a3feb92ae880e,3,1000000,65536,4.42393,825648,e8a7e2e5f899bc199263d97c5a3b87323c649f9cc0f41e4a2fe651c770e7ddd6,6.07856,5.30458,6.56574,4.49304,6.07856,6.68193
extrema-date,default,current,1003a83830e8b12ae1cb86bdec98af3d649ae54404b59a1466ec31548b149353,3,1000000,65536,1.11965,381660,e8a7e2e5f899bc199263d97c5a3b87323c649f9cc0f41e4a2fe651c770e7ddd6,0.917081,0.960974,0.895857,0.950326,0.881561,0.917081
extrema-timestamp,1,baseline,f9ed90d41e7bff92707a796e4677772351a23e53a6e148cf831a3feb92ae880e,3,1000000,65536,4.36463,117956,21b125cdb444576cc6c38fb471f631df4998150b30e1dc016a2b034fd4665bd6,3.79317,3.7753,3.79317,3.7428,3.87285,3.86587
extrema-timestamp,1,current,1003a83830e8b12ae1cb86bdec98af3d649ae54404b59a1466ec31548b149353,3,1000000,65536,3.65425,118004,21b125cdb444576cc6c38fb471f631df4998150b30e1dc016a2b034fd4665bd6,3.01585,3.14155,3.14098,3.01385,2.99939,3.01585
extrema-timestamp,2,baseline,f9ed90d41e7bff92707a796e4677772351a23e53a6e148cf831a3feb92ae880e,3,1000000,65536,3.437,150744,21b125cdb444576cc6c38fb471f631df4998150b30e1dc016a2b034fd4665bd6,2.90708,3.22218,2.90708,2.66577,2.98057,2.68244
extrema-timestamp,2,current,1003a83830e8b12ae1cb86bdec98af3d649ae54404b59a1466ec31548b149353,3,1000000,65536,2.44476,128608,21b125cdb444576cc6c38fb471f631df4998150b30e1dc016a2b034fd4665bd6,1.99382,2.03454,2.01536,1.97259,1.98257,1.99382
extrema-timestamp,4,baseline,f9ed90d41e7bff92707a796e4677772351a23e53a6e148cf831a3feb92ae880e,3,1000000,65536,3.60233,217056,21b125cdb444576cc6c38fb471f631df4998150b30e1dc016a2b034fd4665bd6,2.52327,3.33121,2.76684,2.08067,2.52327,2.27499
extrema-timestamp,4,current,1003a83830e8b12ae1cb86bdec98af3d649ae54404b59a1466ec31548b149353,3,1000000,65536,2.13563,159104,21b125cdb444576cc6c38fb471f631df4998150b30e1dc016a2b034fd4665bd6,1.43267,1.33455,1.51324,1.43267,1.48813,1.36666
extrema-timestamp,8,baseline,f9ed90d41e7bff92707a796e4677772351a23e53a6e148cf831a3feb92ae880e,3,1000000,65536,3.56856,348112,21b125cdb444576cc6c38fb471f631df4998150b30e1dc016a2b034fd4665bd6,3.93447,3.93447,3.48157,4.72386,4.01513,3.41169
extrema-timestamp,8,current,1003a83830e8b12ae1cb86bdec98af3d649ae54404b59a1466ec31548b149353,3,1000000,65536,9.62104,200056,21b125cdb444576cc6c38fb471f631df4998150b30e1dc016a2b034fd4665bd6,3.88882,5.00276,3.67921,3.88882,3.59794,4.56098
extrema-timestamp,16,baseline,f9ed90d41e7bff92707a796e4677772351a23e53a6e148cf831a3feb92ae880e,3,1000000,65536,7.82457,610284,21b125cdb444576cc6c38fb471f631df4998150b30e1dc016a2b034fd4665bd6,8.19396,8.20707,9.09653,8.00375,8.19396,7.94256
extrema-timestamp,16,current,1003a83830e8b12ae1cb86bdec98af3d649ae54404b59a1466ec31548b149353,3,1000000,65536,2.35516,282728,21b125cdb444576cc6c38fb471f631df4998150b30e1dc016a2b034fd4665bd6,1.38569,1.38569,1.31899,1.39322,1.34696,1.43523
extrema-timestamp,default,baseline,f9ed90d41e7bff92707a796e4677772351a23e53a6e148cf831a3feb92ae880e,3,1000000,65536,6.10537,836152,21b125cdb444576cc6c38fb471f631df4998150b30e1dc016a2b034fd4665bd6,6.69323,6.69323,7.97764,6.34507,6.15393,9.34888
extrema-timestamp,default,current,1003a83830e8b12ae1cb86bdec98af3d649ae54404b59a1466ec31548b149353,3,1000000,65536,2.94833,405548,21b125cdb444576cc6c38fb471f631df4998150b30e1dc016a2b034fd4665bd6,0.965193,1.13388,0.987138,0.940032,0.959287,0.965193
wide-mode,1,baseline,f9ed90d41e7bff92707a796e4677772351a23e53a6e148cf831a3feb92ae880e,3,1000000,65536,17.1317,118052,5be0b38a6df4fc7db0b5513daa478fd6c5ceecc77f9753ec0110ee4d866db233,15.3161,15.4091,14.3294,15.3161,15.7234,15.222
wide-mode,1,current,1003a83830e8b12ae1cb86bdec98af3d649ae54404b59a1466ec31548b149353,3,1000000,65536,17.642,118824,5be0b38a6df4fc7db0b5513daa478fd6c5ceecc77f9753ec0110ee4d866db233,14.6737,14.0511,14.9919,14.9814,14.166,14.6737
wide-mode,2,baseline,f9ed90d41e7bff92707a796e4677772351a23e53a6e148cf831a3feb92ae880e,3,1000000,65536,16.344,128704,5be0b38a6df4fc7db0b5513daa478fd6c5ceecc77f9753ec0110ee4d866db233,15.0474,15.3584,13.8666,15.0192,15.7607,15.0474
wide-mode,2,current,1003a83830e8b12ae1cb86bdec98af3d649ae54404b59a1466ec31548b149353,3,1000000,65536,12.5719,128824,5be0b38a6df4fc7db0b5513daa478fd6c5ceecc77f9753ec0110ee4d866db233,10.8142,10.6423,10.8142,11.3328,10.4148,11.0258
wide-mode,4,baseline,f9ed90d41e7bff92707a796e4677772351a23e53a6e148cf831a3feb92ae880e,3,1000000,65536,16.4067,149376,5be0b38a6df4fc7db0b5513daa478fd6c5ceecc77f9753ec0110ee4d866db233,15.0342,14.4053,15.2027,15.4543,15.0342,14.8205
wide-mode,4,current,1003a83830e8b12ae1cb86bdec98af3d649ae54404b59a1466ec31548b149353,3,1000000,65536,8.28158,151292,5be0b38a6df4fc7db0b5513daa478fd6c5ceecc77f9753ec0110ee4d866db233,7.16337,7.17925,7.18436,7.16337,6.91705,7.06841
wide-mode,8,baseline,f9ed90d41e7bff92707a796e4677772351a23e53a6e148cf831a3feb92ae880e,3,1000000,65536,15.7403,190384,5be0b38a6df4fc7db0b5513daa478fd6c5ceecc77f9753ec0110ee4d866db233,15.0585,16.0288,13.6559,15.1354,15.0585,14.9691
wide-mode,8,current,1003a83830e8b12ae1cb86bdec98af3d649ae54404b59a1466ec31548b149353,3,1000000,65536,6.12025,192740,5be0b38a6df4fc7db0b5513daa478fd6c5ceecc77f9753ec0110ee4d866db233,4.70674,4.70674,4.80697,4.69444,4.70638,4.80752
wide-mode,16,baseline,f9ed90d41e7bff92707a796e4677772351a23e53a6e148cf831a3feb92ae880e,3,1000000,65536,16.4999,271960,5be0b38a6df4fc7db0b5513daa478fd6c5ceecc77f9753ec0110ee4d866db233,15.1603,14.7449,15.4453,15.1603,16.2042,14.3416
wide-mode,16,current,1003a83830e8b12ae1cb86bdec98af3d649ae54404b59a1466ec31548b149353,3,1000000,65536,5.71673,274420,5be0b38a6df4fc7db0b5513daa478fd6c5ceecc77f9753ec0110ee4d866db233,4.08904,4.31777,4.28517,3.6883,4.08904,3.79095
wide-mode,default,baseline,f9ed90d41e7bff92707a796e4677772351a23e53a6e148cf831a3feb92ae880e,3,1000000,65536,16.5646,395516,5be0b38a6df4fc7db0b5513daa478fd6c5ceecc77f9753ec0110ee4d866db233,14.7953,14.5982,15.5711,14.4453,14.7953,15.8508
wide-mode,default,current,1003a83830e8b12ae1cb86bdec98af3d649ae54404b59a1466ec31548b149353,3,1000000,65536,5.12808,397492,5be0b38a6df4fc7db0b5513daa478fd6c5ceecc77f9753ec0110ee4d866db233,3.1722,3.211,3.1035,3.12935,3.1722,3.21835
wide-top-bottom,1,baseline,f9ed90d41e7bff92707a796e4677772351a23e53a6e148cf831a3feb92ae880e,3,1000000,65536,34.2616,185520,466bba3961b2f9f6a09783b562968e8e65a7414c1bb7fcf054557ef3725e9a3d,31.3843,33.3658,31.7467,31.0202,31.3843,31.1873
wide-top-bottom,1,current,1003a83830e8b12ae1cb86bdec98af3d649ae54404b59a1466ec31548b149353,3,1000000,65536,37.4449,186088,466bba3961b2f9f6a09783b562968e8e65a7414c1bb7fcf054557ef3725e9a3d,31.4075,36.8228,31.4075,31.7027,31.0432,31.307
wide-top-bottom,2,baseline,f9ed90d41e7bff92707a796e4677772351a23e53a6e148cf831a3feb92ae880e,3,1000000,65536,35.2802,196528,466bba3961b2f9f6a09783b562968e8e65a7414c1bb7fcf054557ef3725e9a3d,31.5953,33.666,31.8861,31.5953,31.5746,31.2706
wide-top-bottom,2,current,1003a83830e8b12ae1cb86bdec98af3d649ae54404b59a1466ec31548b149353,3,1000000,65536,20.1318,212896,466bba3961b2f9f6a09783b562968e8e65a7414c1bb7fcf054557ef3725e9a3d,20.7082,20.7082,19.704,21.6601,18.8383,21.7701
wide-top-bottom,4,baseline,f9ed90d41e7bff92707a796e4677772351a23e53a6e148cf831a3feb92ae880e,3,1000000,65536,34.542,217032,466bba3961b2f9f6a09783b562968e8e65a7414c1bb7fcf054557ef3725e9a3d,32.0714,33.9047,32.0205,32.0714,32.1695,31.8171
wide-top-bottom,4,current,1003a83830e8b12ae1cb86bdec98af3d649ae54404b59a1466ec31548b149353,3,1000000,65536,12.0801,219116,466bba3961b2f9f6a09783b562968e8e65a7414c1bb7fcf054557ef3725e9a3d,11.6107,11.365,12.1349,12.0443,11.6107,11.0294
wide-top-bottom,8,baseline,f9ed90d41e7bff92707a796e4677772351a23e53a6e148cf831a3feb92ae880e,3,1000000,65536,35.6135,257716,466bba3961b2f9f6a09783b562968e8e65a7414c1bb7fcf054557ef3725e9a3d,32.9149,35.7076,33.1277,32.6563,32.7824,32.9149
wide-top-bottom,8,current,1003a83830e8b12ae1cb86bdec98af3d649ae54404b59a1466ec31548b149353,3,1000000,65536,11.0561,329872,466bba3961b2f9f6a09783b562968e8e65a7414c1bb7fcf054557ef3725e9a3d,8.86685,8.30953,9.56953,8.86685,8.30496,9.13001
wide-top-bottom,16,baseline,f9ed90d41e7bff92707a796e4677772351a23e53a6e148cf831a3feb92ae880e,3,1000000,65536,37.8777,329324,466bba3961b2f9f6a09783b562968e8e65a7414c1bb7fcf054557ef3725e9a3d,33.286,35.8873,33.4872,32.675,33.286,32.7915
wide-top-bottom,16,current,1003a83830e8b12ae1cb86bdec98af3d649ae54404b59a1466ec31548b149353,3,1000000,65536,6.55738,415512,466bba3961b2f9f6a09783b562968e8e65a7414c1bb7fcf054557ef3725e9a3d,5.66479,5.08965,5.66479,6.4676,5.2108,6.17504
wide-top-bottom,default,baseline,f9ed90d41e7bff92707a796e4677772351a23e53a6e148cf831a3feb92ae880e,3,1000000,65536,34.8732,462892,466bba3961b2f9f6a09783b562968e8e65a7414c1bb7fcf054557ef3725e9a3d,31.4531,33.5101,32.5587,31.2068,31.4531,31.0141
wide-top-bottom,default,current,1003a83830e8b12ae1cb86bdec98af3d649ae54404b59a1466ec31548b149353,3,1000000,65536,5.97946,503872,466bba3961b2f9f6a09783b562968e8e65a7414c1bb7fcf054557ef3725e9a3d,4.36842,4.02707,4.02682,4.36842,4.3975,4.46964
extrema-ascending,1,baseline,f9ed90d41e7bff92707a796e4677772351a23e53a6e148cf831a3feb92ae880e,3,1000000,65536,4.06803,70756,2dfbe4fb4b5669af75ae073129cf442aa0e870d4d5975f719c17dd7f443af7b2,3.39566,3.44508,3.39566,3.35656,3.35361,3.40497
extrema-ascending,1,current,1003a83830e8b12ae1cb86bdec98af3d649ae54404b59a1466ec31548b149353,3,1000000,65536,2.86688,71308,2dfbe4fb4b5669af75ae073129cf442aa0e870d4d5975f719c17dd7f443af7b2,2.68225,2.7014,2.68225,2.65968,2.65998,2.69837
extrema-ascending,2,baseline,f9ed90d41e7bff92707a796e4677772351a23e53a6e148cf831a3feb92ae880e,3,1000000,65536,2.52752,104344,2dfbe4fb4b5669af75ae073129cf442aa0e870d4d5975f719c17dd7f443af7b2,2.35063,2.49818,2.35063,2.09661,2.52984,2.22588
extrema-ascending,2,current,1003a83830e8b12ae1cb86bdec98af3d649ae54404b59a1466ec31548b149353,3,1000000,65536,1.85794,81272,2dfbe4fb4b5669af75ae073129cf442aa0e870d4d5975f719c17dd7f443af7b2,1.7298,1.76558,1.78195,1.72288,1.7298,1.71735
extrema-ascending,4,baseline,f9ed90d41e7bff92707a796e4677772351a23e53a6e148cf831a3feb92ae880e,3,1000000,65536,2.21643,169944,2dfbe4fb4b5669af75ae073129cf442aa0e870d4d5975f719c17dd7f443af7b2,2.20538,2.27951,2.5837,1.94831,2.20538,1.9486
extrema-ascending,4,current,1003a83830e8b12ae1cb86bdec98af3d649ae54404b59a1466ec31548b149353,3,1000000,65536,1.44156,102104,2dfbe4fb4b5669af75ae073129cf442aa0e870d4d5975f719c17dd7f443af7b2,1.16382,1.26155,1.16465,1.15865,1.16304,1.16382
extrema-ascending,8,baseline,f9ed90d41e7bff92707a796e4677772351a23e53a6e148cf831a3feb92ae880e,3,1000000,65536,3.27675,301032,2dfbe4fb4b5669af75ae073129cf442aa0e870d4d5975f719c17dd7f443af7b2,3.29902,3.74523,3.29902,4.25403,3.16838,2.77622
extrema-ascending,8,current,1003a83830e8b12ae1cb86bdec98af3d649ae54404b59a1466ec31548b149353,3,1000000,65536,1.93777,143108,2dfbe4fb4b5669af75ae073129cf442aa0e870d4d5975f719c17dd7f443af7b2,1.93112,1.61381,1.78918,1.93112,1.94334,2.02331
extrema-ascending,16,baseline,f9ed90d41e7bff92707a796e4677772351a23e53a6e148cf831a3feb92ae880e,3,1000000,65536,4.01411,526316,2dfbe4fb4b5669af75ae073129cf442aa0e870d4d5975f719c17dd7f443af7b2,4.33142,4.33142,5.14613,4.015,3.91343,5.39318
extrema-ascending,16,current,1003a83830e8b12ae1cb86bdec98af3d649ae54404b59a1466ec31548b149353,3,1000000,65536,1.27784,225092,2dfbe4fb4b5669af75ae073129cf442aa0e870d4d5975f719c17dd7f443af7b2,1.16881,1.11826,1.15957,1.16881,1.18798,1.21317
extrema-ascending,default,baseline,f9ed90d41e7bff92707a796e4677772351a23e53a6e148cf831a3feb92ae880e,3,1000000,65536,4.12422,803140,2dfbe4fb4b5669af75ae073129cf442aa0e870d4d5975f719c17dd7f443af7b2,6.62015,5.05977,6.75578,4.62615,6.62015,7.40841
extrema-ascending,default,current,1003a83830e8b12ae1cb86bdec98af3d649ae54404b59a1466ec31548b149353,3,1000000,65536,0.979915,348364,2dfbe4fb4b5669af75ae073129cf442aa0e870d4d5975f719c17dd7f443af7b2,0.848123,0.848123,0.899427,0.849372,0.813243,0.826676
extrema-descending,1,baseline,f9ed90d41e7bff92707a796e4677772351a23e53a6e148cf831a3feb92ae880e,3,1000000,65536,3.46788,70832,8823eccd39d81882e79aa8268b5693e0450abcc2f497bddd42ab748b6822269f,3.22514,3.23643,3.20244,3.17727,3.23225,3.22514
extrema-descending,1,current,1003a83830e8b12ae1cb86bdec98af3d649ae54404b59a1466ec31548b149353,3,1000000,65536,2.88994,71252,8823eccd39d81882e79aa8268b5693e0450abcc2f497bddd42ab748b6822269f,2.65437,2.6702,2.65437,2.6521,2.64875,2.65566
extrema-descending,2,baseline,f9ed90d41e7bff92707a796e4677772351a23e53a6e148cf831a3feb92ae880e,3,1000000,65536,2.55894,103636,8823eccd39d81882e79aa8268b5693e0450abcc2f497bddd42ab748b6822269f,2.48889,2.72877,2.50315,2.13866,2.48889,2.23612
extrema-descending,2,current,1003a83830e8b12ae1cb86bdec98af3d649ae54404b59a1466ec31548b149353,3,1000000,65536,1.93711,81568,8823eccd39d81882e79aa8268b5693e0450abcc2f497bddd42ab748b6822269f,1.74822,1.86407,1.90077,1.74822,1.74726,1.74366
extrema-descending,4,baseline,f9ed90d41e7bff92707a796e4677772351a23e53a6e148cf831a3feb92ae880e,3,1000000,65536,2.84996,169544,8823eccd39d81882e79aa8268b5693e0450abcc2f497bddd42ab748b6822269f,2.74306,3.02791,3.64948,2.74306,2.17979,1.92528
extrema-descending,4,current,1003a83830e8b12ae1cb86bdec98af3d649ae54404b59a1466ec31548b149353,3,1000000,65536,2.42297,102016,8823eccd39d81882e79aa8268b5693e0450abcc2f497bddd42ab748b6822269f,2.27383,2.40708,2.29707,2.27383,2.26073,2.24513
extrema-descending,8,baseline,f9ed90d41e7bff92707a796e4677772351a23e53a6e148cf831a3feb92ae880e,3,1000000,65536,3.0775,300700,8823eccd39d81882e79aa8268b5693e0450abcc2f497bddd42ab748b6822269f,3.49574,4.50177,2.95525,4.14019,3.49574,2.96815
extrema-descending,8,current,1003a83830e8b12ae1cb86bdec98af3d649ae54404b59a1466ec31548b149353,3,1000000,65536,1.58464,142964,8823eccd39d81882e79aa8268b5693e0450abcc2f497bddd42ab748b6822269f,1.51183,1.49989,1.67879,1.61106,1.51183,1.47249
extrema-descending,16,baseline,f9ed90d41e7bff92707a796e4677772351a23e53a6e148cf831a3feb92ae880e,3,1000000,65536,3.73004,528416,8823eccd39d81882e79aa8268b5693e0450abcc2f497bddd42ab748b6822269f,4.77262,4.77262,5.11376,4.40723,4.43642,5.21699
extrema-descending,16,current,1003a83830e8b12ae1cb86bdec98af3d649ae54404b59a1466ec31548b149353,3,1000000,65536,1.2827,225384,8823eccd39d81882e79aa8268b5693e0450abcc2f497bddd42ab748b6822269f,1.20927,1.14586,1.16651,1.20927,1.25805,1.29627
extrema-descending,default,baseline,f9ed90d41e7bff92707a796e4677772351a23e53a6e148cf831a3feb92ae880e,3,1000000,65536,4.46966,795160,8823eccd39d81882e79aa8268b5693e0450abcc2f497bddd42ab748b6822269f,5.77425,5.22711,6.79331,4.88186,5.77425,7.45287
extrema-descending,default,current,1003a83830e8b12ae1cb86bdec98af3d649ae54404b59a1466ec31548b149353,3,1000000,65536,1.00278,348232,8823eccd39d81882e79aa8268b5693e0450abcc2f497bddd42ab748b6822269f,0.833244,0.865535,0.871011,0.833244,0.809806,0.802509
few-groups-indexed,1,baseline,f9ed90d41e7bff92707a796e4677772351a23e53a6e148cf831a3feb92ae880e,3,1000000,7,6.84367,89532,8c33a6dcf0d3b3a7fa0707f4c6875198e02283d54ed3cd8b601dabd37c1b6089,5.41288,5.41288,5.41556,5.33701,5.4411,5.35352
few-groups-indexed,1,current,1003a83830e8b12ae1cb86bdec98af3d649ae54404b59a1466ec31548b149353,3,1000000,7,3.34211,89740,8c33a6dcf0d3b3a7fa0707f4c6875198e02283d54ed3cd8b601dabd37c1b6089,2.0718,2.10437,2.0718,2.08549,2.06263,2.06526
few-groups-indexed,2,baseline,f9ed90d41e7bff92707a796e4677772351a23e53a6e148cf831a3feb92ae880e,3,1000000,7,5.94978,99952,8c33a6dcf0d3b3a7fa0707f4c6875198e02283d54ed3cd8b601dabd37c1b6089,4.47055,4.57416,4.47055,4.58378,4.4265,4.46121
few-groups-indexed,2,current,1003a83830e8b12ae1cb86bdec98af3d649ae54404b59a1466ec31548b149353,3,1000000,7,3.0404,100248,8c33a6dcf0d3b3a7fa0707f4c6875198e02283d54ed3cd8b601dabd37c1b6089,1.9267,1.9267,2.12249,1.83183,1.99979,1.87575
few-groups-indexed,4,baseline,f9ed90d41e7bff92707a796e4677772351a23e53a6e148cf831a3feb92ae880e,3,1000000,7,6.04504,120788,8c33a6dcf0d3b3a7fa0707f4c6875198e02283d54ed3cd8b601dabd37c1b6089,4.42246,4.44058,4.38847,4.42246,4.40874,5.56656
few-groups-indexed,4,current,1003a83830e8b12ae1cb86bdec98af3d649ae54404b59a1466ec31548b149353,3,1000000,7,2.87696,118756,8c33a6dcf0d3b3a7fa0707f4c6875198e02283d54ed3cd8b601dabd37c1b6089,1.40505,1.79292,1.4228,1.31797,1.40505,1.25194
few-groups-indexed,8,baseline,f9ed90d41e7bff92707a796e4677772351a23e53a6e148cf831a3feb92ae880e,3,1000000,7,6.01299,161644,8c33a6dcf0d3b3a7fa0707f4c6875198e02283d54ed3cd8b601dabd37c1b6089,4.56469,4.67961,4.93192,4.54708,4.56469,4.47347
few-groups-indexed,8,current,1003a83830e8b12ae1cb86bdec98af3d649ae54404b59a1466ec31548b149353,3,1000000,7,1.94939,159820,8c33a6dcf0d3b3a7fa0707f4c6875198e02283d54ed3cd8b601dabd37c1b6089,0.856779,0.893359,0.856779,0.85592,0.890725,0.717481
few-groups-indexed,16,baseline,f9ed90d41e7bff92707a796e4677772351a23e53a6e148cf831a3feb92ae880e,3,1000000,7,6.76127,243500,8c33a6dcf0d3b3a7fa0707f4c6875198e02283d54ed3cd8b601dabd37c1b6089,5.22532,5.22532,5.38228,5.27642,5.10303,5.16409
few-groups-indexed,16,current,1003a83830e8b12ae1cb86bdec98af3d649ae54404b59a1466ec31548b149353,3,1000000,7,1.88924,241540,8c33a6dcf0d3b3a7fa0707f4c6875198e02283d54ed3cd8b601dabd37c1b6089,0.568243,0.675668,0.571931,0.566715,0.554668,0.568243
few-groups-indexed,default,baseline,f9ed90d41e7bff92707a796e4677772351a23e53a6e148cf831a3feb92ae880e,3,1000000,7,5.98013,366792,8c33a6dcf0d3b3a7fa0707f4c6875198e02283d54ed3cd8b601dabd37c1b6089,4.47183,4.59868,4.45964,4.44072,4.47183,4.53767
few-groups-indexed,default,current,1003a83830e8b12ae1cb86bdec98af3d649ae54404b59a1466ec31548b149353,3,1000000,7,2.35035,364828,8c33a6dcf0d3b3a7fa0707f4c6875198e02283d54ed3cd8b601dabd37c1b6089,0.520776,0.647453,0.508333,0.520776,0.508656,0.532168
hot-top-ascending,1,baseline,f9ed90d41e7bff92707a796e4677772351a23e53a6e148cf831a3feb92ae880e,3,1000000,1,6.50462,87496,ab79207dda9ab4fca52a174ffd0453069fce61e5e2a685500719451adb7c222c,5.51606,6.34505,5.51606,5.50407,5.72688,5.50625
hot-top-ascending,1,current,1003a83830e8b12ae1cb86bdec98af3d649ae54404b59a1466ec31548b149353,3,1000000,1,6.60793,87692,ab79207dda9ab4fca52a174ffd0453069fce61e5e2a685500719451adb7c222c,5.41042,5.43962,5.3447,5.41042,5.67958,5.36219
hot-top-ascending,2,baseline,f9ed90d41e7bff92707a796e4677772351a23e53a6e148cf831a3feb92ae880e,3,1000000,1,6.58289,97588,ab79207dda9ab4fca52a174ffd0453069fce61e5e2a685500719451adb7c222c,5.57461,5.55525,5.55442,5.57461,6.17976,5.7106
hot-top-ascending,2,current,1003a83830e8b12ae1cb86bdec98af3d649ae54404b59a1466ec31548b149353,3,1000000,1,4.43768,97968,ab79207dda9ab4fca52a174ffd0453069fce61e5e2a685500719451adb7c222c,3.36497,3.32727,3.3839,3.37591,3.32785,3.36497
hot-top-ascending,4,baseline,f9ed90d41e7bff92707a796e4677772351a23e53a6e148cf831a3feb92ae880e,3,1000000,1,6.65191,118516,ab79207dda9ab4fca52a174ffd0453069fce61e5e2a685500719451adb7c222c,5.54086,5.54086,5.55568,5.53976,5.52223,5.55147
hot-top-ascending,4,current,1003a83830e8b12ae1cb86bdec98af3d649ae54404b59a1466ec31548b149353,3,1000000,1,1.98517,102336,ab79207dda9ab4fca52a174ffd0453069fce61e5e2a685500719451adb7c222c,1.89589,1.89972,2.00284,1.88709,1.87955,1.89589
hot-top-ascending,8,baseline,f9ed90d41e7bff92707a796e4677772351a23e53a6e148cf831a3feb92ae880e,3,1000000,1,6.48206,159076,ab79207dda9ab4fca52a174ffd0453069fce61e5e2a685500719451adb7c222c,5.47062,5.50669,5.44115,5.45209,5.47343,5.47062
hot-top-ascending,8,current,1003a83830e8b12ae1cb86bdec98af3d649ae54404b59a1466ec31548b149353,3,1000000,1,2.14297,143148,ab79207dda9ab4fca52a174ffd0453069fce61e5e2a685500719451adb7c222c,1.54634,1.84876,1.6776,1.54444,1.54634,1.54578
hot-top-ascending,16,baseline,f9ed90d41e7bff92707a796e4677772351a23e53a6e148cf831a3feb92ae880e,3,1000000,1,6.48847,241240,ab79207dda9ab4fca52a174ffd0453069fce61e5e2a685500719451adb7c222c,5.3548,5.38272,5.3548,5.40381,5.34648,5.33423
hot-top-ascending,16,current,1003a83830e8b12ae1cb86bdec98af3d649ae54404b59a1466ec31548b149353,3,1000000,1,0.98001,225348,ab79207dda9ab4fca52a174ffd0453069fce61e5e2a685500719451adb7c222c,0.872596,0.899507,0.837451,0.872596,0.81659,1.05281
hot-top-ascending,default,baseline,f9ed90d41e7bff92707a796e4677772351a23e53a6e148cf831a3feb92ae880e,3,1000000,1,6.57208,364972,ab79207dda9ab4fca52a174ffd0453069fce61e5e2a685500719451adb7c222c,5.36753,5.37541,5.35947,5.34446,5.44367,5.36753
hot-top-ascending,default,current,1003a83830e8b12ae1cb86bdec98af3d649ae54404b59a1466ec31548b149353,3,1000000,1,1.00641,348384,ab79207dda9ab4fca52a174ffd0453069fce61e5e2a685500719451adb7c222c,0.704886,0.7774,0.747837,0.704886,0.687295,0.691994
guid-key,1,baseline,f9ed90d41e7bff92707a796e4677772351a23e53a6e148cf831a3feb92ae880e,3,1000000,4,12.1201,122488,a668c7d333b9223cc6de56bfb525fc6aca0f62d59b8b3847add3387053d3ebf2,10.7139,10.7139,10.6319,10.4036,10.7856,11.4533
guid-key,1,current,1003a83830e8b12ae1cb86bdec98af3d649ae54404b59a1466ec31548b149353,3,1000000,4,11.9924,122708,a668c7d333b9223cc6de56bfb525fc6aca0f62d59b8b3847add3387053d3ebf2,10.3959,10.2984,10.4393,10.211,10.3959,10.4538
guid-key,2,baseline,f9ed90d41e7bff92707a796e4677772351a23e53a6e148cf831a3feb92ae880e,3,1000000,4,12.2146,132680,a668c7d333b9223cc6de56bfb525fc6aca0f62d59b8b3847add3387053d3ebf2,10.51,10.6639,10.3861,10.6667,10.5067,10.51
guid-key,2,current,1003a83830e8b12ae1cb86bdec98af3d649ae54404b59a1466ec31548b149353,3,1000000,4,7.86898,133032,a668c7d333b9223cc6de56bfb525fc6aca0f62d59b8b3847add3387053d3ebf2,6.41516,6.42597,6.41508,6.33542,6.41516,6.42597
guid-key,4,baseline,f9ed90d41e7bff92707a796e4677772351a23e53a6e148cf831a3feb92ae880e,3,1000000,4,12.7186,153584,a668c7d333b9223cc6de56bfb525fc6aca0f62d59b8b3847add3387053d3ebf2,10.568,10.5941,10.568,10.5582,10.3777,10.5922
guid-key,4,current,1003a83830e8b12ae1cb86bdec98af3d649ae54404b59a1466ec31548b149353,3,1000000,4,7.34279,153580,a668c7d333b9223cc6de56bfb525fc6aca0f62d59b8b3847add3387053d3ebf2,5.7121,5.80739,5.93319,5.7121,4.99151,3.96915
guid-key,8,baseline,f9ed90d41e7bff92707a796e4677772351a23e53a6e148cf831a3feb92ae880e,3,1000000,4,12.3764,194192,a668c7d333b9223cc6de56bfb525fc6aca0f62d59b8b3847add3387053d3ebf2,10.477,10.4995,10.477,10.4671,10.3743,10.5068
guid-key,8,current,1003a83830e8b12ae1cb86bdec98af3d649ae54404b59a1466ec31548b149353,3,1000000,4,4.43581,194372,a668c7d333b9223cc6de56bfb525fc6aca0f62d59b8b3847add3387053d3ebf2,2.94823,2.94823,3.03902,2.96755,2.90053,2.90258
guid-key,16,baseline,f9ed90d41e7bff92707a796e4677772351a23e53a6e148cf831a3feb92ae880e,3,1000000,4,12.0775,276444,a668c7d333b9223cc6de56bfb525fc6aca0f62d59b8b3847add3387053d3ebf2,10.4534,10.601,10.4221,10.4534,10.9542,10.4351
guid-key,16,current,1003a83830e8b12ae1cb86bdec98af3d649ae54404b59a1466ec31548b149353,3,1000000,4,4.59557,276568,a668c7d333b9223cc6de56bfb525fc6aca0f62d59b8b3847add3387053d3ebf2,2.50603,2.49611,2.51056,2.53983,2.48341,2.50603
guid-key,default,baseline,f9ed90d41e7bff92707a796e4677772351a23e53a6e148cf831a3feb92ae880e,3,1000000,4,12.3073,389200,a668c7d333b9223cc6de56bfb525fc6aca0f62d59b8b3847add3387053d3ebf2,10.6126,10.6423,10.6742,10.5523,10.6126,10.5981
guid-key,default,current,1003a83830e8b12ae1cb86bdec98af3d649ae54404b59a1466ec31548b149353,3,1000000,4,6.41462,399368,a668c7d333b9223cc6de56bfb525fc6aca0f62d59b8b3847add3387053d3ebf2,2.52894,2.90126,2.35967,2.48536,2.52894,2.68828
list-key,1,baseline,f9ed90d41e7bff92707a796e4677772351a23e53a6e148cf831a3feb92ae880e,3,1000000,4,30.8402,102312,30dedc4a21526a9e9e4b2981d9e3631d2208c425da7c2f52df422e9022799cb3,27.8837,27.8124,27.8837,28.0271,27.8296,28.0123
list-key,1,current,1003a83830e8b12ae1cb86bdec98af3d649ae54404b59a1466ec31548b149353,3,1000000,4,17.515,102020,30dedc4a21526a9e9e4b2981d9e3631d2208c425da7c2f52df422e9022799cb3,16.4494,16.4494,16.348,16.5147,16.3336,16.4881
list-key,2,baseline,f9ed90d41e7bff92707a796e4677772351a23e53a6e148cf831a3feb92ae880e,3,1000000,4,28.637,112032,30dedc4a21526a9e9e4b2981d9e3631d2208c425da7c2f52df422e9022799cb3,27.6334,27.5809,27.6334,27.7124,27.5104,28.3464
list-key,2,current,1003a83830e8b12ae1cb86bdec98af3d649ae54404b59a1466ec31548b149353,3,1000000,4,9.8057,106288,30dedc4a21526a9e9e4b2981d9e3631d2208c425da7c2f52df422e9022799cb3,9.37827,9.33958,9.36917,9.37827,9.46473,9.66281
list-key,4,baseline,f9ed90d41e7bff92707a796e4677772351a23e53a6e148cf831a3feb92ae880e,3,1000000,4,28.6632,132848,30dedc4a21526a9e9e4b2981d9e3631d2208c425da7c2f52df422e9022799cb3,27.8146,27.8146,27.8142,27.5242,29.5804,28.092
list-key,4,current,1003a83830e8b12ae1cb86bdec98af3d649ae54404b59a1466ec31548b149353,3,1000000,4,6.29784,126904,30dedc4a21526a9e9e4b2981d9e3631d2208c425da7c2f52df422e9022799cb3,5.4174,5.45627,5.4174,5.42994,5.40743,5.4146
list-key,8,baseline,f9ed90d41e7bff92707a796e4677772351a23e53a6e148cf831a3feb92ae880e,3,1000000,4,28.5161,174168,30dedc4a21526a9e9e4b2981d9e3631d2208c425da7c2f52df422e9022799cb3,27.7738,27.7086,27.7711,27.7738,28.717,27.9386
list-key,8,current,1003a83830e8b12ae1cb86bdec98af3d649ae54404b59a1466ec31548b149353,3,1000000,4,5.15358,168040,30dedc4a21526a9e9e4b2981d9e3631d2208c425da7c2f52df422e9022799cb3,3.84177,4.48136,4.16,3.82592,3.84177,3.78987
list-key,16,baseline,f9ed90d41e7bff92707a796e4677772351a23e53a6e148cf831a3feb92ae880e,3,1000000,4,28.5558,255928,30dedc4a21526a9e9e4b2981d9e3631d2208c425da7c2f52df422e9022799cb3,27.6487,27.6179,27.5705,27.6487,28.9974,27.9405
list-key,16,current,1003a83830e8b12ae1cb86bdec98af3d649ae54404b59a1466ec31548b149353,3,1000000,4,4.81875,249584,30dedc4a21526a9e9e4b2981d9e3631d2208c425da7c2f52df422e9022799cb3,3.4438,3.4438,3.69746,3.62716,3.15731,3.05711
list-key,default,baseline,f9ed90d41e7bff92707a796e4677772351a23e53a6e148cf831a3feb92ae880e,3,1000000,4,28.82,379112,30dedc4a21526a9e9e4b2981d9e3631d2208c425da7c2f52df422e9022799cb3,27.7497,27.7497,28.4569,27.8118,27.6702,27.4984
list-key,default,current,1003a83830e8b12ae1cb86bdec98af3d649ae54404b59a1466ec31548b149353,3,1000000,4,4.44572,372636,30dedc4a21526a9e9e4b2981d9e3631d2208c425da7c2f52df422e9022799cb3,3.44517,3.45566,4.61484,3.44517,3.13675,3.03221
unique-keys,1,baseline,f9ed90d41e7bff92707a796e4677772351a23e53a6e148cf831a3feb92ae880e,3,1000000,1000000,29.5997,136764,8b42cbc90df24689fd21364ab1959a903614e6dc2e030c592d294fe2a84bde68,27.0494,27.8856,27.2334,27.0494,27.0013,26.8749
unique-keys,1,current,1003a83830e8b12ae1cb86bdec98af3d649ae54404b59a1466ec31548b149353,3,1000000,1000000,10.3205,136808,8b42cbc90df24689fd21364ab1959a903614e6dc2e030c592d294fe2a84bde68,6.91218,7.2984,6.86577,7.04132,6.91218,6.86806
unique-keys,2,baseline,f9ed90d41e7bff92707a796e4677772351a23e53a6e148cf831a3feb92ae880e,3,1000000,1000000,45.1406,202428,8b42cbc90df24689fd21364ab1959a903614e6dc2e030c592d294fe2a84bde68,40.1672,40.1672,38.84,40.3137,40.024,40.3064
unique-keys,2,current,1003a83830e8b12ae1cb86bdec98af3d649ae54404b59a1466ec31548b149353,3,1000000,1000000,9.45652,147108,8b42cbc90df24689fd21364ab1959a903614e6dc2e030c592d294fe2a84bde68,6.80232,7.66034,6.9417,6.76837,6.79795,6.80232
unique-keys,4,baseline,f9ed90d41e7bff92707a796e4677772351a23e53a6e148cf831a3feb92ae880e,3,1000000,1000000,26.107,218868,8b42cbc90df24689fd21364ab1959a903614e6dc2e030c592d294fe2a84bde68,21.9424,24.5709,21.9424,22.0737,21.742,21.7209
unique-keys,4,current,1003a83830e8b12ae1cb86bdec98af3d649ae54404b59a1466ec31548b149353,3,1000000,1000000,7.35812,168096,8b42cbc90df24689fd21364ab1959a903614e6dc2e030c592d294fe2a84bde68,3.98592,4.8303,3.98592,3.89097,4.05385,3.86229
unique-keys,8,baseline,f9ed90d41e7bff92707a796e4677772351a23e53a6e148cf831a3feb92ae880e,3,1000000,1000000,15.6404,351944,8b42cbc90df24689fd21364ab1959a903614e6dc2e030c592d294fe2a84bde68,13.7647,15.5537,14.3048,13.6181,13.7647,13.6979
unique-keys,8,current,1003a83830e8b12ae1cb86bdec98af3d649ae54404b59a1466ec31548b149353,3,1000000,1000000,5.92091,209024,8b42cbc90df24689fd21364ab1959a903614e6dc2e030c592d294fe2a84bde68,3.00798,3.51006,3.08112,2.94713,3.00798,2.69542
unique-keys,16,baseline,f9ed90d41e7bff92707a796e4677772351a23e53a6e148cf831a3feb92ae880e,3,1000000,1000000,11.7624,595820,8b42cbc90df24689fd21364ab1959a903614e6dc2e030c592d294fe2a84bde68,10.4696,11.1209,10.4696,11.1294,10.1512,10.4286
unique-keys,16,current,1003a83830e8b12ae1cb86bdec98af3d649ae54404b59a1466ec31548b149353,3,1000000,1000000,6.56769,290728,8b42cbc90df24689fd21364ab1959a903614e6dc2e030c592d294fe2a84bde68,1.94838,3.36398,2.00351,1.92575,1.92417,1.94838
unique-keys,default,baseline,f9ed90d41e7bff92707a796e4677772351a23e53a6e148cf831a3feb92ae880e,3,1000000,1000000,12.7273,952380,8b42cbc90df24689fd21364ab1959a903614e6dc2e030c592d294fe2a84bde68,10.2449,11.3989,9.50195,10.2209,11.0437,10.2449
unique-keys,default,current,1003a83830e8b12ae1cb86bdec98af3d649ae54404b59a1466ec31548b149353,3,1000000,1000000,11.4403,413996,8b42cbc90df24689fd21364ab1959a903614e6dc2e030c592d294fe2a84bde68,1.60204,4.9183,1.7971,1.60204,1.59134,1.59645
nonnull,1,baseline,f9ed90d41e7bff92707a796e4677772351a23e53a6e148cf831a3feb92ae880e,3,1000000,65536,4.76972,70932,37029694adc4216655775cf92fb184871eb4c04cc53f24d59c7cb8e89b05a218,4.52293,4.52293,4.45773,4.5704,4.44197,4.59203
nonnull,1,current,1003a83830e8b12ae1cb86bdec98af3d649ae54404b59a1466ec31548b149353,3,1000000,65536,3.23495,71040,37029694adc4216655775cf92fb184871eb4c04cc53f24d59c7cb8e89b05a218,3.01337,3.01665,3.01853,3.01337,3.00387,3.00574
nonnull,2,baseline,f9ed90d41e7bff92707a796e4677772351a23e53a6e148cf831a3feb92ae880e,3,1000000,65536,3.12705,97948,37029694adc4216655775cf92fb184871eb4c04cc53f24d59c7cb8e89b05a218,2.85727,2.99724,2.75393,2.85727,3.11546,2.7965
nonnull,2,current,1003a83830e8b12ae1cb86bdec98af3d649ae54404b59a1466ec31548b149353,3,1000000,65536,2.84759,96000,37029694adc4216655775cf92fb184871eb4c04cc53f24d59c7cb8e89b05a218,1.89007,2.80266,1.89754,1.89007,1.88891,1.87504
nonnull,4,baseline,f9ed90d41e7bff92707a796e4677772351a23e53a6e148cf831a3feb92ae880e,3,1000000,65536,3.43717,151128,37029694adc4216655775cf92fb184871eb4c04cc53f24d59c7cb8e89b05a218,2.47772,2.79494,2.47772,2.1025,2.50437,1.78433
nonnull,4,current,1003a83830e8b12ae1cb86bdec98af3d649ae54404b59a1466ec31548b149353,3,1000000,65536,3.43143,120552,37029694adc4216655775cf92fb184871eb4c04cc53f24d59c7cb8e89b05a218,2.20135,2.20135,2.2266,2.21647,2.18196,1.29104
nonnull,8,baseline,f9ed90d41e7bff92707a796e4677772351a23e53a6e148cf831a3feb92ae880e,3,1000000,65536,3.06895,257728,37029694adc4216655775cf92fb184871eb4c04cc53f24d59c7cb8e89b05a218,3.35847,3.35847,3.75159,3.34834,2.95123,3.95893
nonnull,8,current,1003a83830e8b12ae1cb86bdec98af3d649ae54404b59a1466ec31548b149353,3,1000000,65536,3.74519,165724,37029694adc4216655775cf92fb184871eb4c04cc53f24d59c7cb8e89b05a218,2.49842,2.66767,2.48157,2.56709,2.49842,1.89527
nonnull,16,baseline,f9ed90d41e7bff92707a796e4677772351a23e53a6e148cf831a3feb92ae880e,3,1000000,65536,8.52701,575748,37029694adc4216655775cf92fb184871eb4c04cc53f24d59c7cb8e89b05a218,8.33067,8.33182,8.09318,8.37179,8.33067,7.87389
nonnull,16,current,1003a83830e8b12ae1cb86bdec98af3d649ae54404b59a1466ec31548b149353,3,1000000,65536,2.69504,247836,37029694adc4216655775cf92fb184871eb4c04cc53f24d59c7cb8e89b05a218,1.26607,1.47887,1.26607,1.21052,1.25881,1.2939
nonnull,default,baseline,f9ed90d41e7bff92707a796e4677772351a23e53a6e148cf831a3feb92ae880e,3,1000000,65536,6.65332,753720,37029694adc4216655775cf92fb184871eb4c04cc53f24d59c7cb8e89b05a218,7.88474,8.15443,7.88474,6.15197,7.08399,9.528
nonnull,default,current,1003a83830e8b12ae1cb86bdec98af3d649ae54404b59a1466ec31548b149353,3,1000000,65536,3.34422,370460,37029694adc4216655775cf92fb184871eb4c04cc53f24d59c7cb8e89b05a218,0.882432,1.52896,0.92483,0.871726,0.882432,0.843192
hot-min-ascending,1,baseline,f9ed90d41e7bff92707a796e4677772351a23e53a6e148cf831a3feb92ae880e,3,1000000,32769,2.04301,71216,0d27a2491b3d086a3fefea69ca4e109e00f61956536cc6791192c467a61a68b4,1.90073,1.906,1.90073,1.89452,1.93049,1.89712
hot-min-ascending,1,current,1003a83830e8b12ae1cb86bdec98af3d649ae54404b59a1466ec31548b149353,3,1000000,32769,1.93873,71288,0d27a2491b3d086a3fefea69ca4e109e00f61956536cc6791192c467a61a68b4,1.79139,1.82879,1.79542,1.7819,1.79139,1.7909
hot-min-ascending,2,baseline,f9ed90d41e7bff92707a796e4677772351a23e53a6e148cf831a3feb92ae880e,3,1000000,32769,2.39975,97964,0d27a2491b3d086a3fefea69ca4e109e00f61956536cc6791192c467a61a68b4,1.40995,1.53091,1.2083,1.30808,1.61621,1.40995
hot-min-ascending,2,current,1003a83830e8b12ae1cb86bdec98af3d649ae54404b59a1466ec31548b149353,3,1000000,32769,1.03238,81512,0d27a2491b3d086a3fefea69ca4e109e00f61956536cc6791192c467a61a68b4,1.14636,1.18926,0.997919,0.977527,1.14636,1.17653
hot-min-ascending,4,baseline,f9ed90d41e7bff92707a796e4677772351a23e53a6e148cf831a3feb92ae880e,3,1000000,32769,1.32057,151572,0d27a2491b3d086a3fefea69ca4e109e00f61956536cc6791192c467a61a68b4,1.05559,0.880155,1.31595,1.05559,1.52861,0.905817
hot-min-ascending,4,current,1003a83830e8b12ae1cb86bdec98af3d649ae54404b59a1466ec31548b149353,3,1000000,32769,0.820738,102104,0d27a2491b3d086a3fefea69ca4e109e00f61956536cc6791192c467a61a68b4,0.595508,0.735411,0.595508,0.600462,0.577361,0.581513
hot-min-ascending,8,baseline,f9ed90d41e7bff92707a796e4677772351a23e53a6e148cf831a3feb92ae880e,3,1000000,32769,1.53913,257752,0d27a2491b3d086a3fefea69ca4e109e00f61956536cc6791192c467a61a68b4,1.88695,1.58933,2.20739,1.88695,1.31398,2.5149
hot-min-ascending,8,current,1003a83830e8b12ae1cb86bdec98af3d649ae54404b59a1466ec31548b149353,3,1000000,32769,0.629959,142884,0d27a2491b3d086a3fefea69ca4e109e00f61956536cc6791192c467a61a68b4,0.637016,0.730716,0.698162,0.637016,0.633052,0.567739
hot-min-ascending,16,baseline,f9ed90d41e7bff92707a796e4677772351a23e53a6e148cf831a3feb92ae880e,3,1000000,32769,7.7327,546900,0d27a2491b3d086a3fefea69ca4e109e00f61956536cc6791192c467a61a68b4,9.68189,8.10891,9.35678,9.70779,9.68189,10.7494
hot-min-ascending,16,current,1003a83830e8b12ae1cb86bdec98af3d649ae54404b59a1466ec31548b149353,3,1000000,32769,1.11554,224932,0d27a2491b3d086a3fefea69ca4e109e00f61956536cc6791192c467a61a68b4,0.791314,0.791314,0.820971,0.751553,0.885302,0.721219
hot-min-ascending,default,baseline,f9ed90d41e7bff92707a796e4677772351a23e53a6e148cf831a3feb92ae880e,3,1000000,32769,9.37795,876596,0d27a2491b3d086a3fefea69ca4e109e00f61956536cc6791192c467a61a68b4,10.5928,9.23971,10.731,10.5928,11.0796,9.92517
hot-min-ascending,default,current,1003a83830e8b12ae1cb86bdec98af3d649ae54404b59a1466ec31548b149353,3,1000000,32769,0.977415,348632,0d27a2491b3d086a3fefea69ca4e109e00f61956536cc6791192c467a61a68b4,0.872466,0.973099,0.773417,0.872466,0.869908,0.882685
hot-min-descending,1,baseline,f9ed90d41e7bff92707a796e4677772351a23e53a6e148cf831a3feb92ae880e,3,1000000,32769,2.02704,70988,945768a99a38df53236cda69351f9fef91a23d923f3abf3a8049970cfe62ab6e,1.89756,1.90284,1.8954,1.88977,1.89756,1.92848
hot-min-descending,1,current,1003a83830e8b12ae1cb86bdec98af3d649ae54404b59a1466ec31548b149353,3,1000000,32769,1.313,71348,945768a99a38df53236cda69351f9fef91a23d923f3abf3a8049970cfe62ab6e,1.19278,1.20433,1.18781,1.18994,1.24931,1.19278
hot-min-descending,2,baseline,f9ed90d41e7bff92707a796e4677772351a23e53a6e148cf831a3feb92ae880e,3,1000000,32769,2.43726,97508,945768a99a38df53236cda69351f9fef91a23d923f3abf3a8049970cfe62ab6e,2.30058,2.58152,2.11917,2.26614,2.72424,2.30058
hot-min-descending,2,current,1003a83830e8b12ae1cb86bdec98af3d649ae54404b59a1466ec31548b149353,3,1000000,32769,0.896815,81816,945768a99a38df53236cda69351f9fef91a23d923f3abf3a8049970cfe62ab6e,0.771376,0.792912,0.771376,0.770701,0.773401,0.770436
hot-min-descending,4,baseline,f9ed90d41e7bff92707a796e4677772351a23e53a6e148cf831a3feb92ae880e,3,1000000,32769,1.34671,151060,945768a99a38df53236cda69351f9fef91a23d923f3abf3a8049970cfe62ab6e,1.03842,0.894705,1.25891,1.03842,1.5569,0.889235
hot-min-descending,4,current,1003a83830e8b12ae1cb86bdec98af3d649ae54404b59a1466ec31548b149353,3,1000000,32769,1.05258,102324,945768a99a38df53236cda69351f9fef91a23d923f3abf3a8049970cfe62ab6e,1.04771,0.993924,1.05101,1.04771,1.0386,1.07474
hot-min-descending,8,baseline,f9ed90d41e7bff92707a796e4677772351a23e53a6e148cf831a3feb92ae880e,3,1000000,32769,1.44626,258032,945768a99a38df53236cda69351f9fef91a23d923f3abf3a8049970cfe62ab6e,1.76865,1.673,2.17369,1.76865,1.29929,2.52298
hot-min-descending,8,current,1003a83830e8b12ae1cb86bdec98af3d649ae54404b59a1466ec31548b149353,3,1000000,32769,2.27623,161680,945768a99a38df53236cda69351f9fef91a23d923f3abf3a8049970cfe62ab6e,1.09401,1.22796,1.19354,1.06994,1.09186,1.09401
hot-min-descending,16,baseline,f9ed90d41e7bff92707a796e4677772351a23e53a6e148cf831a3feb92ae880e,3,1000000,32769,12.7164,545024,945768a99a38df53236cda69351f9fef91a23d923f3abf3a8049970cfe62ab6e,8.47318,8.00646,8.49238,8.08031,13.3842,8.47318
hot-min-descending,16,current,1003a83830e8b12ae1cb86bdec98af3d649ae54404b59a1466ec31548b149353,3,1000000,32769,1.1947,225336,945768a99a38df53236cda69351f9fef91a23d923f3abf3a8049970cfe62ab6e,1.11674,1.1149,1.08468,1.11674,1.19949,1.13006
hot-min-descending,default,baseline,f9ed90d41e7bff92707a796e4677772351a23e53a6e148cf831a3feb92ae880e,3,1000000,32769,8.00452,866660,945768a99a38df53236cda69351f9fef91a23d923f3abf3a8049970cfe62ab6e,10.5774,9.1783,11.5626,10.5774,10.7031,9.7452
hot-min-descending,default,current,1003a83830e8b12ae1cb86bdec98af3d649ae54404b59a1466ec31548b149353,3,1000000,32769,0.902368,348164,945768a99a38df53236cda69351f9fef91a23d923f3abf3a8049970cfe62ab6e,0.776415,0.774401,0.749778,0.776415,0.892187,0.777826
all-null-key,1,baseline,f9ed90d41e7bff92707a796e4677772351a23e53a6e148cf831a3feb92ae880e,3,1000000,1,4.66494,71020,6ba0bd989322c14d9f8f5035cce5167445580360b19874f70123588f5d18cc14,4.51564,4.50738,4.52704,4.51564,4.56275,4.51016
all-null-key,1,current,1003a83830e8b12ae1cb86bdec98af3d649ae54404b59a1466ec31548b149353,3,1000000,1,3.31146,71008,6ba0bd989322c14d9f8f5035cce5167445580360b19874f70123588f5d18cc14,3.25577,3.26592,3.25132,3.54142,3.25577,3.25285
all-null-key,2,baseline,f9ed90d41e7bff92707a796e4677772351a23e53a6e148cf831a3feb92ae880e,3,1000000,1,2.64689,81540,6ba0bd989322c14d9f8f5035cce5167445580360b19874f70123588f5d18cc14,2.47353,2.46815,2.45971,2.48484,2.53443,2.47353
all-null-key,2,current,1003a83830e8b12ae1cb86bdec98af3d649ae54404b59a1466ec31548b149353,3,1000000,1,1.71983,81816,6ba0bd989322c14d9f8f5035cce5167445580360b19874f70123588f5d18cc14,1.6408,1.65901,1.64367,1.64007,1.6408,1.64079
all-null-key,4,baseline,f9ed90d41e7bff92707a796e4677772351a23e53a6e148cf831a3feb92ae880e,3,1000000,1,1.64516,102084,6ba0bd989322c14d9f8f5035cce5167445580360b19874f70123588f5d18cc14,1.50859,1.50859,2.07806,1.43971,1.4425,1.53588
all-null-key,4,current,1003a83830e8b12ae1cb86bdec98af3d649ae54404b59a1466ec31548b149353,3,1000000,1,1.0084,101816,6ba0bd989322c14d9f8f5035cce5167445580360b19874f70123588f5d18cc14,0.838543,0.874123,0.864367,0.83807,0.838536,0.838543
all-null-key,8,baseline,f9ed90d41e7bff92707a796e4677772351a23e53a6e148cf831a3feb92ae880e,3,1000000,1,1.52247,143224,6ba0bd989322c14d9f8f5035cce5167445580360b19874f70123588f5d18cc14,1.44759,1.44759,1.442,1.45735,1.73061,1.42689
all-null-key,8,current,1003a83830e8b12ae1cb86bdec98af3d649ae54404b59a1466ec31548b149353,3,1000000,1,0.735873,142864,6ba0bd989322c14d9f8f5035cce5167445580360b19874f70123588f5d18cc14,0.656247,0.656247,0.635621,0.678933,0.611818,0.68501
all-null-key,16,baseline,f9ed90d41e7bff92707a796e4677772351a23e53a6e148cf831a3feb92ae880e,3,1000000,1,1.12723,224836,6ba0bd989322c14d9f8f5035cce5167445580360b19874f70123588f5d18cc14,1.01137,1.07478,1.02578,0.999083,0.994545,1.01137
all-null-key,16,current,1003a83830e8b12ae1cb86bdec98af3d649ae54404b59a1466ec31548b149353,3,1000000,1,0.502272,225108,6ba0bd989322c14d9f8f5035cce5167445580360b19874f70123588f5d18cc14,0.409256,0.413718,0.426079,0.409256,0.387698,0.385278
all-null-key,default,baseline,f9ed90d41e7bff92707a796e4677772351a23e53a6e148cf831a3feb92ae880e,3,1000000,1,1.10126,348368,6ba0bd989322c14d9f8f5035cce5167445580360b19874f70123588f5d18cc14,0.887437,0.870734,0.986112,0.887437,1.07622,0.855952
all-null-key,default,current,1003a83830e8b12ae1cb86bdec98af3d649ae54404b59a1466ec31548b149353,3,1000000,1,0.475572,348112,6ba0bd989322c14d9f8f5035cce5167445580360b19874f70123588f5d18cc14,0.313103,0.344911,0.317094,0.312195,0.313103,0.305671
distinct-skew,1,baseline,f9ed90d41e7bff92707a796e4677772351a23e53a6e148cf831a3feb92ae880e,3,1000000,65537,43.3451,200016,65c9530f85952e51e2e328375168e406e8f1b73d7aa2d83845ac77496ca9365b,45.77,45.77,43.2008,44.2954,46.2477,45.8795
distinct-skew,1,current,1003a83830e8b12ae1cb86bdec98af3d649ae54404b59a1466ec31548b149353,3,1000000,65537,36.2055,200536,65c9530f85952e51e2e328375168e406e8f1b73d7aa2d83845ac77496ca9365b,32.3919,28.9294,33.0468,32.3919,32.5854,30.2788
distinct-skew,2,baseline,f9ed90d41e7bff92707a796e4677772351a23e53a6e148cf831a3feb92ae880e,3,1000000,65537,22.0884,289956,34d140f6bf047da72ec0412447092d7f5468f27b737fc9e59c921955aedf4811,17.4656,17.4656,18.0389,17.938,16.6982,16.542
distinct-skew,2,current,1003a83830e8b12ae1cb86bdec98af3d649ae54404b59a1466ec31548b149353,3,1000000,65537,13.2628,147352,34d140f6bf047da72ec0412447092d7f5468f27b737fc9e59c921955aedf4811,11.2641,11.5032,11.6495,11.2641,11.1395,10.9727
distinct-skew,4,baseline,f9ed90d41e7bff92707a796e4677772351a23e53a6e148cf831a3feb92ae880e,3,1000000,65537,17.2376,343140,34d140f6bf047da72ec0412447092d7f5468f27b737fc9e59c921955aedf4811,14.2565,14.6296,14.2565,14.3197,13.1216,14.2495
distinct-skew,4,current,1003a83830e8b12ae1cb86bdec98af3d649ae54404b59a1466ec31548b149353,3,1000000,65537,7.20331,213316,34d140f6bf047da72ec0412447092d7f5468f27b737fc9e59c921955aedf4811,6.03605,6.03605,6.0313,6.15005,5.94194,6.12258
distinct-skew,8,baseline,f9ed90d41e7bff92707a796e4677772351a23e53a6e148cf831a3feb92ae880e,3,1000000,65537,15.5717,443672,34d140f6bf047da72ec0412447092d7f5468f27b737fc9e59c921955aedf4811,13.3417,13.4856,15.943,13.3417,11.1865,11.0103
distinct-skew,8,current,1003a83830e8b12ae1cb86bdec98af3d649ae54404b59a1466ec31548b149353,3,1000000,65537,4.99766,278408,34d140f6bf047da72ec0412447092d7f5468f27b737fc9e59c921955aedf4811,3.98529,3.97006,3.9877,3.98529,4.42396,3.88231
distinct-skew,16,baseline,f9ed90d41e7bff92707a796e4677772351a23e53a6e148cf831a3feb92ae880e,3,1000000,65537,14.6078,679336,34d140f6bf047da72ec0412447092d7f5468f27b737fc9e59c921955aedf4811,14.5776,14.5776,15.3664,12.7196,13.7007,16.0151
distinct-skew,16,current,1003a83830e8b12ae1cb86bdec98af3d649ae54404b59a1466ec31548b149353,3,1000000,65537,3.47312,327300,34d140f6bf047da72ec0412447092d7f5468f27b737fc9e59c921955aedf4811,3.18768,2.83678,3.02125,3.20774,3.4358,3.18768
distinct-skew,default,baseline,f9ed90d41e7bff92707a796e4677772351a23e53a6e148cf831a3feb92ae880e,3,1000000,65537,14.9346,972548,34d140f6bf047da72ec0412447092d7f5468f27b737fc9e59c921955aedf4811,13.4073,12.913,13.4073,12.9605,16.0608,13.683
distinct-skew,default,current,1003a83830e8b12ae1cb86bdec98af3d649ae54404b59a1466ec31548b149353,3,1000000,65537,3.46355,447572,34d140f6bf047da72ec0412447092d7f5468f27b737fc9e59c921955aedf4811,2.77614,2.76815,2.69709,2.77614,3.19216,3.50252
distinct-correlated,1,baseline,f9ed90d41e7bff92707a796e4677772351a23e53a6e148cf831a3feb92ae880e,3,1000000,65536,19.0813,121956,9b7eb3754cd7ed308bf0f8be7348679914b4acc67b61adcba0d6bfba1217ba81,16.4069,16.4069,16.3103,16.4964,16.6437,16.2742
distinct-correlated,1,current,1003a83830e8b12ae1cb86bdec98af3d649ae54404b59a1466ec31548b149353,3,1000000,65536,17.6032,122420,9b7eb3754cd7ed308bf0f8be7348679914b4acc67b61adcba0d6bfba1217ba81,14.8791,14.8791,14.7502,14.6791,16.2345,16.0035
distinct-correlated,2,baseline,f9ed90d41e7bff92707a796e4677772351a23e53a6e148cf831a3feb92ae880e,3,1000000,65536,14.3082,181212,9b7eb3754cd7ed308bf0f8be7348679914b4acc67b61adcba0d6bfba1217ba81,10.9893,13.2084,11.0434,10.9625,10.9893,10.9849
distinct-correlated,2,current,1003a83830e8b12ae1cb86bdec98af3d649ae54404b59a1466ec31548b149353,3,1000000,65536,11.8739,120636,9b7eb3754cd7ed308bf0f8be7348679914b4acc67b61adcba0d6bfba1217ba81,9.97651,7.29617,9.99486,10.2529,9.97651,7.06912
distinct-correlated,4,baseline,f9ed90d41e7bff92707a796e4677772351a23e53a6e148cf831a3feb92ae880e,3,1000000,65536,11.1748,195520,9b7eb3754cd7ed308bf0f8be7348679914b4acc67b61adcba0d6bfba1217ba81,9.06464,10.5422,9.15505,8.96417,9.06464,8.99447
distinct-correlated,4,current,1003a83830e8b12ae1cb86bdec98af3d649ae54404b59a1466ec31548b149353,3,1000000,65536,9.25464,139420,9b7eb3754cd7ed308bf0f8be7348679914b4acc67b61adcba0d6bfba1217ba81,3.97343,5.47936,4.15106,3.97343,3.965,3.83123
distinct-correlated,8,baseline,f9ed90d41e7bff92707a796e4677772351a23e53a6e148cf831a3feb92ae880e,3,1000000,65536,11.2042,318312,9b7eb3754cd7ed308bf0f8be7348679914b4acc67b61adcba0d6bfba1217ba81,8.59391,10.4007,9.44507,8.59391,8.3217,8.53148
distinct-correlated,8,current,1003a83830e8b12ae1cb86bdec98af3d649ae54404b59a1466ec31548b149353,3,1000000,65536,5.02472,179904,9b7eb3754cd7ed308bf0f8be7348679914b4acc67b61adcba0d6bfba1217ba81,3.11199,3.42342,3.08589,3.23045,3.11199,3.10807
distinct-correlated,16,baseline,f9ed90d41e7bff92707a796e4677772351a23e53a6e148cf831a3feb92ae880e,3,1000000,65536,10.145,574668,9b7eb3754cd7ed308bf0f8be7348679914b4acc67b61adcba0d6bfba1217ba81,10.3006,10.811,10.3006,11.8261,9.82284,9.90145
distinct-correlated,16,current,1003a83830e8b12ae1cb86bdec98af3d649ae54404b59a1466ec31548b149353,3,1000000,65536,3.82435,254196,9b7eb3754cd7ed308bf0f8be7348679914b4acc67b61adcba0d6bfba1217ba81,2.32191,2.24309,2.38863,2.31381,2.32191,2.34918
distinct-correlated,default,baseline,f9ed90d41e7bff92707a796e4677772351a23e53a6e148cf831a3feb92ae880e,3,1000000,65536,9.68557,736772,9b7eb3754cd7ed308bf0f8be7348679914b4acc67b61adcba0d6bfba1217ba81,11.5966,17.3853,11.5966,12.0086,8.87606,10.3153
distinct-correlated,default,current,1003a83830e8b12ae1cb86bdec98af3d649ae54404b59a1466ec31548b149353,3,1000000,65536,3.90345,377704,9b7eb3754cd7ed308bf0f8be7348679914b4acc67b61adcba0d6bfba1217ba81,2.99444,2.99444,3.52917,3.08714,2.88026,2.80179
symbol-extrema,1,baseline,f9ed90d41e7bff92707a796e4677772351a23e53a6e148cf831a3feb92ae880e,3,1000000,65536,40.6461,97924,bd16861e4bfb2bf9eecc83018b5d98157e9101b4c9a8ce57538fd0cacbb691e5,39.1318,38.912,39.6432,38.9173,39.4886,39.1318
symbol-extrema,1,current,1003a83830e8b12ae1cb86bdec98af3d649ae54404b59a1466ec31548b149353,3,1000000,65536,34.452,97856,bd16861e4bfb2bf9eecc83018b5d98157e9101b4c9a8ce57538fd0cacbb691e5,33.0126,33.2837,33.5151,32.9488,33.0126,32.7283
symbol-extrema,2,baseline,f9ed90d41e7bff92707a796e4677772351a23e53a6e148cf831a3feb92ae880e,3,1000000,65536,39.756,108212,bd16861e4bfb2bf9eecc83018b5d98157e9101b4c9a8ce57538fd0cacbb691e5,39.6291,40.4898,39.5841,39.6291,39.8212,39.2058
symbol-extrema,2,current,1003a83830e8b12ae1cb86bdec98af3d649ae54404b59a1466ec31548b149353,3,1000000,65536,19.6253,108448,bd16861e4bfb2bf9eecc83018b5d98157e9101b4c9a8ce57538fd0cacbb691e5,19.1948,19.1948,20.1086,18.8996,18.856,19.2226
symbol-extrema,4,baseline,f9ed90d41e7bff92707a796e4677772351a23e53a6e148cf831a3feb92ae880e,3,1000000,65536,40.0012,128500,bd16861e4bfb2bf9eecc83018b5d98157e9101b4c9a8ce57538fd0cacbb691e5,39.1821,39.2897,38.8566,39.4833,39.1354,39.1821
symbol-extrema,4,current,1003a83830e8b12ae1cb86bdec98af3d649ae54404b59a1466ec31548b149353,3,1000000,65536,12.4997,128760,bd16861e4bfb2bf9eecc83018b5d98157e9101b4c9a8ce57538fd0cacbb691e5,10.9637,11.3811,10.9219,11.9462,10.9637,10.9542
symbol-extrema,8,baseline,f9ed90d41e7bff92707a796e4677772351a23e53a6e148cf831a3feb92ae880e,3,1000000,65536,39.606,169736,bd16861e4bfb2bf9eecc83018b5d98157e9101b4c9a8ce57538fd0cacbb691e5,39.462,39.462,39.0183,39.4596,39.7479,39.7878
symbol-extrema,8,current,1003a83830e8b12ae1cb86bdec98af3d649ae54404b59a1466ec31548b149353,3,1000000,65536,8.10291,170064,bd16861e4bfb2bf9eecc83018b5d98157e9101b4c9a8ce57538fd0cacbb691e5,6.82171,7.30725,6.58662,6.82171,6.59769,6.92225
symbol-extrema,16,baseline,f9ed90d41e7bff92707a796e4677772351a23e53a6e148cf831a3feb92ae880e,3,1000000,65536,39.9599,251780,bd16861e4bfb2bf9eecc83018b5d98157e9101b4c9a8ce57538fd0cacbb691e5,39.3889,39.0399,39.3889,39.1498,39.5426,40.4987
symbol-extrema,16,current,1003a83830e8b12ae1cb86bdec98af3d649ae54404b59a1466ec31548b149353,3,1000000,65536,5.95017,251624,bd16861e4bfb2bf9eecc83018b5d98157e9101b4c9a8ce57538fd0cacbb691e5,4.69179,4.62423,4.69179,4.74952,4.46907,4.89972
symbol-extrema,default,baseline,f9ed90d41e7bff92707a796e4677772351a23e53a6e148cf831a3feb92ae880e,3,1000000,65536,39.699,375016,bd16861e4bfb2bf9eecc83018b5d98157e9101b4c9a8ce57538fd0cacbb691e5,39.7111,39.6371,39.7111,39.8771,39.7778,39.7051
symbol-extrema,default,current,1003a83830e8b12ae1cb86bdec98af3d649ae54404b59a1466ec31548b149353,3,1000000,65536,5.68657,374868,bd16861e4bfb2bf9eecc83018b5d98157e9101b4c9a8ce57538fd0cacbb691e5,3.46445,3.46445,3.40117,3.3726,3.68847,3.65688
symbol-top-bottom,1,baseline,f9ed90d41e7bff92707a796e4677772351a23e53a6e148cf831a3feb92ae880e,3,1000000,65536,44.6678,116092,f8b8ccc418982414bfa68c9de1d005671cf24403b6c459d2f4438324c017bcce,43.6789,44.7378,43.5517,43.6789,43.6233,44.0218
symbol-top-bottom,1,current,1003a83830e8b12ae1cb86bdec98af3d649ae54404b59a1466ec31548b149353,3,1000000,65536,40.6969,116512,f8b8ccc418982414bfa68c9de1d005671cf24403b6c459d2f4438324c017bcce,40.1995,41.409,40.1995,40.2323,40.159,39.5547
symbol-top-bottom,2,baseline,f9ed90d41e7bff92707a796e4677772351a23e53a6e148cf831a3feb92ae880e,3,1000000,65536,45.4442,126876,f8b8ccc418982414bfa68c9de1d005671cf24403b6c459d2f4438324c017bcce,44.6391,45.7203,44.6403,44.5808,44.5516,44.6391
symbol-top-bottom,2,current,1003a83830e8b12ae1cb86bdec98af3d649ae54404b59a1466ec31548b149353,3,1000000,65536,26.1569,136888,f8b8ccc418982414bfa68c9de1d005671cf24403b6c459d2f4438324c017bcce,25.411,25.663,25.0583,25.411,25.0813,25.424
symbol-top-bottom,4,baseline,f9ed90d41e7bff92707a796e4677772351a23e53a6e148cf831a3feb92ae880e,3,1000000,65536,45.4125,147436,f8b8ccc418982414bfa68c9de1d005671cf24403b6c459d2f4438324c017bcce,44.9294,45.6822,44.9294,44.7057,44.4337,45.0476
symbol-top-bottom,4,current,1003a83830e8b12ae1cb86bdec98af3d649ae54404b59a1466ec31548b149353,3,1000000,65536,14.3901,157704,f8b8ccc418982414bfa68c9de1d005671cf24403b6c459d2f4438324c017bcce,13.9429,13.6836,14.0347,13.9429,13.8077,14.0858
symbol-top-bottom,8,baseline,f9ed90d41e7bff92707a796e4677772351a23e53a6e148cf831a3feb92ae880e,3,1000000,65536,45.7011,188516,f8b8ccc418982414bfa68c9de1d005671cf24403b6c459d2f4438324c017bcce,44.8224,46.2479,44.8224,44.8146,44.9039,44.8207
symbol-top-bottom,8,current,1003a83830e8b12ae1cb86bdec98af3d649ae54404b59a1466ec31548b149353,3,1000000,65536,10.0626,184388,f8b8ccc418982414bfa68c9de1d005671cf24403b6c459d2f4438324c017bcce,8.26782,9.40663,8.70308,7.87416,8.26782,7.8596
symbol-top-bottom,16,baseline,f9ed90d41e7bff92707a796e4677772351a23e53a6e148cf831a3feb92ae880e,3,1000000,65536,44.7708,270044,f8b8ccc418982414bfa68c9de1d005671cf24403b6c459d2f4438324c017bcce,44.2343,45.1786,44.2343,44.368,43.9673,44.1524
symbol-top-bottom,16,current,1003a83830e8b12ae1cb86bdec98af3d649ae54404b59a1466ec31548b149353,3,1000000,65536,6.3659,262068,f8b8ccc418982414bfa68c9de1d005671cf24403b6c459d2f4438324c017bcce,5.56268,5.52742,5.6217,5.6017,5.56268,5.54675
symbol-top-bottom,default,baseline,f9ed90d41e7bff92707a796e4677772351a23e53a6e148cf831a3feb92ae880e,3,1000000,65536,45.2067,392788,f8b8ccc418982414bfa68c9de1d005671cf24403b6c459d2f4438324c017bcce,43.9132,45.0753,43.9437,43.8603,43.623,43.9132
symbol-top-bottom,default,current,1003a83830e8b12ae1cb86bdec98af3d649ae54404b59a1466ec31548b149353,3,1000000,65536,5.88677,375100,f8b8ccc418982414bfa68c9de1d005671cf24403b6c459d2f4438324c017bcce,4.2073,4.33399,4.06849,4.09939,4.28489,4.2073
distinct-string-values,1,current,1003a83830e8b12ae1cb86bdec98af3d649ae54404b59a1466ec31548b149353,3,1000000,65536,23.5843,122504,9b7eb3754cd7ed308bf0f8be7348679914b4acc67b61adcba0d6bfba1217ba81,22.3809,22.854,22.4309,22.0275,22.2117,22.3809
distinct-string-values,2,current,1003a83830e8b12ae1cb86bdec98af3d649ae54404b59a1466ec31548b149353,3,1000000,65536,16.873,139160,9b7eb3754cd7ed308bf0f8be7348679914b4acc67b61adcba0d6bfba1217ba81,15.6609,15.8306,15.6609,15.5762,15.4484,15.8338
distinct-string-values,4,current,1003a83830e8b12ae1cb86bdec98af3d649ae54404b59a1466ec31548b149353,3,1000000,65536,12.2797,159784,9b7eb3754cd7ed308bf0f8be7348679914b4acc67b61adcba0d6bfba1217ba81,9.61408,9.59952,9.62454,9.61408,9.58506,9.74516
distinct-string-values,8,current,1003a83830e8b12ae1cb86bdec98af3d649ae54404b59a1466ec31548b149353,3,1000000,65536,6.60752,200480,9b7eb3754cd7ed308bf0f8be7348679914b4acc67b61adcba0d6bfba1217ba81,5.47442,5.47442,5.51969,5.72416,5.25558,5.18478
distinct-string-values,16,current,1003a83830e8b12ae1cb86bdec98af3d649ae54404b59a1466ec31548b149353,3,1000000,65536,5.85773,282372,9b7eb3754cd7ed308bf0f8be7348679914b4acc67b61adcba0d6bfba1217ba81,4.42819,4.73658,4.42315,4.42819,4.38917,4.6736
distinct-string-values,default,current,1003a83830e8b12ae1cb86bdec98af3d649ae54404b59a1466ec31548b149353,3,1000000,65536,6.62121,405772,9b7eb3754cd7ed308bf0f8be7348679914b4acc67b61adcba0d6bfba1217ba81,3.85778,4.06374,3.80759,3.87957,3.75663,3.85778
distinct-string-keys,1,baseline,f9ed90d41e7bff92707a796e4677772351a23e53a6e148cf831a3feb92ae880e,3,1000000,4,42.2942,118644,ac3f509a27fd3b0822cc8bdda118b589ce75ecf1593f6ebb10af51c0966a8c22,40.7126,40.7415,40.6827,40.8672,40.689,40.7126
distinct-string-keys,1,current,1003a83830e8b12ae1cb86bdec98af3d649ae54404b59a1466ec31548b149353,3,1000000,4,18.376,122100,ac3f509a27fd3b0822cc8bdda118b589ce75ecf1593f6ebb10af51c0966a8c22,16.8907,17.1599,17.083,16.8907,16.6553,16.8457
distinct-string-keys,2,baseline,f9ed90d41e7bff92707a796e4677772351a23e53a6e148cf831a3feb92ae880e,3,1000000,4,24.819,200272,ac3f509a27fd3b0822cc8bdda118b589ce75ecf1593f6ebb10af51c0966a8c22,22.1579,22.8415,22.1579,22.2581,22.1277,22.0702
distinct-string-keys,2,current,1003a83830e8b12ae1cb86bdec98af3d649ae54404b59a1466ec31548b149353,3,1000000,4,10.4952,138912,ac3f509a27fd3b0822cc8bdda118b589ce75ecf1593f6ebb10af51c0966a8c22,9.14033,9.14033,9.09575,9.11566,9.33976,9.17497
distinct-string-keys,4,baseline,f9ed90d41e7bff92707a796e4677772351a23e53a6e148cf831a3feb92ae880e,3,1000000,4,13.5332,220756,ac3f509a27fd3b0822cc8bdda118b589ce75ecf1593f6ebb10af51c0966a8c22,12.2844,12.2844,11.9366,12.6588,14.1221,12.1093
distinct-string-keys,4,current,1003a83830e8b12ae1cb86bdec98af3d649ae54404b59a1466ec31548b149353,3,1000000,4,6.85973,159664,ac3f509a27fd3b0822cc8bdda118b589ce75ecf1593f6ebb10af51c0966a8c22,4.79168,5.21725,4.87586,4.79168,4.7574,4.74845
distinct-string-keys,8,baseline,f9ed90d41e7bff92707a796e4677772351a23e53a6e148cf831a3feb92ae880e,3,1000000,4,11.8566,349908,ac3f509a27fd3b0822cc8bdda118b589ce75ecf1593f6ebb10af51c0966a8c22,8.9782,9.66101,8.9782,8.22321,7.70986,9.39101
distinct-string-keys,8,current,1003a83830e8b12ae1cb86bdec98af3d649ae54404b59a1466ec31548b149353,3,1000000,4,4.18628,200428,ac3f509a27fd3b0822cc8bdda118b589ce75ecf1593f6ebb10af51c0966a8c22,2.76323,2.9139,2.75212,2.76323,2.76187,2.96728
distinct-string-keys,16,baseline,f9ed90d41e7bff92707a796e4677772351a23e53a6e148cf831a3feb92ae880e,3,1000000,4,8.33302,606472,ac3f509a27fd3b0822cc8bdda118b589ce75ecf1593f6ebb10af51c0966a8c22,8.77697,8.77697,7.40438,9.8212,9.04806,7.44179
distinct-string-keys,16,current,1003a83830e8b12ae1cb86bdec98af3d649ae54404b59a1466ec31548b149353,3,1000000,4,3.79577,282488,ac3f509a27fd3b0822cc8bdda118b589ce75ecf1593f6ebb10af51c0966a8c22,1.94697,2.04478,2.03337,1.93737,1.8978,1.94697
distinct-string-keys,default,baseline,f9ed90d41e7bff92707a796e4677772351a23e53a6e148cf831a3feb92ae880e,3,1000000,4,9.71789,700812,ac3f509a27fd3b0822cc8bdda118b589ce75ecf1593f6ebb10af51c0966a8c22,7.36271,9.15346,7.36271,8.54931,6.91907,6.78002
distinct-string-keys,default,current,1003a83830e8b12ae1cb86bdec98af3d649ae54404b59a1466ec31548b149353,3,1000000,4,5.43854,405528,ac3f509a27fd3b0822cc8bdda118b589ce75ecf1593f6ebb10af51c0966a8c22,2.68161,3.04788,2.70449,2.68161,2.57431,2.48144
mixed-distinct-string-keys,1,baseline,f9ed90d41e7bff92707a796e4677772351a23e53a6e148cf831a3feb92ae880e,3,1000000,4,46.2738,118120,61232620dcfbf5bc76482baa4c6693ac891191c888c9bc3db3d330a13083b072,44.5976,44.6679,44.8813,44.5004,44.3993,44.5976
mixed-distinct-string-keys,1,current,1003a83830e8b12ae1cb86bdec98af3d649ae54404b59a1466ec31548b149353,3,1000000,4,34.3736,128652,61232620dcfbf5bc76482baa4c6693ac891191c888c9bc3db3d330a13083b072,33.3654,33.1587,33.091,33.3654,33.5157,33.859
mixed-distinct-string-keys,2,baseline,f9ed90d41e7bff92707a796e4677772351a23e53a6e148cf831a3feb92ae880e,3,1000000,4,27.7638,208572,61232620dcfbf5bc76482baa4c6693ac891191c888c9bc3db3d330a13083b072,25.3066,26.33,25.4884,25.2764,25.1846,25.3066
mixed-distinct-string-keys,2,current,1003a83830e8b12ae1cb86bdec98af3d649ae54404b59a1466ec31548b149353,3,1000000,4,18.31,142988,61232620dcfbf5bc76482baa4c6693ac891191c888c9bc3db3d330a13083b072,16.5676,16.5676,16.5623,16.4917,16.6908,16.6195
mixed-distinct-string-keys,4,baseline,f9ed90d41e7bff92707a796e4677772351a23e53a6e148cf831a3feb92ae880e,3,1000000,4,19.1732,225508,61232620dcfbf5bc76482baa4c6693ac891191c888c9bc3db3d330a13083b072,13.6008,13.966,13.6395,13.6008,13.502,13.5346
mixed-distinct-string-keys,4,current,1003a83830e8b12ae1cb86bdec98af3d649ae54404b59a1466ec31548b149353,3,1000000,4,10.6502,171692,61232620dcfbf5bc76482baa4c6693ac891191c888c9bc3db3d330a13083b072,9.04792,9.1579,9.04792,9.02014,9.03269,9.29699
mixed-distinct-string-keys,8,baseline,f9ed90d41e7bff92707a796e4677772351a23e53a6e148cf831a3feb92ae880e,3,1000000,4,14.7082,354512,61232620dcfbf5bc76482baa4c6693ac891191c888c9bc3db3d330a13083b072,12.0948,13.6691,12.1308,12.0948,11.1914,9.09018
mixed-distinct-string-keys,8,current,1003a83830e8b12ae1cb86bdec98af3d649ae54404b59a1466ec31548b149353,3,1000000,4,7.47664,229416,61232620dcfbf5bc76482baa4c6693ac891191c888c9bc3db3d330a13083b072,5.52492,5.85212,5.85567,5.46775,5.38768,5.52492
mixed-distinct-string-keys,16,baseline,f9ed90d41e7bff92707a796e4677772351a23e53a6e148cf831a3feb92ae880e,3,1000000,4,11.2509,579688,61232620dcfbf5bc76482baa4c6693ac891191c888c9bc3db3d330a13083b072,10.0707,10.1891,9.15248,10.0707,10.4152,9.31486
mixed-distinct-string-keys,16,current,1003a83830e8b12ae1cb86bdec98af3d649ae54404b59a1466ec31548b149353,3,1000000,4,6.4119,335692,61232620dcfbf5bc76482baa4c6693ac891191c888c9bc3db3d330a13083b072,4.39218,5.10767,4.39218,4.25648,4.20024,4.86279
mixed-distinct-string-keys,default,baseline,f9ed90d41e7bff92707a796e4677772351a23e53a6e148cf831a3feb92ae880e,3,1000000,4,10.232,665984,61232620dcfbf5bc76482baa4c6693ac891191c888c9bc3db3d330a13083b072,9.32093,11.4599,7.36736,8.9444,10.7233,9.32093
mixed-distinct-string-keys,default,current,1003a83830e8b12ae1cb86bdec98af3d649ae54404b59a1466ec31548b149353,3,1000000,4,7.36882,479796,61232620dcfbf5bc76482baa4c6693ac891191c888c9bc3db3d330a13083b072,3.95088,3.99099,3.69018,3.953,3.95088,3.36873
distinct-guid-keys,1,baseline,f9ed90d41e7bff92707a796e4677772351a23e53a6e148cf831a3feb92ae880e,3,1000000,4,33.5498,122460,d9309af93908251cc2530fcab1577eb47724fdb555fb52140e0cf29d69e3e69d,32.1282,32.3032,32.1282,32.0503,32.1958,31.9894
distinct-guid-keys,1,current,1003a83830e8b12ae1cb86bdec98af3d649ae54404b59a1466ec31548b149353,3,1000000,4,10.0406,116360,d9309af93908251cc2530fcab1577eb47724fdb555fb52140e0cf29d69e3e69d,9.05553,10.3248,9.09496,8.67428,9.05553,8.53054
distinct-guid-keys,2,baseline,f9ed90d41e7bff92707a796e4677772351a23e53a6e148cf831a3feb92ae880e,3,1000000,4,29.9497,136592,d9309af93908251cc2530fcab1577eb47724fdb555fb52140e0cf29d69e3e69d,28.5032,28.685,28.382,28.5673,28.3648,28.5032
distinct-guid-keys,2,current,1003a83830e8b12ae1cb86bdec98af3d649ae54404b59a1466ec31548b149353,3,1000000,4,8.69829,132784,d9309af93908251cc2530fcab1577eb47724fdb555fb52140e0cf29d69e3e69d,5.486,5.48947,5.39184,5.486,5.52258,5.44106
distinct-guid-keys,4,baseline,f9ed90d41e7bff92707a796e4677772351a23e53a6e148cf831a3feb92ae880e,3,1000000,4,30.347,165292,d9309af93908251cc2530fcab1577eb47724fdb555fb52140e0cf29d69e3e69d,28.4392,28.8544,28.1612,28.3683,28.4572,28.4392
distinct-guid-keys,4,current,1003a83830e8b12ae1cb86bdec98af3d649ae54404b59a1466ec31548b149353,3,1000000,4,4.04613,153276,d9309af93908251cc2530fcab1577eb47724fdb555fb52140e0cf29d69e3e69d,2.94545,2.99856,3.68762,2.94545,2.88804,2.89513
distinct-guid-keys,8,baseline,f9ed90d41e7bff92707a796e4677772351a23e53a6e148cf831a3feb92ae880e,3,1000000,4,29.4701,214804,d9309af93908251cc2530fcab1577eb47724fdb555fb52140e0cf29d69e3e69d,28.2079,28.817,27.9486,28.4891,28.0745,28.2079
distinct-guid-keys,8,current,1003a83830e8b12ae1cb86bdec98af3d649ae54404b59a1466ec31548b149353,3,1000000,4,3.41054,194244,d9309af93908251cc2530fcab1577eb47724fdb555fb52140e0cf29d69e3e69d,2.13048,2.20275,2.13048,2.17082,1.89479,1.71376
distinct-guid-keys,16,baseline,f9ed90d41e7bff92707a796e4677772351a23e53a6e148cf831a3feb92ae880e,3,1000000,4,29.6535,313128,d9309af93908251cc2530fcab1577eb47724fdb555fb52140e0cf29d69e3e69d,28.1036,28.7706,27.9996,28.765,28.1036,27.9334
distinct-guid-keys,16,current,1003a83830e8b12ae1cb86bdec98af3d649ae54404b59a1466ec31548b149353,3,1000000,4,2.6449,276500,d9309af93908251cc2530fcab1577eb47724fdb555fb52140e0cf29d69e3e69d,1.308,1.43017,1.4143,1.308,1.29867,1.25598
distinct-guid-keys,default,baseline,f9ed90d41e7bff92707a796e4677772351a23e53a6e148cf831a3feb92ae880e,3,1000000,4,30.0605,468960,d9309af93908251cc2530fcab1577eb47724fdb555fb52140e0cf29d69e3e69d,28.4582,28.4582,28.5236,28.9009,28.0921,27.9837
distinct-guid-keys,default,current,1003a83830e8b12ae1cb86bdec98af3d649ae54404b59a1466ec31548b149353,3,1000000,4,4.78535,399036,d9309af93908251cc2530fcab1577eb47724fdb555fb52140e0cf29d69e3e69d,1.58621,1.8072,1.78234,1.5821,1.58621,1.54195
mixed-distinct-guid-keys,1,baseline,f9ed90d41e7bff92707a796e4677772351a23e53a6e148cf831a3feb92ae880e,3,1000000,4,37.9974,122752,0b242a4715a18e98585d2c495072e013dd56ee015a0185ab603539decca3d4fd,36.7185,36.6946,36.7185,36.7782,36.6916,36.9499
mixed-distinct-guid-keys,1,current,1003a83830e8b12ae1cb86bdec98af3d649ae54404b59a1466ec31548b149353,3,1000000,4,38.6208,122720,0b242a4715a18e98585d2c495072e013dd56ee015a0185ab603539decca3d4fd,36.9051,37.4453,37.0321,36.8065,36.9051,36.8532
mixed-distinct-guid-keys,2,baseline,f9ed90d41e7bff92707a796e4677772351a23e53a6e148cf831a3feb92ae880e,3,1000000,4,33.6579,136764,0b242a4715a18e98585d2c495072e013dd56ee015a0185ab603539decca3d4fd,32.2959,32.4226,32.2959,32.3529,32.2514,32.1238
mixed-distinct-guid-keys,2,current,1003a83830e8b12ae1cb86bdec98af3d649ae54404b59a1466ec31548b149353,3,1000000,4,34.2888,136868,0b242a4715a18e98585d2c495072e013dd56ee015a0185ab603539decca3d4fd,32.4765,32.4765,32.5497,32.5664,32.3551,32.4141
mixed-distinct-guid-keys,4,baseline,f9ed90d41e7bff92707a796e4677772351a23e53a6e148cf831a3feb92ae880e,3,1000000,4,32.9669,165384,0b242a4715a18e98585d2c495072e013dd56ee015a0185ab603539decca3d4fd,31.3566,31.4221,31.4604,31.3196,31.1715,31.3566
mixed-distinct-guid-keys,4,current,1003a83830e8b12ae1cb86bdec98af3d649ae54404b59a1466ec31548b149353,3,1000000,4,8.22456,196800,0b242a4715a18e98585d2c495072e013dd56ee015a0185ab603539decca3d4fd,6.97931,7.09172,6.78158,7.22507,6.70829,6.97931
mixed-distinct-guid-keys,8,baseline,f9ed90d41e7bff92707a796e4677772351a23e53a6e148cf831a3feb92ae880e,3,1000000,4,33.0636,215016,0b242a4715a18e98585d2c495072e013dd56ee015a0185ab603539decca3d4fd,31.3789,31.332,31.2509,31.3789,32.1711,31.4968
mixed-distinct-guid-keys,8,current,1003a83830e8b12ae1cb86bdec98af3d649ae54404b59a1466ec31548b149353,3,1000000,4,7.37446,237480,0b242a4715a18e98585d2c495072e013dd56ee015a0185ab603539decca3d4fd,6.17918,6.22138,6.43906,6.1381,6.17918,6.16016
mixed-distinct-guid-keys,16,baseline,f9ed90d41e7bff92707a796e4677772351a23e53a6e148cf831a3feb92ae880e,3,1000000,4,32.8723,313052,0b242a4715a18e98585d2c495072e013dd56ee015a0185ab603539decca3d4fd,31.1977,31.4864,31.1977,31.8982,30.7414,30.9124
mixed-distinct-guid-keys,16,current,1003a83830e8b12ae1cb86bdec98af3d649ae54404b59a1466ec31548b149353,3,1000000,4,8.05643,344160,0b242a4715a18e98585d2c495072e013dd56ee015a0185ab603539decca3d4fd,6.38474,6.44113,6.6687,6.22451,6.30697,6.38474
mixed-distinct-guid-keys,default,baseline,f9ed90d41e7bff92707a796e4677772351a23e53a6e148cf831a3feb92ae880e,3,1000000,4,32.9644,460768,0b242a4715a18e98585d2c495072e013dd56ee015a0185ab603539decca3d4fd,31.6063,31.6063,31.8326,31.6674,31.1559,31.1967
mixed-distinct-guid-keys,default,current,1003a83830e8b12ae1cb86bdec98af3d649ae54404b59a1466ec31548b149353,3,1000000,4,8.15376,492000,0b242a4715a18e98585d2c495072e013dd56ee015a0185ab603539decca3d4fd,6.37937,6.64872,5.98582,6.37937,6.44357,6.1248
distinct-list-keys,1,current,1003a83830e8b12ae1cb86bdec98af3d649ae54404b59a1466ec31548b149353,3,1000000,4,14.9309,96120,22ba9bd6ec666041eea9f90edb8e32c5c3c9128b3a28900fc9cf9c171c54d8b1,14.9916,14.7019,14.4108,14.9964,14.9916,15.1152
distinct-list-keys,2,current,1003a83830e8b12ae1cb86bdec98af3d649ae54404b59a1466ec31548b149353,3,1000000,4,8.54603,106116,22ba9bd6ec666041eea9f90edb8e32c5c3c9128b3a28900fc9cf9c171c54d8b1,8.26397,8.27193,8.26397,8.14925,8.13955,8.291
distinct-list-keys,4,current,1003a83830e8b12ae1cb86bdec98af3d649ae54404b59a1466ec31548b149353,3,1000000,4,4.54288,126680,22ba9bd6ec666041eea9f90edb8e32c5c3c9128b3a28900fc9cf9c171c54d8b1,4.32202,4.34915,4.32202,4.26216,4.32254,4.24238
distinct-list-keys,8,current,1003a83830e8b12ae1cb86bdec98af3d649ae54404b59a1466ec31548b149353,3,1000000,4,3.00852,167780,22ba9bd6ec666041eea9f90edb8e32c5c3c9128b3a28900fc9cf9c171c54d8b1,2.91732,3.00356,3.12923,2.91732,2.35421,2.42563
distinct-list-keys,16,current,1003a83830e8b12ae1cb86bdec98af3d649ae54404b59a1466ec31548b149353,3,1000000,4,2.02472,249884,22ba9bd6ec666041eea9f90edb8e32c5c3c9128b3a28900fc9cf9c171c54d8b1,1.73499,1.74137,1.79243,1.72384,1.72066,1.73499
distinct-list-keys,default,current,1003a83830e8b12ae1cb86bdec98af3d649ae54404b59a1466ec31548b149353,3,1000000,4,2.51101,372704,22ba9bd6ec666041eea9f90edb8e32c5c3c9128b3a28900fc9cf9c171c54d8b1,1.99379,1.99379,1.93091,1.92499,2.01903,2.04899
mixed-distinct-list-keys,1,current,1003a83830e8b12ae1cb86bdec98af3d649ae54404b59a1466ec31548b149353,3,1000000,4,45.312,97660,bda38af97f50bcedd7789b55d9625aa5bdb902b2192d7e15629a9ab65afc5d9e,38.9243,40.7514,38.7903,38.9699,38.9243,38.8444
mixed-distinct-list-keys,2,current,1003a83830e8b12ae1cb86bdec98af3d649ae54404b59a1466ec31548b149353,3,1000000,4,34.7059,110472,bda38af97f50bcedd7789b55d9625aa5bdb902b2192d7e15629a9ab65afc5d9e,34.0187,33.979,33.8764,34.0939,34.0187,34.139
mixed-distinct-list-keys,4,current,1003a83830e8b12ae1cb86bdec98af3d649ae54404b59a1466ec31548b149353,3,1000000,4,8.71936,169944,bda38af97f50bcedd7789b55d9625aa5bdb902b2192d7e15629a9ab65afc5d9e,8.43694,8.43694,8.42667,8.72407,8.37857,8.82476
mixed-distinct-list-keys,8,current,1003a83830e8b12ae1cb86bdec98af3d649ae54404b59a1466ec31548b149353,3,1000000,4,9.15951,221220,bda38af97f50bcedd7789b55d9625aa5bdb902b2192d7e15629a9ab65afc5d9e,7.81901,7.82939,7.91059,7.81901,7.16896,7.34283
mixed-distinct-list-keys,16,current,1003a83830e8b12ae1cb86bdec98af3d649ae54404b59a1466ec31548b149353,3,1000000,4,7.37227,327736,bda38af97f50bcedd7789b55d9625aa5bdb902b2192d7e15629a9ab65afc5d9e,7.14127,7.14127,7.23764,7.11503,7.16942,6.94144
mixed-distinct-list-keys,default,current,1003a83830e8b12ae1cb86bdec98af3d649ae54404b59a1466ec31548b149353,3,1000000,4,7.56513,452592,bda38af97f50bcedd7789b55d9625aa5bdb902b2192d7e15629a9ab65afc5d9e,6.78299,6.85694,6.46626,6.58446,6.90297,6.78299
mixed-distinct-string-values,1,current,1003a83830e8b12ae1cb86bdec98af3d649ae54404b59a1466ec31548b149353,3,1000000,65536,26.8965,118376,834e03a3652cc22a097f0d908c610aef785658fc9bf8878f212fedd25237610c,25.8613,25.6052,25.9538,26.0088,25.8613,25.8445
mixed-distinct-string-values,2,current,1003a83830e8b12ae1cb86bdec98af3d649ae54404b59a1466ec31548b149353,3,1000000,65536,66.0719,256976,834e03a3652cc22a097f0d908c610aef785658fc9bf8878f212fedd25237610c,41.074,45.4046,41.7349,40.9495,41.074,40.6111
mixed-distinct-string-values,4,current,1003a83830e8b12ae1cb86bdec98af3d649ae54404b59a1466ec31548b149353,3,1000000,65536,60.4176,275516,834e03a3652cc22a097f0d908c610aef785658fc9bf8878f212fedd25237610c,35.8191,37.7516,34.2299,35.4459,36.7712,35.8191
mixed-distinct-string-values,8,current,1003a83830e8b12ae1cb86bdec98af3d649ae54404b59a1466ec31548b149353,3,1000000,65536,57.1645,324404,834e03a3652cc22a097f0d908c610aef785658fc9bf8878f212fedd25237610c,34.1591,36.1132,32.9522,32.4517,34.1591,35.1452
mixed-distinct-string-values,16,current,1003a83830e8b12ae1cb86bdec98af3d649ae54404b59a1466ec31548b149353,3,1000000,65536,57.979,408780,834e03a3652cc22a097f0d908c610aef785658fc9bf8878f212fedd25237610c,33.8689,33.7287,34.1008,32.6319,35.1563,33.8689
mixed-distinct-string-values,default,current,1003a83830e8b12ae1cb86bdec98af3d649ae54404b59a1466ec31548b149353,3,1000000,65536,58.3992,531676,834e03a3652cc22a097f0d908c610aef785658fc9bf8878f212fedd25237610c,30.7777,30.6325,30.7777,31.7086,30.522,47.0785
hot-first-last,1,baseline,f9ed90d41e7bff92707a796e4677772351a23e53a6e148cf831a3feb92ae880e,3,1000000,1,7.10089,97456,de1c7aee90df728f2e380959e7d5f2288b6fdfb6774d1d5c58b4046a002c902c,6.42729,6.43501,6.4373,6.39598,6.42729,6.40816
hot-first-last,1,current,1003a83830e8b12ae1cb86bdec98af3d649ae54404b59a1466ec31548b149353,3,1000000,1,4.93863,98000,de1c7aee90df728f2e380959e7d5f2288b6fdfb6774d1d5c58b4046a002c902c,4.247,4.32594,4.20381,4.22799,4.247,4.3043
hot-first-last,2,baseline,f9ed90d41e7bff92707a796e4677772351a23e53a6e148cf831a3feb92ae880e,3,1000000,1,7.33966,107908,de1c7aee90df728f2e380959e7d5f2288b6fdfb6774d1d5c58b4046a002c902c,6.42094,6.43916,6.41259,6.42921,6.39983,6.42094
hot-first-last,2,current,1003a83830e8b12ae1cb86bdec98af3d649ae54404b59a1466ec31548b149353,3,1000000,1,3.4625,108468,de1c7aee90df728f2e380959e7d5f2288b6fdfb6774d1d5c58b4046a002c902c,2.65671,2.62816,2.70298,2.82103,2.64195,2.65671
hot-first-last,4,baseline,f9ed90d41e7bff92707a796e4677772351a23e53a6e148cf831a3feb92ae880e,3,1000000,1,7.10706,128484,de1c7aee90df728f2e380959e7d5f2288b6fdfb6774d1d5c58b4046a002c902c,6.42485,6.42485,6.39681,6.62589,6.557,6.42275
hot-first-last,4,current,1003a83830e8b12ae1cb86bdec98af3d649ae54404b59a1466ec31548b149353,3,1000000,1,1.99187,120432,de1c7aee90df728f2e380959e7d5f2288b6fdfb6774d1d5c58b4046a002c902c,1.59884,1.6015,1.61836,1.56471,1.59884,1.59007
hot-first-last,8,baseline,f9ed90d41e7bff92707a796e4677772351a23e53a6e148cf831a3feb92ae880e,3,1000000,1,7.1335,169724,de1c7aee90df728f2e380959e7d5f2288b6fdfb6774d1d5c58b4046a002c902c,6.46108,6.46108,6.42678,6.72623,6.47827,6.43422
hot-first-last,8,current,1003a83830e8b12ae1cb86bdec98af3d649ae54404b59a1466ec31548b149353,3,1000000,1,1.35087,161312,de1c7aee90df728f2e380959e7d5f2288b6fdfb6774d1d5c58b4046a002c902c,0.988419,1.00017,0.907995,0.978095,0.996572,0.988419
hot-first-last,16,baseline,f9ed90d41e7bff92707a796e4677772351a23e53a6e148cf831a3feb92ae880e,3,1000000,1,7.17832,251256,de1c7aee90df728f2e380959e7d5f2288b6fdfb6774d1d5c58b4046a002c902c,6.44796,6.51339,6.44796,6.45197,6.44285,6.44794
hot-first-last,16,current,1003a83830e8b12ae1cb86bdec98af3d649ae54404b59a1466ec31548b149353,3,1000000,1,1.46635,243288,de1c7aee90df728f2e380959e7d5f2288b6fdfb6774d1d5c58b4046a002c902c,0.622997,0.663837,0.622997,0.605296,0.642093,0.591122
hot-first-last,default,baseline,f9ed90d41e7bff92707a796e4677772351a23e53a6e148cf831a3feb92ae880e,3,1000000,1,7.04062,374732,de1c7aee90df728f2e380959e7d5f2288b6fdfb6774d1d5c58b4046a002c902c,6.3785,6.41104,7.09526,6.3785,6.36782,6.36188
hot-first-last,default,current,1003a83830e8b12ae1cb86bdec98af3d649ae54404b59a1466ec31548b149353,3,1000000,1,1.98415,366292,de1c7aee90df728f2e380959e7d5f2288b6fdfb6774d1d5c58b4046a002c902c,0.534353,0.674729,0.535052,0.534353,0.532674,0.531955
hot-symbol-extrema,1,baseline,f9ed90d41e7bff92707a796e4677772351a23e53a6e148cf831a3feb92ae880e,3,1000000,1,34.9612,97628,db5c38a9f7a9a6060d996feab546074359840f34b5ed13fa6a873da74c958575,35.0616,35.5271,34.5227,35.1243,34.6973,35.0616
hot-symbol-extrema,1,current,1003a83830e8b12ae1cb86bdec98af3d649ae54404b59a1466ec31548b149353,3,1000000,1,34.6073,97928,db5c38a9f7a9a6060d996feab546074359840f34b5ed13fa6a873da74c958575,32.9806,32.9806,33.8844,33.7369,32.721,32.9311
hot-symbol-extrema,2,baseline,f9ed90d41e7bff92707a796e4677772351a23e53a6e148cf831a3feb92ae880e,3,1000000,1,35.6489,108452,db5c38a9f7a9a6060d996feab546074359840f34b5ed13fa6a873da74c958575,34.9845,36.0528,34.938,34.9845,35.0906,34.9516
hot-symbol-extrema,2,current,1003a83830e8b12ae1cb86bdec98af3d649ae54404b59a1466ec31548b149353,3,1000000,1,18.4682,107992,db5c38a9f7a9a6060d996feab546074359840f34b5ed13fa6a873da74c958575,17.969,17.969,18.0014,17.9599,17.9664,18.6459
hot-symbol-extrema,4,baseline,f9ed90d41e7bff92707a796e4677772351a23e53a6e148cf831a3feb92ae880e,3,1000000,1,37.0128,128612,db5c38a9f7a9a6060d996feab546074359840f34b5ed13fa6a873da74c958575,36.9002,36.8419,37.5745,36.9477,36.5257,36.9002
hot-symbol-extrema,4,current,1003a83830e8b12ae1cb86bdec98af3d649ae54404b59a1466ec31548b149353,3,1000000,1,10.5134,120536,db5c38a9f7a9a6060d996feab546074359840f34b5ed13fa6a873da74c958575,9.64222,9.7451,9.46317,9.64222,8.95757,10.4715
hot-symbol-extrema,8,baseline,f9ed90d41e7bff92707a796e4677772351a23e53a6e148cf831a3feb92ae880e,3,1000000,1,37.7959,169620,db5c38a9f7a9a6060d996feab546074359840f34b5ed13fa6a873da74c958575,37.6232,37.6996,37.6232,37.8422,35.5639,37.1516
hot-symbol-extrema,8,current,1003a83830e8b12ae1cb86bdec98af3d649ae54404b59a1466ec31548b149353,3,1000000,1,6.7901,161376,db5c38a9f7a9a6060d996feab546074359840f34b5ed13fa6a873da74c958575,5.76115,6.44641,5.96174,5.76115,4.84546,4.73731
hot-symbol-extrema,16,baseline,f9ed90d41e7bff92707a796e4677772351a23e53a6e148cf831a3feb92ae880e,3,1000000,1,36.7731,251704,db5c38a9f7a9a6060d996feab546074359840f34b5ed13fa6a873da74c958575,37.6562,38.107,37.3799,37.1449,37.6562,38.0673
hot-symbol-extrema,16,current,1003a83830e8b12ae1cb86bdec98af3d649ae54404b59a1466ec31548b149353,3,1000000,1,3.37399,243824,db5c38a9f7a9a6060d996feab546074359840f34b5ed13fa6a873da74c958575,3.21096,3.22061,3.226,3.21096,3.02724,3.05445
hot-symbol-extrema,default,baseline,f9ed90d41e7bff92707a796e4677772351a23e53a6e148cf831a3feb92ae880e,3,1000000,1,36.2922,374872,db5c38a9f7a9a6060d996feab546074359840f34b5ed13fa6a873da74c958575,36.4221,36.1069,36.4221,36.9108,36.8284,35.6158
hot-symbol-extrema,default,current,1003a83830e8b12ae1cb86bdec98af3d649ae54404b59a1466ec31548b149353,3,1000000,1,2.60561,366844,db5c38a9f7a9a6060d996feab546074359840f34b5ed13fa6a873da74c958575,2.12837,2.12837,2.2313,2.13279,2.10055,2.12195
hot-wide-extrema,1,baseline,f9ed90d41e7bff92707a796e4677772351a23e53a6e148cf831a3feb92ae880e,3,1000000,1,20.694,117896,f433b82646d94aafcddc53b00cffa02530ada75b5c1ba5fa5b40e8dbda6cf1f2,20.1218,20.0398,20.3365,20.4638,19.6031,20.1218
hot-wide-extrema,1,current,1003a83830e8b12ae1cb86bdec98af3d649ae54404b59a1466ec31548b149353,3,1000000,1,21.5911,118136,f433b82646d94aafcddc53b00cffa02530ada75b5c1ba5fa5b40e8dbda6cf1f2,20.2448,20.0001,20.285,19.438,20.2448,20.7405
hot-wide-extrema,2,baseline,f9ed90d41e7bff92707a796e4677772351a23e53a6e148cf831a3feb92ae880e,3,1000000,1,20.6201,128680,f433b82646d94aafcddc53b00cffa02530ada75b5c1ba5fa5b40e8dbda6cf1f2,19.8962,20.2238,19.8186,19.8962,21.7099,19.1527
hot-wide-extrema,2,current,1003a83830e8b12ae1cb86bdec98af3d649ae54404b59a1466ec31548b149353,3,1000000,1,15.2988,128668,f433b82646d94aafcddc53b00cffa02530ada75b5c1ba5fa5b40e8dbda6cf1f2,11.5005,11.4481,11.5005,11.5738,11.5902,11.4607
hot-wide-extrema,4,baseline,f9ed90d41e7bff92707a796e4677772351a23e53a6e148cf831a3feb92ae880e,3,1000000,1,20.6815,149192,f433b82646d94aafcddc53b00cffa02530ada75b5c1ba5fa5b40e8dbda6cf1f2,20.4596,19.8373,20.4596,20.66,19.8875,20.5253
hot-wide-extrema,4,current,1003a83830e8b12ae1cb86bdec98af3d649ae54404b59a1466ec31548b149353,3,1000000,1,6.54052,133048,f433b82646d94aafcddc53b00cffa02530ada75b5c1ba5fa5b40e8dbda6cf1f2,5.85769,6.28834,5.85769,5.79466,5.88911,5.77262
hot-wide-extrema,8,baseline,f9ed90d41e7bff92707a796e4677772351a23e53a6e148cf831a3feb92ae880e,3,1000000,1,20.7873,190032,f433b82646d94aafcddc53b00cffa02530ada75b5c1ba5fa5b40e8dbda6cf1f2,19.9389,19.9389,19.7643,19.9784,20.0011,19.6341
hot-wide-extrema,8,current,1003a83830e8b12ae1cb86bdec98af3d649ae54404b59a1466ec31548b149353,3,1000000,1,5.12004,173916,f433b82646d94aafcddc53b00cffa02530ada75b5c1ba5fa5b40e8dbda6cf1f2,3.2098,4.6838,4.46046,3.2098,3.0083,3.05384
hot-wide-extrema,16,baseline,f9ed90d41e7bff92707a796e4677772351a23e53a6e148cf831a3feb92ae880e,3,1000000,1,20.4983,271896,f433b82646d94aafcddc53b00cffa02530ada75b5c1ba5fa5b40e8dbda6cf1f2,19.8867,20.1361,19.946,19.8823,19.3451,19.8867
hot-wide-extrema,16,current,1003a83830e8b12ae1cb86bdec98af3d649ae54404b59a1466ec31548b149353,3,1000000,1,2.92579,255592,f433b82646d94aafcddc53b00cffa02530ada75b5c1ba5fa5b40e8dbda6cf1f2,2.27206,2.56623,2.15232,2.27585,2.27206,2.17499
hot-wide-extrema,default,baseline,f9ed90d41e7bff92707a796e4677772351a23e53a6e148cf831a3feb92ae880e,3,1000000,1,20.6146,396004,f433b82646d94aafcddc53b00cffa02530ada75b5c1ba5fa5b40e8dbda6cf1f2,19.2109,19.0063,19.2109,19.206,19.6767,19.5286
hot-wide-extrema,default,current,1003a83830e8b12ae1cb86bdec98af3d649ae54404b59a1466ec31548b149353,3,1000000,1,2.09843,379092,f433b82646d94aafcddc53b00cffa02530ada75b5c1ba5fa5b40e8dbda6cf1f2,1.70235,1.66595,1.66969,1.71751,1.70235,1.74146
hot-mode,1,baseline,f9ed90d41e7bff92707a796e4677772351a23e53a6e148cf831a3feb92ae880e,3,1000000,1,29.6403,171232,b64d0f9376d31c65a2c29100e20b1eaa9a81ceb87b9537b6ee98bf91bb511a5a,11.2878,11.2878,11.3226,11.2481,11.2792,11.3091
hot-mode,1,current,1003a83830e8b12ae1cb86bdec98af3d649ae54404b59a1466ec31548b149353,3,1000000,1,29.2165,171508,b64d0f9376d31c65a2c29100e20b1eaa9a81ceb87b9537b6ee98bf91bb511a5a,11.5144,11.6239,11.554,11.5014,11.5135,11.5144
hot-mode,2,baseline,f9ed90d41e7bff92707a796e4677772351a23e53a6e148cf831a3feb92ae880e,3,1000000,1,29.2914,182024,b64d0f9376d31c65a2c29100e20b1eaa9a81ceb87b9537b6ee98bf91bb511a5a,11.4704,11.4704,11.496,11.4749,11.3665,11.2983
hot-mode,2,current,1003a83830e8b12ae1cb86bdec98af3d649ae54404b59a1466ec31548b149353,3,1000000,1,6.3393,100240,b64d0f9376d31c65a2c29100e20b1eaa9a81ceb87b9537b6ee98bf91bb511a5a,5.34376,5.37758,5.30994,5.29725,5.36546,5.34376
hot-mode,4,baseline,f9ed90d41e7bff92707a796e4677772351a23e53a6e148cf831a3feb92ae880e,3,1000000,1,29.5769,202576,b64d0f9376d31c65a2c29100e20b1eaa9a81ceb87b9537b6ee98bf91bb511a5a,11.5597,11.6927,11.6207,11.533,11.446,11.5597
hot-mode,4,current,1003a83830e8b12ae1cb86bdec98af3d649ae54404b59a1466ec31548b149353,3,1000000,1,5.30753,118484,b64d0f9376d31c65a2c29100e20b1eaa9a81ceb87b9537b6ee98bf91bb511a5a,2.93627,3.60308,3.4208,2.86909,2.93627,2.86832
hot-mode,8,baseline,f9ed90d41e7bff92707a796e4677772351a23e53a6e148cf831a3feb92ae880e,3,1000000,1,29.6096,243648,b64d0f9376d31c65a2c29100e20b1eaa9a81ceb87b9537b6ee98bf91bb511a5a,11.2924,11.3912,11.2924,11.1951,11.3342,11.2782
hot-mode,8,current,1003a83830e8b12ae1cb86bdec98af3d649ae54404b59a1466ec31548b149353,3,1000000,1,3.32202,159784,b64d0f9376d31c65a2c29100e20b1eaa9a81ceb87b9537b6ee98bf91bb511a5a,2.04185,2.04185,2.03578,2.06701,2.04211,1.96361
hot-mode,16,baseline,f9ed90d41e7bff92707a796e4677772351a23e53a6e148cf831a3feb92ae880e,3,1000000,1,29.6737,325580,b64d0f9376d31c65a2c29100e20b1eaa9a81ceb87b9537b6ee98bf91bb511a5a,11.3577,11.3064,11.3775,11.3577,11.3679,11.2599
hot-mode,16,current,1003a83830e8b12ae1cb86bdec98af3d649ae54404b59a1466ec31548b149353,3,1000000,1,2.90348,241720,b64d0f9376d31c65a2c29100e20b1eaa9a81ceb87b9537b6ee98bf91bb511a5a,1.12254,1.22812,1.12254,1.12035,1.23074,1.10594
hot-mode,default,baseline,f9ed90d41e7bff92707a796e4677772351a23e53a6e148cf831a3feb92ae880e,3,1000000,1,29.6428,448544,b64d0f9376d31c65a2c29100e20b1eaa9a81ceb87b9537b6ee98bf91bb511a5a,11.279,11.402,11.3328,11.2032,11.279,11.2074
hot-mode,default,current,1003a83830e8b12ae1cb86bdec98af3d649ae54404b59a1466ec31548b149353,3,1000000,1,4.09177,364804,b64d0f9376d31c65a2c29100e20b1eaa9a81ceb87b9537b6ee98bf91bb511a5a,1.05377,1.09473,1.14274,1.02234,1.05377,1.05033
hot-wide-mode,1,baseline,f9ed90d41e7bff92707a796e4677772351a23e53a6e148cf831a3feb92ae880e,3,1000000,1,32.7029,199908,07cb29779cdb3eae170efb2663e4cba81e63e44f2788c36bd3f8b5a276a0ccd3,14.4321,14.3589,14.4321,14.4596,14.4449,14.3018
hot-wide-mode,1,current,1003a83830e8b12ae1cb86bdec98af3d649ae54404b59a1466ec31548b149353,3,1000000,1,32.667,200096,07cb29779cdb3eae170efb2663e4cba81e63e44f2788c36bd3f8b5a276a0ccd3,14.4969,14.5635,14.5171,14.4969,14.4587,14.4721
hot-wide-mode,2,baseline,f9ed90d41e7bff92707a796e4677772351a23e53a6e148cf831a3feb92ae880e,3,1000000,1,32.2729,210700,07cb29779cdb3eae170efb2663e4cba81e63e44f2788c36bd3f8b5a276a0ccd3,14.4035,14.5537,14.4049,14.389,14.4035,14.3907
hot-wide-mode,2,current,1003a83830e8b12ae1cb86bdec98af3d649ae54404b59a1466ec31548b149353,3,1000000,1,8.90378,128744,07cb29779cdb3eae170efb2663e4cba81e63e44f2788c36bd3f8b5a276a0ccd3,7.46829,7.44826,7.45853,7.49488,7.46829,7.51285
hot-wide-mode,4,baseline,f9ed90d41e7bff92707a796e4677772351a23e53a6e148cf831a3feb92ae880e,3,1000000,1,32.6595,230748,07cb29779cdb3eae170efb2663e4cba81e63e44f2788c36bd3f8b5a276a0ccd3,14.4571,14.3948,14.5188,14.5178,14.392,14.4571
hot-wide-mode,4,current,1003a83830e8b12ae1cb86bdec98af3d649ae54404b59a1466ec31548b149353,3,1000000,1,5.56985,132836,07cb29779cdb3eae170efb2663e4cba81e63e44f2788c36bd3f8b5a276a0ccd3,5.0221,5.51668,5.25282,5.0221,4.79772,3.97507
hot-wide-mode,8,baseline,f9ed90d41e7bff92707a796e4677772351a23e53a6e148cf831a3feb92ae880e,3,1000000,1,32.4765,271816,07cb29779cdb3eae170efb2663e4cba81e63e44f2788c36bd3f8b5a276a0ccd3,14.4956,14.5076,14.521,14.4074,14.4956,14.454
hot-wide-mode,8,current,1003a83830e8b12ae1cb86bdec98af3d649ae54404b59a1466ec31548b149353,3,1000000,1,3.00188,174000,07cb29779cdb3eae170efb2663e4cba81e63e44f2788c36bd3f8b5a276a0ccd3,2.81793,2.89239,2.81793,2.81874,2.80569,2.65586
hot-wide-mode,16,baseline,f9ed90d41e7bff92707a796e4677772351a23e53a6e148cf831a3feb92ae880e,3,1000000,1,32.41,353628,07cb29779cdb3eae170efb2663e4cba81e63e44f2788c36bd3f8b5a276a0ccd3,14.4524,14.4803,14.3535,14.4844,14.4275,14.4524
hot-wide-mode,16,current,1003a83830e8b12ae1cb86bdec98af3d649ae54404b59a1466ec31548b149353,3,1000000,1,1.82127,255648,07cb29779cdb3eae170efb2663e4cba81e63e44f2788c36bd3f8b5a276a0ccd3,1.54677,1.68318,1.55594,1.54524,1.54521,1.54677
hot-wide-mode,default,baseline,f9ed90d41e7bff92707a796e4677772351a23e53a6e148cf831a3feb92ae880e,3,1000000,1,32.4526,477004,07cb29779cdb3eae170efb2663e4cba81e63e44f2788c36bd3f8b5a276a0ccd3,14.4102,14.3694,14.3851,14.5428,14.4102,14.5034
hot-wide-mode,default,current,1003a83830e8b12ae1cb86bdec98af3d649ae54404b59a1466ec31548b149353,3,1000000,1,1.80628,379048,07cb29779cdb3eae170efb2663e4cba81e63e44f2788c36bd3f8b5a276a0ccd3,1.271,1.271,1.25462,1.27251,1.25004,1.34612
hot-top-bottom,1,baseline,f9ed90d41e7bff92707a796e4677772351a23e53a6e148cf831a3feb92ae880e,3,1000000,1,7.08298,89744,0deae406d093a497ed430a8dc03bcd2e046b57e6946851149c17ebb8f8a2a178,5.88321,5.90426,5.88321,5.88228,5.87999,5.89515
hot-top-bottom,1,current,1003a83830e8b12ae1cb86bdec98af3d649ae54404b59a1466ec31548b149353,3,1000000,1,7.10101,89468,0deae406d093a497ed430a8dc03bcd2e046b57e6946851149c17ebb8f8a2a178,5.84672,5.88836,5.872,5.84672,5.83724,5.83902
hot-top-bottom,2,baseline,f9ed90d41e7bff92707a796e4677772351a23e53a6e148cf831a3feb92ae880e,3,1000000,1,7.0241,99824,0deae406d093a497ed430a8dc03bcd2e046b57e6946851149c17ebb8f8a2a178,5.78022,5.78022,5.74664,5.73915,5.7812,5.79134
hot-top-bottom,2,current,1003a83830e8b12ae1cb86bdec98af3d649ae54404b59a1466ec31548b149353,3,1000000,1,4.30821,99984,0deae406d093a497ed430a8dc03bcd2e046b57e6946851149c17ebb8f8a2a178,3.10691,3.0903,3.15792,3.15777,3.10691,3.07746
hot-top-bottom,4,baseline,f9ed90d41e7bff92707a796e4677772351a23e53a6e148cf831a3feb92ae880e,3,1000000,1,6.96259,120348,0deae406d093a497ed430a8dc03bcd2e046b57e6946851149c17ebb8f8a2a178,5.83136,5.83136,5.85665,5.90132,5.82835,5.81463
hot-top-bottom,4,current,1003a83830e8b12ae1cb86bdec98af3d649ae54404b59a1466ec31548b149353,3,1000000,1,3.87523,118492,0deae406d093a497ed430a8dc03bcd2e046b57e6946851149c17ebb8f8a2a178,1.88272,2.63826,2.5572,1.88272,1.79813,1.80553
hot-top-bottom,8,baseline,f9ed90d41e7bff92707a796e4677772351a23e53a6e148cf831a3feb92ae880e,3,1000000,1,7.02172,161352,0deae406d093a497ed430a8dc03bcd2e046b57e6946851149c17ebb8f8a2a178,5.87601,5.91026,5.87916,5.87362,5.84668,5.87601
hot-top-bottom,8,current,1003a83830e8b12ae1cb86bdec98af3d649ae54404b59a1466ec31548b149353,3,1000000,1,3.01941,159820,0deae406d093a497ed430a8dc03bcd2e046b57e6946851149c17ebb8f8a2a178,1.28442,1.36739,1.36762,1.28442,1.21849,1.14865
hot-top-bottom,16,baseline,f9ed90d41e7bff92707a796e4677772351a23e53a6e148cf831a3feb92ae880e,3,1000000,1,7.04974,243496,0deae406d093a497ed430a8dc03bcd2e046b57e6946851149c17ebb8f8a2a178,5.7892,5.84847,5.81912,5.7892,5.77835,5.7729
hot-top-bottom,16,current,1003a83830e8b12ae1cb86bdec98af3d649ae54404b59a1466ec31548b149353,3,1000000,1,2.74825,241532,0deae406d093a497ed430a8dc03bcd2e046b57e6946851149c17ebb8f8a2a178,0.745631,0.821757,0.758318,0.745631,0.735026,0.740769
hot-top-bottom,default,baseline,f9ed90d41e7bff92707a796e4677772351a23e53a6e148cf831a3feb92ae880e,3,1000000,1,6.97963,366564,0deae406d093a497ed430a8dc03bcd2e046b57e6946851149c17ebb8f8a2a178,5.84257,5.85456,5.83253,5.84257,5.85639,5.80202
hot-top-bottom,default,current,1003a83830e8b12ae1cb86bdec98af3d649ae54404b59a1466ec31548b149353,3,1000000,1,3.75484,364796,0deae406d093a497ed430a8dc03bcd2e046b57e6946851149c17ebb8f8a2a178,0.60594,0.728736,0.632634,0.60594,0.577354,0.596893
hot-wide-top-bottom,1,baseline,f9ed90d41e7bff92707a796e4677772351a23e53a6e148cf831a3feb92ae880e,3,1000000,1,19.9263,118400,ad9fb3d60360f76b62f7ea7a2deb78bae4a64a5aa605bc8e6ec0ba68d55bba06,18.8677,19.5352,18.8677,18.6272,18.7407,19.515
hot-wide-top-bottom,1,current,1003a83830e8b12ae1cb86bdec98af3d649ae54404b59a1466ec31548b149353,3,1000000,1,19.5688,118408,ad9fb3d60360f76b62f7ea7a2deb78bae4a64a5aa605bc8e6ec0ba68d55bba06,18.6464,18.4567,19.1148,18.9272,18.5443,18.6464
hot-wide-top-bottom,2,baseline,f9ed90d41e7bff92707a796e4677772351a23e53a6e148cf831a3feb92ae880e,3,1000000,1,21.1308,128664,ad9fb3d60360f76b62f7ea7a2deb78bae4a64a5aa605bc8e6ec0ba68d55bba06,19.4594,20.0434,19.2795,19.2497,19.4594,19.7897
hot-wide-top-bottom,2,current,1003a83830e8b12ae1cb86bdec98af3d649ae54404b59a1466ec31548b149353,3,1000000,1,14.4274,128884,ad9fb3d60360f76b62f7ea7a2deb78bae4a64a5aa605bc8e6ec0ba68d55bba06,12.6936,12.6936,13.0649,13.7247,12.2151,12.3621
hot-wide-top-bottom,4,baseline,f9ed90d41e7bff92707a796e4677772351a23e53a6e148cf831a3feb92ae880e,3,1000000,1,19.6826,149428,ad9fb3d60360f76b62f7ea7a2deb78bae4a64a5aa605bc8e6ec0ba68d55bba06,18.9387,18.7658,19.0108,18.4964,19.1724,18.9387
hot-wide-top-bottom,4,current,1003a83830e8b12ae1cb86bdec98af3d649ae54404b59a1466ec31548b149353,3,1000000,1,6.7387,133096,ad9fb3d60360f76b62f7ea7a2deb78bae4a64a5aa605bc8e6ec0ba68d55bba06,6.61764,6.59598,6.61764,6.65744,6.66092,6.58753
hot-wide-top-bottom,8,baseline,f9ed90d41e7bff92707a796e4677772351a23e53a6e148cf831a3feb92ae880e,3,1000000,1,20.4273,189820,ad9fb3d60360f76b62f7ea7a2deb78bae4a64a5aa605bc8e6ec0ba68d55bba06,19.0817,19.094,18.6159,18.9116,19.0817,19.1216
hot-wide-top-bottom,8,current,1003a83830e8b12ae1cb86bdec98af3d649ae54404b59a1466ec31548b149353,3,1000000,1,3.66835,173916,ad9fb3d60360f76b62f7ea7a2deb78bae4a64a5aa605bc8e6ec0ba68d55bba06,4.06755,3.71608,4.12217,3.72027,4.21626,4.06755
hot-wide-top-bottom,16,baseline,f9ed90d41e7bff92707a796e4677772351a23e53a6e148cf831a3feb92ae880e,3,1000000,1,20.22,272400,ad9fb3d60360f76b62f7ea7a2deb78bae4a64a5aa605bc8e6ec0ba68d55bba06,18.8556,18.7548,18.9857,19.1333,18.7821,18.8556
hot-wide-top-bottom,16,current,1003a83830e8b12ae1cb86bdec98af3d649ae54404b59a1466ec31548b149353,3,1000000,1,2.56538,255836,ad9fb3d60360f76b62f7ea7a2deb78bae4a64a5aa605bc8e6ec0ba68d55bba06,2.23039,2.31741,2.29427,2.23039,2.19903,2.19728
hot-wide-top-bottom,default,baseline,f9ed90d41e7bff92707a796e4677772351a23e53a6e148cf831a3feb92ae880e,3,1000000,1,20.1625,395544,ad9fb3d60360f76b62f7ea7a2deb78bae4a64a5aa605bc8e6ec0ba68d55bba06,19.0481,19.0481,18.9425,19.4186,18.8304,20.3832
hot-wide-top-bottom,default,current,1003a83830e8b12ae1cb86bdec98af3d649ae54404b59a1466ec31548b149353,3,1000000,1,2.21912,379340,ad9fb3d60360f76b62f7ea7a2deb78bae4a64a5aa605bc8e6ec0ba68d55bba06,1.95512,1.88887,1.93051,1.95512,1.97215,2.04793
hot-symbol-top-bottom,1,baseline,f9ed90d41e7bff92707a796e4677772351a23e53a6e148cf831a3feb92ae880e,3,1000000,1,35.2429,97364,06a7912a56088c66cee0f2d2165ba95a5c4fd7a8f64efce4381781d6309d312b,35.4424,35.4424,34.7906,35.5772,35.2119,35.531
hot-symbol-top-bottom,1,current,1003a83830e8b12ae1cb86bdec98af3d649ae54404b59a1466ec31548b149353,3,1000000,1,34.1941,97836,06a7912a56088c66cee0f2d2165ba95a5c4fd7a8f64efce4381781d6309d312b,33.9562,33.9562,33.7809,33.6279,34.13,34.1578
hot-symbol-top-bottom,2,baseline,f9ed90d41e7bff92707a796e4677772351a23e53a6e148cf831a3feb92ae880e,3,1000000,1,35.5935,108204,06a7912a56088c66cee0f2d2165ba95a5c4fd7a8f64efce4381781d6309d312b,34.9613,34.9011,35.336,34.6649,34.9613,35.1195
hot-symbol-top-bottom,2,current,1003a83830e8b12ae1cb86bdec98af3d649ae54404b59a1466ec31548b149353,3,1000000,1,21.6777,108440,06a7912a56088c66cee0f2d2165ba95a5c4fd7a8f64efce4381781d6309d312b,20.5566,21.0289,20.3404,20.3897,21.0781,20.5566
hot-symbol-top-bottom,4,baseline,f9ed90d41e7bff92707a796e4677772351a23e53a6e148cf831a3feb92ae880e,3,1000000,1,35.9773,129008,06a7912a56088c66cee0f2d2165ba95a5c4fd7a8f64efce4381781d6309d312b,35.0072,35.0072,34.677,34.6805,35.0855,35.0944
hot-symbol-top-bottom,4,current,1003a83830e8b12ae1cb86bdec98af3d649ae54404b59a1466ec31548b149353,3,1000000,1,13.3514,120804,06a7912a56088c66cee0f2d2165ba95a5c4fd7a8f64efce4381781d6309d312b,10.695,12.2672,11.6457,10.6108,10.695,10.45
hot-symbol-top-bottom,8,baseline,f9ed90d41e7bff92707a796e4677772351a23e53a6e148cf831a3feb92ae880e,3,1000000,1,35.9618,169088,06a7912a56088c66cee0f2d2165ba95a5c4fd7a8f64efce4381781d6309d312b,34.8364,34.8788,35.4929,34.6736,34.8364,34.8182
hot-symbol-top-bottom,8,current,1003a83830e8b12ae1cb86bdec98af3d649ae54404b59a1466ec31548b149353,3,1000000,1,6.48601,161120,06a7912a56088c66cee0f2d2165ba95a5c4fd7a8f64efce4381781d6309d312b,6.07112,6.12245,5.99534,6.14002,6.07112,5.58467
hot-symbol-top-bottom,16,baseline,f9ed90d41e7bff92707a796e4677772351a23e53a6e148cf831a3feb92ae880e,3,1000000,1,34.7294,251692,06a7912a56088c66cee0f2d2165ba95a5c4fd7a8f64efce4381781d6309d312b,34.6876,35.1222,34.6876,35.0833,34.6206,34.4978
hot-symbol-top-bottom,16,current,1003a83830e8b12ae1cb86bdec98af3d649ae54404b59a1466ec31548b149353,3,1000000,1,3.67376,243864,06a7912a56088c66cee0f2d2165ba95a5c4fd7a8f64efce4381781d6309d312b,3.48573,3.51139,3.468,3.48573,3.49338,3.4731
hot-symbol-top-bottom,default,baseline,f9ed90d41e7bff92707a796e4677772351a23e53a6e148cf831a3feb92ae880e,3,1000000,1,35.3818,375272,06a7912a56088c66cee0f2d2165ba95a5c4fd7a8f64efce4381781d6309d312b,34.8644,34.8185,34.9852,34.4693,34.8644,34.8991
hot-symbol-top-bottom,default,current,1003a83830e8b12ae1cb86bdec98af3d649ae54404b59a1466ec31548b149353,3,1000000,1,3.09585,367060,06a7912a56088c66cee0f2d2165ba95a5c4fd7a8f64efce4381781d6309d312b,2.48572,2.48572,2.55321,2.49722,2.46821,2.46494
hot-max-k,1,baseline,f9ed90d41e7bff92707a796e4677772351a23e53a6e148cf831a3feb92ae880e,3,1000000,1,7.40069,89476,ff1bd50e8a74ef503fc27771e6f3ebba13e6b12e3e5070f643274620ae076e32,6.22762,6.2146,6.212,7.26107,6.55807,6.22762
hot-max-k,1,current,1003a83830e8b12ae1cb86bdec98af3d649ae54404b59a1466ec31548b149353,3,1000000,1,7.44743,89488,ff1bd50e8a74ef503fc27771e6f3ebba13e6b12e3e5070f643274620ae076e32,6.26316,6.28222,6.26241,6.23124,6.29532,6.26316
hot-max-k,2,baseline,f9ed90d41e7bff92707a796e4677772351a23e53a6e148cf831a3feb92ae880e,3,1000000,1,7.59539,99796,ff1bd50e8a74ef503fc27771e6f3ebba13e6b12e3e5070f643274620ae076e32,6.26401,6.26628,6.26401,6.52516,6.15145,6.19065
hot-max-k,2,current,1003a83830e8b12ae1cb86bdec98af3d649ae54404b59a1466ec31548b149353,3,1000000,1,4.69163,99984,ff1bd50e8a74ef503fc27771e6f3ebba13e6b12e3e5070f643274620ae076e32,3.42091,3.4128,3.48911,3.45059,3.42091,3.38505
hot-max-k,4,baseline,f9ed90d41e7bff92707a796e4677772351a23e53a6e148cf831a3feb92ae880e,3,1000000,1,7.42052,120824,ff1bd50e8a74ef503fc27771e6f3ebba13e6b12e3e5070f643274620ae076e32,6.21471,6.18564,6.25544,6.34384,6.21471,6.19023
hot-max-k,4,current,1003a83830e8b12ae1cb86bdec98af3d649ae54404b59a1466ec31548b149353,3,1000000,1,4.14981,118760,ff1bd50e8a74ef503fc27771e6f3ebba13e6b12e3e5070f643274620ae076e32,2.60527,2.7035,2.63236,2.60527,2.22703,2.10047
hot-max-k,8,baseline,f9ed90d41e7bff92707a796e4677772351a23e53a6e148cf831a3feb92ae880e,3,1000000,1,7.43164,161632,ff1bd50e8a74ef503fc27771e6f3ebba13e6b12e3e5070f643274620ae076e32,6.24115,6.24115,6.23406,6.42683,6.24096,6.24547
hot-max-k,8,current,1003a83830e8b12ae1cb86bdec98af3d649ae54404b59a1466ec31548b149353,3,1000000,1,2.98685,159360,ff1bd50e8a74ef503fc27771e6f3ebba13e6b12e3e5070f643274620ae076e32,1.69518,1.79051,1.79706,1.69518,1.68616,1.68608
hot-max-k,16,baseline,f9ed90d41e7bff92707a796e4677772351a23e53a6e148cf831a3feb92ae880e,3,1000000,1,7.3535,243832,ff1bd50e8a74ef503fc27771e6f3ebba13e6b12e3e5070f643274620ae076e32,6.22784,6.20753,6.24513,6.22784,6.27611,6.21387
hot-max-k,16,current,1003a83830e8b12ae1cb86bdec98af3d649ae54404b59a1466ec31548b149353,3,1000000,1,2.99184,241620,ff1bd50e8a74ef503fc27771e6f3ebba13e6b12e3e5070f643274620ae076e32,1.22919,1.3439,1.22289,1.22713,1.22919,1.27677
hot-max-k,default,baseline,f9ed90d41e7bff92707a796e4677772351a23e53a6e148cf831a3feb92ae880e,3,1000000,1,7.34957,367056,ff1bd50e8a74ef503fc27771e6f3ebba13e6b12e3e5070f643274620ae076e32,6.1794,6.17579,6.20441,6.15086,6.1794,6.65367
hot-max-k,default,current,1003a83830e8b12ae1cb86bdec98af3d649ae54404b59a1466ec31548b149353,3,1000000,1,4.85503,364676,ff1bd50e8a74ef503fc27771e6f3ebba13e6b12e3e5070f643274620ae076e32,1.25868,1.31202,1.23995,1.25868,1.22651,1.27792
